ArgumentError	i	
ArgumentError	s	
ArgumentError	p	
ArgumentError	c	
ArgumentError	I	!,!=,!~,<=>,==,===,__id__,__send__,backtrace,backtrace_locations,cause,class,clone,define_singleton_method,detailed_message,display,dup,enum_for,eql?,equal?,exception,extend,freeze,frozen?,full_message,hash,inspect,instance_eval,instance_exec,instance_of?,instance_variable_defined?,instance_variable_get,instance_variable_set,instance_variables,is_a?,itself,kind_of?,message,method,methods,nil?,object_id,private_methods,protected_methods,public_method,public_methods,public_send,remove_instance_variable,respond_to?,send,set_backtrace,singleton_class,singleton_method,singleton_methods,tap,then,to_enum,to_s,yield_self
ArgumentError	S	!,!=,!~,<,<=,<=>,==,===,>,>=,__id__,__send__,alias_method,allocate,ancestors,attached_object,attr,attr_accessor,attr_reader,attr_writer,autoload,autoload?,class,class_eval,class_exec,class_variable_defined?,class_variable_get,class_variable_set,class_variables,clone,const_defined?,const_get,const_missing,const_set,const_source_location,constants,define_method,define_singleton_method,deprecate_constant,display,dup,enum_for,eql?,equal?,exception,extend,freeze,frozen?,hash,include,include?,included_modules,inspect,instance_eval,instance_exec,instance_method,instance_methods,instance_of?,instance_variable_defined?,instance_variable_get,instance_variable_set,instance_variables,is_a?,itself,kind_of?,method,method_defined?,methods,module_eval,module_exec,name,new,nil?,object_id,prepend,private_class_method,private_constant,private_instance_methods,private_method_defined?,private_methods,protected_instance_methods,protected_method_defined?,protected_methods,public_class_method,public_constant,public_instance_method,public_instance_methods,public_method,public_method_defined?,public_methods,public_send,refinements,remove_class_variable,remove_instance_variable,remove_method,respond_to?,send,set_temporary_name,singleton_class,singleton_class?,singleton_method,singleton_methods,subclasses,superclass,tap,then,to_enum,to_s,to_tty?,undef_method,undefined_instance_methods,yield_self
ArgumentError	P	Array,Complex,Float,Hash,Integer,Pathname,Rational,String,__callee__,__dir__,__method__,`,abort,at_exit,autoload,autoload?,binding,block_given?,caller,caller_locations,catch,eval,exec,exit,exit!,fail,fork,format,gets,global_variables,initialize,initialize_clone,initialize_copy,initialize_dup,instance_variables_to_inspect,iterator?,lambda,load,local_variables,loop,method_missing,open,p,pp,print,printf,proc,putc,puts,raise,rand,readline,readlines,require,require_relative,respond_to_missing?,select,set_trace_func,singleton_method_added,singleton_method_removed,singleton_method_undefined,sleep,spawn,sprintf,srand,syscall,system,test,throw,trace_var,trap,untrace_var,warn
Array	i	&,*,+,-,<<,<=>,==,[],[]=,all?,any?,append,assoc,at,bsearch,bsearch_index,clear,collect,collect!,combination,compact,compact!,concat,count,cycle,deconstruct,delete,delete_at,delete_if,detect,difference,dig,drop,drop_while,each,each_index,empty?,eql?,fetch,fetch_values,fill,filter,filter!,find,find_index,first,flatten,flatten!,freeze,hash,include?,index,insert,inspect,intersect?,intersection,join,keep_if,last,length,map,map!,max,min,minmax,none?,one?,pack,permutation,pop,prepend,product,push,rassoc,reject,reject!,repeated_combination,repeated_permutation,replace,reverse,reverse!,reverse_each,rfind,rindex,rotate,rotate!,sample,select,select!,shift,shuffle,shuffle!,size,slice,slice!,sort,sort!,sort_by!,sum,take,take_while,to_a,to_ary,to_h,to_s,transpose,union,uniq,uniq!,unshift,values_at,zip,|
Array	s	[],new,try_convert
Array	p	initialize,initialize_copy
Array	c	
Array	I	!,!=,!~,&,*,+,-,<<,<=>,==,===,[],[]=,__id__,__send__,all?,any?,append,assoc,at,bsearch,bsearch_index,chain,chunk,chunk_while,class,clear,clone,collect,collect!,collect_concat,combination,compact,compact!,concat,count,cycle,deconstruct,define_singleton_method,delete,delete_at,delete_if,detect,difference,dig,display,drop,drop_while,dup,each,each_cons,each_entry,each_index,each_slice,each_with_index,each_with_object,empty?,entries,enum_for,eql?,equal?,extend,fetch,fetch_values,fill,filter,filter!,filter_map,find,find_all,find_index,first,flat_map,flatten,flatten!,freeze,frozen?,grep,grep_v,group_by,hash,include?,index,inject,insert,inspect,instance_eval,instance_exec,instance_of?,instance_variable_defined?,instance_variable_get,instance_variable_set,instance_variables,intersect?,intersection,is_a?,itself,join,keep_if,kind_of?,last,lazy,length,map,map!,max,max_by,member?,method,methods,min,min_by,minmax,minmax_by,nil?,none?,object_id,one?,pack,partition,permutation,pop,prepend,private_methods,product,protected_methods,public_method,public_methods,public_send,push,rassoc,reduce,reject,reject!,remove_instance_variable,repeated_combination,repeated_permutation,replace,respond_to?,reverse,reverse!,reverse_each,rfind,rindex,rotate,rotate!,sample,select,select!,send,shift,shuffle,shuffle!,singleton_class,singleton_method,singleton_methods,size,slice,slice!,slice_after,slice_before,slice_when,sort,sort!,sort_by,sort_by!,sum,take,take_while,tally,tap,then,to_a,to_ary,to_enum,to_h,to_s,to_set,transpose,union,uniq,uniq!,unshift,values_at,yield_self,zip,|
Array	S	!,!=,!~,<,<=,<=>,==,===,>,>=,[],__id__,__send__,alias_method,allocate,ancestors,attached_object,attr,attr_accessor,attr_reader,attr_writer,autoload,autoload?,class,class_eval,class_exec,class_variable_defined?,class_variable_get,class_variable_set,class_variables,clone,const_defined?,const_get,const_missing,const_set,const_source_location,constants,define_method,define_singleton_method,deprecate_constant,display,dup,enum_for,eql?,equal?,extend,freeze,frozen?,hash,include,include?,included_modules,inspect,instance_eval,instance_exec,instance_method,instance_methods,instance_of?,instance_variable_defined?,instance_variable_get,instance_variable_set,instance_variables,is_a?,itself,kind_of?,method,method_defined?,methods,module_eval,module_exec,name,new,nil?,object_id,prepend,private_class_method,private_constant,private_instance_methods,private_method_defined?,private_methods,protected_instance_methods,protected_method_defined?,protected_methods,public_class_method,public_constant,public_instance_method,public_instance_methods,public_method,public_method_defined?,public_methods,public_send,refinements,remove_class_variable,remove_instance_variable,remove_method,respond_to?,send,set_temporary_name,singleton_class,singleton_class?,singleton_method,singleton_methods,subclasses,superclass,tap,then,to_enum,to_s,try_convert,undef_method,undefined_instance_methods,yield_self
Array	P	Array,Complex,Float,Hash,Integer,Pathname,Rational,String,__callee__,__dir__,__method__,`,abort,at_exit,autoload,autoload?,binding,block_given?,caller,caller_locations,catch,eval,exec,exit,exit!,fail,fork,format,gets,global_variables,initialize,initialize_clone,initialize_copy,initialize_dup,instance_variables_to_inspect,iterator?,lambda,load,local_variables,loop,method_missing,open,p,pp,print,printf,proc,putc,puts,raise,rand,readline,readlines,require,require_relative,respond_to_missing?,set_trace_func,singleton_method_added,singleton_method_removed,singleton_method_undefined,sleep,spawn,sprintf,srand,syscall,system,test,throw,trace_var,trap,untrace_var,warn
BasicObject	i	!,!=,==,__id__,__send__,equal?,instance_eval,instance_exec
BasicObject	s	
BasicObject	p	initialize,method_missing,singleton_method_added,singleton_method_removed,singleton_method_undefined
BasicObject	c	BasicObject
BasicObject	I	!,!=,==,__id__,__send__,equal?,instance_eval,instance_exec
BasicObject	S	!,!=,!~,<,<=,<=>,==,===,>,>=,__id__,__send__,alias_method,allocate,ancestors,attached_object,attr,attr_accessor,attr_reader,attr_writer,autoload,autoload?,class,class_eval,class_exec,class_variable_defined?,class_variable_get,class_variable_set,class_variables,clone,const_defined?,const_get,const_missing,const_set,const_source_location,constants,define_method,define_singleton_method,deprecate_constant,display,dup,enum_for,eql?,equal?,extend,freeze,frozen?,hash,include,include?,included_modules,inspect,instance_eval,instance_exec,instance_method,instance_methods,instance_of?,instance_variable_defined?,instance_variable_get,instance_variable_set,instance_variables,is_a?,itself,kind_of?,method,method_defined?,methods,module_eval,module_exec,name,new,nil?,object_id,prepend,private_class_method,private_constant,private_instance_methods,private_method_defined?,private_methods,protected_instance_methods,protected_method_defined?,protected_methods,public_class_method,public_constant,public_instance_method,public_instance_methods,public_method,public_method_defined?,public_methods,public_send,refinements,remove_class_variable,remove_instance_variable,remove_method,respond_to?,send,set_temporary_name,singleton_class,singleton_class?,singleton_method,singleton_methods,subclasses,superclass,tap,then,to_enum,to_s,undef_method,undefined_instance_methods,yield_self
BasicObject	P	initialize,method_missing,singleton_method_added,singleton_method_removed,singleton_method_undefined
Binding	i	clone,dup,eval,implicit_parameter_defined?,implicit_parameter_get,implicit_parameters,irb,local_variable_defined?,local_variable_get,local_variable_set,local_variables,receiver,source_location
Binding	s	
Binding	p	
Binding	c	
Binding	I	!,!=,!~,<=>,==,===,__id__,__send__,class,clone,define_singleton_method,display,dup,enum_for,eql?,equal?,eval,extend,freeze,frozen?,hash,implicit_parameter_defined?,implicit_parameter_get,implicit_parameters,inspect,instance_eval,instance_exec,instance_of?,instance_variable_defined?,instance_variable_get,instance_variable_set,instance_variables,irb,is_a?,itself,kind_of?,local_variable_defined?,local_variable_get,local_variable_set,local_variables,method,methods,nil?,object_id,private_methods,protected_methods,public_method,public_methods,public_send,receiver,remove_instance_variable,respond_to?,send,singleton_class,singleton_method,singleton_methods,source_location,tap,then,to_enum,to_s,yield_self
Binding	S	!,!=,!~,<,<=,<=>,==,===,>,>=,__id__,__send__,alias_method,allocate,ancestors,attached_object,attr,attr_accessor,attr_reader,attr_writer,autoload,autoload?,class,class_eval,class_exec,class_variable_defined?,class_variable_get,class_variable_set,class_variables,clone,const_defined?,const_get,const_missing,const_set,const_source_location,constants,define_method,define_singleton_method,deprecate_constant,display,dup,enum_for,eql?,equal?,extend,freeze,frozen?,hash,include,include?,included_modules,inspect,instance_eval,instance_exec,instance_method,instance_methods,instance_of?,instance_variable_defined?,instance_variable_get,instance_variable_set,instance_variables,is_a?,itself,kind_of?,method,method_defined?,methods,module_eval,module_exec,name,nil?,object_id,prepend,private_class_method,private_constant,private_instance_methods,private_method_defined?,private_methods,protected_instance_methods,protected_method_defined?,protected_methods,public_class_method,public_constant,public_instance_method,public_instance_methods,public_method,public_method_defined?,public_methods,public_send,refinements,remove_class_variable,remove_instance_variable,remove_method,respond_to?,send,set_temporary_name,singleton_class,singleton_class?,singleton_method,singleton_methods,subclasses,superclass,tap,then,to_enum,to_s,undef_method,undefined_instance_methods,yield_self
Binding	P	Array,Complex,Float,Hash,Integer,Pathname,Rational,String,__callee__,__dir__,__method__,`,abort,at_exit,autoload,autoload?,binding,block_given?,caller,caller_locations,catch,exec,exit,exit!,fail,fork,format,gets,global_variables,initialize,initialize_clone,initialize_copy,initialize_dup,instance_variables_to_inspect,iterator?,lambda,load,loop,method_missing,open,p,pp,print,printf,proc,putc,puts,raise,rand,readline,readlines,require,require_relative,respond_to_missing?,select,set_trace_func,singleton_method_added,singleton_method_removed,singleton_method_undefined,sleep,spawn,sprintf,srand,syscall,system,test,throw,trace_var,trap,untrace_var,warn
Class	i	allocate,attached_object,new,subclasses,superclass
Class	s	allocate
Class	p	inherited,initialize
Class	c	
Class	I	!,!=,!~,<,<=,<=>,==,===,>,>=,__id__,__send__,alias_method,allocate,ancestors,attached_object,attr,attr_accessor,attr_reader,attr_writer,autoload,autoload?,class,class_eval,class_exec,class_variable_defined?,class_variable_get,class_variable_set,class_variables,clone,const_defined?,const_get,const_missing,const_set,const_source_location,constants,define_method,define_singleton_method,deprecate_constant,display,dup,enum_for,eql?,equal?,extend,freeze,frozen?,hash,include,include?,included_modules,inspect,instance_eval,instance_exec,instance_method,instance_methods,instance_of?,instance_variable_defined?,instance_variable_get,instance_variable_set,instance_variables,is_a?,itself,kind_of?,method,method_defined?,methods,module_eval,module_exec,name,new,nil?,object_id,prepend,private_class_method,private_constant,private_instance_methods,private_method_defined?,private_methods,protected_instance_methods,protected_method_defined?,protected_methods,public_class_method,public_constant,public_instance_method,public_instance_methods,public_method,public_method_defined?,public_methods,public_send,refinements,remove_class_variable,remove_instance_variable,remove_method,respond_to?,send,set_temporary_name,singleton_class,singleton_class?,singleton_method,singleton_methods,subclasses,superclass,tap,then,to_enum,to_s,undef_method,undefined_instance_methods,yield_self
Class	S	!,!=,!~,<,<=,<=>,==,===,>,>=,__id__,__send__,alias_method,allocate,ancestors,attached_object,attr,attr_accessor,attr_reader,attr_writer,autoload,autoload?,class,class_eval,class_exec,class_variable_defined?,class_variable_get,class_variable_set,class_variables,clone,const_defined?,const_get,const_missing,const_set,const_source_location,constants,define_method,define_singleton_method,deprecate_constant,display,dup,enum_for,eql?,equal?,extend,freeze,frozen?,hash,include,include?,included_modules,inspect,instance_eval,instance_exec,instance_method,instance_methods,instance_of?,instance_variable_defined?,instance_variable_get,instance_variable_set,instance_variables,is_a?,itself,kind_of?,method,method_defined?,methods,module_eval,module_exec,name,nesting,new,nil?,object_id,prepend,private_class_method,private_constant,private_instance_methods,private_method_defined?,private_methods,protected_instance_methods,protected_method_defined?,protected_methods,public_class_method,public_constant,public_instance_method,public_instance_methods,public_method,public_method_defined?,public_methods,public_send,refinements,remove_class_variable,remove_instance_variable,remove_method,respond_to?,send,set_temporary_name,singleton_class,singleton_class?,singleton_method,singleton_methods,subclasses,superclass,tap,then,to_enum,to_s,undef_method,undefined_instance_methods,used_modules,used_refinements,yield_self
Class	P	Array,Complex,Float,Hash,Integer,Pathname,Rational,String,__callee__,__dir__,__method__,`,abort,at_exit,binding,block_given?,caller,caller_locations,catch,const_added,eval,exec,exit,exit!,extended,fail,fork,format,gets,global_variables,included,inherited,initialize,initialize_clone,initialize_copy,initialize_dup,instance_variables_to_inspect,iterator?,lambda,load,local_variables,loop,method_added,method_missing,method_removed,method_undefined,open,p,pp,prepended,print,printf,private,proc,protected,public,putc,puts,raise,rand,readline,readlines,remove_const,require,require_relative,respond_to_missing?,ruby2_keywords,select,set_trace_func,singleton_method_added,singleton_method_removed,singleton_method_undefined,sleep,spawn,sprintf,srand,syscall,system,test,throw,trace_var,trap,untrace_var,using,warn
ClosedQueueError	i	
ClosedQueueError	s	
ClosedQueueError	p	
ClosedQueueError	c	
ClosedQueueError	I	!,!=,!~,<=>,==,===,__id__,__send__,backtrace,backtrace_locations,cause,class,clone,define_singleton_method,detailed_message,display,dup,enum_for,eql?,equal?,exception,extend,freeze,frozen?,full_message,hash,inspect,instance_eval,instance_exec,instance_of?,instance_variable_defined?,instance_variable_get,instance_variable_set,instance_variables,is_a?,itself,kind_of?,message,method,methods,nil?,object_id,private_methods,protected_methods,public_method,public_methods,public_send,remove_instance_variable,respond_to?,result,send,set_backtrace,singleton_class,singleton_method,singleton_methods,tap,then,to_enum,to_s,yield_self
ClosedQueueError	S	!,!=,!~,<,<=,<=>,==,===,>,>=,__id__,__send__,alias_method,allocate,ancestors,attached_object,attr,attr_accessor,attr_reader,attr_writer,autoload,autoload?,class,class_eval,class_exec,class_variable_defined?,class_variable_get,class_variable_set,class_variables,clone,const_defined?,const_get,const_missing,const_set,const_source_location,constants,define_method,define_singleton_method,deprecate_constant,display,dup,enum_for,eql?,equal?,exception,extend,freeze,frozen?,hash,include,include?,included_modules,inspect,instance_eval,instance_exec,instance_method,instance_methods,instance_of?,instance_variable_defined?,instance_variable_get,instance_variable_set,instance_variables,is_a?,itself,kind_of?,method,method_defined?,methods,module_eval,module_exec,name,new,nil?,object_id,prepend,private_class_method,private_constant,private_instance_methods,private_method_defined?,private_methods,protected_instance_methods,protected_method_defined?,protected_methods,public_class_method,public_constant,public_instance_method,public_instance_methods,public_method,public_method_defined?,public_methods,public_send,refinements,remove_class_variable,remove_instance_variable,remove_method,respond_to?,send,set_temporary_name,singleton_class,singleton_class?,singleton_method,singleton_methods,subclasses,superclass,tap,then,to_enum,to_s,to_tty?,undef_method,undefined_instance_methods,yield_self
ClosedQueueError	P	Array,Complex,Float,Hash,Integer,Pathname,Rational,String,__callee__,__dir__,__method__,`,abort,at_exit,autoload,autoload?,binding,block_given?,caller,caller_locations,catch,eval,exec,exit,exit!,fail,fork,format,gets,global_variables,initialize,initialize_clone,initialize_copy,initialize_dup,instance_variables_to_inspect,iterator?,lambda,load,local_variables,loop,method_missing,open,p,pp,print,printf,proc,putc,puts,raise,rand,readline,readlines,require,require_relative,respond_to_missing?,select,set_trace_func,singleton_method_added,singleton_method_removed,singleton_method_undefined,sleep,spawn,sprintf,srand,syscall,system,test,throw,trace_var,trap,untrace_var,warn
Comparable	i	<,<=,==,>,>=,between?,clamp
Comparable	s	
Comparable	p	
Comparable	c	
Comparable	I	<,<=,==,>,>=,between?,clamp
Comparable	S	!,!=,!~,<,<=,<=>,==,===,>,>=,__id__,__send__,alias_method,ancestors,attr,attr_accessor,attr_reader,attr_writer,autoload,autoload?,class,class_eval,class_exec,class_variable_defined?,class_variable_get,class_variable_set,class_variables,clone,const_defined?,const_get,const_missing,const_set,const_source_location,constants,define_method,define_singleton_method,deprecate_constant,display,dup,enum_for,eql?,equal?,extend,freeze,frozen?,hash,include,include?,included_modules,inspect,instance_eval,instance_exec,instance_method,instance_methods,instance_of?,instance_variable_defined?,instance_variable_get,instance_variable_set,instance_variables,is_a?,itself,kind_of?,method,method_defined?,methods,module_eval,module_exec,name,nil?,object_id,prepend,private_class_method,private_constant,private_instance_methods,private_method_defined?,private_methods,protected_instance_methods,protected_method_defined?,protected_methods,public_class_method,public_constant,public_instance_method,public_instance_methods,public_method,public_method_defined?,public_methods,public_send,refinements,remove_class_variable,remove_instance_variable,remove_method,respond_to?,send,set_temporary_name,singleton_class,singleton_class?,singleton_method,singleton_methods,tap,then,to_enum,to_s,undef_method,undefined_instance_methods,yield_self
Comparable	P	
Complex	i	*,**,+,-,-@,/,<=>,==,abs,abs2,angle,arg,coerce,conj,conjugate,denominator,eql?,fdiv,finite?,hash,imag,imaginary,infinite?,inspect,magnitude,numerator,phase,polar,quo,rationalize,real,real?,rect,rectangular,to_c,to_f,to_i,to_r,to_s
Complex	s	polar,rect,rectangular
Complex	p	marshal_dump
Complex	c	I
Complex	I	!,!=,!~,*,**,+,+@,-,-@,/,<=>,==,===,__id__,__send__,abs,abs2,angle,arg,class,clone,coerce,conj,conjugate,define_singleton_method,denominator,display,dup,enum_for,eql?,equal?,extend,fdiv,finite?,freeze,frozen?,hash,imag,imaginary,infinite?,inspect,instance_eval,instance_exec,instance_of?,instance_variable_defined?,instance_variable_get,instance_variable_set,instance_variables,integer?,is_a?,itself,kind_of?,magnitude,method,methods,nil?,nonzero?,numerator,object_id,phase,polar,private_methods,protected_methods,public_method,public_methods,public_send,quo,rationalize,real,real?,rect,rectangular,remove_instance_variable,respond_to?,send,singleton_class,singleton_method,singleton_method_added,singleton_methods,tap,then,to_c,to_enum,to_f,to_i,to_int,to_r,to_s,yield_self,zero?
Complex	S	!,!=,!~,<,<=,<=>,==,===,>,>=,__id__,__send__,alias_method,ancestors,attached_object,attr,attr_accessor,attr_reader,attr_writer,autoload,autoload?,class,class_eval,class_exec,class_variable_defined?,class_variable_get,class_variable_set,class_variables,clone,const_defined?,const_get,const_missing,const_set,const_source_location,constants,define_method,define_singleton_method,deprecate_constant,display,dup,enum_for,eql?,equal?,extend,freeze,frozen?,hash,include,include?,included_modules,inspect,instance_eval,instance_exec,instance_method,instance_methods,instance_of?,instance_variable_defined?,instance_variable_get,instance_variable_set,instance_variables,is_a?,itself,kind_of?,method,method_defined?,methods,module_eval,module_exec,name,nil?,object_id,polar,prepend,private_class_method,private_constant,private_instance_methods,private_method_defined?,private_methods,protected_instance_methods,protected_method_defined?,protected_methods,public_class_method,public_constant,public_instance_method,public_instance_methods,public_method,public_method_defined?,public_methods,public_send,rect,rectangular,refinements,remove_class_variable,remove_instance_variable,remove_method,respond_to?,send,set_temporary_name,singleton_class,singleton_class?,singleton_method,singleton_methods,subclasses,superclass,tap,then,to_enum,to_s,undef_method,undefined_instance_methods,yield_self
Complex	P	Array,Complex,Float,Hash,Integer,Pathname,Rational,String,__callee__,__dir__,__method__,`,abort,at_exit,autoload,autoload?,binding,block_given?,caller,caller_locations,catch,eval,exec,exit,exit!,fail,fork,format,gets,global_variables,initialize,initialize_clone,initialize_copy,initialize_dup,instance_variables_to_inspect,iterator?,lambda,load,local_variables,loop,marshal_dump,method_missing,open,p,pp,print,printf,proc,putc,puts,raise,rand,readline,readlines,require,require_relative,respond_to_missing?,select,set_trace_func,singleton_method_removed,singleton_method_undefined,sleep,spawn,sprintf,srand,syscall,system,test,throw,trace_var,trap,untrace_var,warn
Data	i	==,deconstruct,deconstruct_keys,eql?,hash,inspect,members,to_h,to_s,with
Data	s	define
Data	p	initialize,initialize_copy
Data	c	
Data	I	!,!=,!~,<=>,==,===,__id__,__send__,class,clone,deconstruct,deconstruct_keys,define_singleton_method,display,dup,enum_for,eql?,equal?,extend,freeze,frozen?,hash,inspect,instance_eval,instance_exec,instance_of?,instance_variable_defined?,instance_variable_get,instance_variable_set,instance_variables,is_a?,itself,kind_of?,members,method,methods,nil?,object_id,private_methods,protected_methods,public_method,public_methods,public_send,remove_instance_variable,respond_to?,send,singleton_class,singleton_method,singleton_methods,tap,then,to_enum,to_h,to_s,with,yield_self
Data	S	!,!=,!~,<,<=,<=>,==,===,>,>=,__id__,__send__,alias_method,allocate,ancestors,attached_object,attr,attr_accessor,attr_reader,attr_writer,autoload,autoload?,class,class_eval,class_exec,class_variable_defined?,class_variable_get,class_variable_set,class_variables,clone,const_defined?,const_get,const_missing,const_set,const_source_location,constants,define,define_method,define_singleton_method,deprecate_constant,display,dup,enum_for,eql?,equal?,extend,freeze,frozen?,hash,include,include?,included_modules,inspect,instance_eval,instance_exec,instance_method,instance_methods,instance_of?,instance_variable_defined?,instance_variable_get,instance_variable_set,instance_variables,is_a?,itself,kind_of?,method,method_defined?,methods,module_eval,module_exec,name,nil?,object_id,prepend,private_class_method,private_constant,private_instance_methods,private_method_defined?,private_methods,protected_instance_methods,protected_method_defined?,protected_methods,public_class_method,public_constant,public_instance_method,public_instance_methods,public_method,public_method_defined?,public_methods,public_send,refinements,remove_class_variable,remove_instance_variable,remove_method,respond_to?,send,set_temporary_name,singleton_class,singleton_class?,singleton_method,singleton_methods,subclasses,superclass,tap,then,to_enum,to_s,undef_method,undefined_instance_methods,yield_self
Data	P	Array,Complex,Float,Hash,Integer,Pathname,Rational,String,__callee__,__dir__,__method__,`,abort,at_exit,autoload,autoload?,binding,block_given?,caller,caller_locations,catch,eval,exec,exit,exit!,fail,fork,format,gets,global_variables,initialize,initialize_clone,initialize_copy,initialize_dup,instance_variables_to_inspect,iterator?,lambda,load,local_variables,loop,method_missing,open,p,pp,print,printf,proc,putc,puts,raise,rand,readline,readlines,require,require_relative,respond_to_missing?,select,set_trace_func,singleton_method_added,singleton_method_removed,singleton_method_undefined,sleep,spawn,sprintf,srand,syscall,system,test,throw,trace_var,trap,untrace_var,warn
Dir	i	chdir,children,close,each,each_child,fileno,inspect,path,pos,pos=,read,rewind,seek,tell,to_path
Dir	s	[],chdir,children,chroot,delete,each_child,empty?,entries,exist?,fchdir,for_fd,foreach,getwd,glob,home,mkdir,open,pwd,rmdir,unlink
Dir	p	initialize
Dir	c	
Dir	I	!,!=,!~,<=>,==,===,__id__,__send__,all?,any?,chain,chdir,children,chunk,chunk_while,class,clone,close,collect,collect_concat,compact,count,cycle,define_singleton_method,detect,display,drop,drop_while,dup,each,each_child,each_cons,each_entry,each_slice,each_with_index,each_with_object,entries,enum_for,eql?,equal?,extend,fileno,filter,filter_map,find,find_all,find_index,first,flat_map,freeze,frozen?,grep,grep_v,group_by,hash,include?,inject,inspect,instance_eval,instance_exec,instance_of?,instance_variable_defined?,instance_variable_get,instance_variable_set,instance_variables,is_a?,itself,kind_of?,lazy,map,max,max_by,member?,method,methods,min,min_by,minmax,minmax_by,nil?,none?,object_id,one?,partition,path,pos,pos=,private_methods,protected_methods,public_method,public_methods,public_send,read,reduce,reject,remove_instance_variable,respond_to?,reverse_each,rewind,seek,select,send,singleton_class,singleton_method,singleton_methods,slice_after,slice_before,slice_when,sort,sort_by,sum,take,take_while,tally,tap,tell,then,to_a,to_enum,to_h,to_path,to_s,to_set,uniq,yield_self,zip
Dir	S	!,!=,!~,<,<=,<=>,==,===,>,>=,[],__id__,__send__,alias_method,allocate,ancestors,attached_object,attr,attr_accessor,attr_reader,attr_writer,autoload,autoload?,chdir,children,chroot,class,class_eval,class_exec,class_variable_defined?,class_variable_get,class_variable_set,class_variables,clone,const_defined?,const_get,const_missing,const_set,const_source_location,constants,define_method,define_singleton_method,delete,deprecate_constant,display,dup,each_child,empty?,entries,enum_for,eql?,equal?,exist?,extend,fchdir,for_fd,foreach,freeze,frozen?,getwd,glob,hash,home,include,include?,included_modules,inspect,instance_eval,instance_exec,instance_method,instance_methods,instance_of?,instance_variable_defined?,instance_variable_get,instance_variable_set,instance_variables,is_a?,itself,kind_of?,method,method_defined?,methods,mkdir,module_eval,module_exec,name,new,nil?,object_id,open,prepend,private_class_method,private_constant,private_instance_methods,private_method_defined?,private_methods,protected_instance_methods,protected_method_defined?,protected_methods,public_class_method,public_constant,public_instance_method,public_instance_methods,public_method,public_method_defined?,public_methods,public_send,pwd,refinements,remove_class_variable,remove_instance_variable,remove_method,respond_to?,rmdir,send,set_temporary_name,singleton_class,singleton_class?,singleton_method,singleton_methods,subclasses,superclass,tap,then,to_enum,to_s,undef_method,undefined_instance_methods,unlink,yield_self
Dir	P	Array,Complex,Float,Hash,Integer,Pathname,Rational,String,__callee__,__dir__,__method__,`,abort,at_exit,autoload,autoload?,binding,block_given?,caller,caller_locations,catch,eval,exec,exit,exit!,fail,fork,format,gets,global_variables,initialize,initialize_clone,initialize_copy,initialize_dup,instance_variables_to_inspect,iterator?,lambda,load,local_variables,loop,method_missing,open,p,pp,print,printf,proc,putc,puts,raise,rand,readline,readlines,require,require_relative,respond_to_missing?,set_trace_func,singleton_method_added,singleton_method_removed,singleton_method_undefined,sleep,spawn,sprintf,srand,syscall,system,test,throw,trace_var,trap,untrace_var,warn
EOFError	i	
EOFError	s	
EOFError	p	
EOFError	c	
EOFError	I	!,!=,!~,<=>,==,===,__id__,__send__,backtrace,backtrace_locations,cause,class,clone,define_singleton_method,detailed_message,display,dup,enum_for,eql?,equal?,exception,extend,freeze,frozen?,full_message,hash,inspect,instance_eval,instance_exec,instance_of?,instance_variable_defined?,instance_variable_get,instance_variable_set,instance_variables,is_a?,itself,kind_of?,message,method,methods,nil?,object_id,private_methods,protected_methods,public_method,public_methods,public_send,remove_instance_variable,respond_to?,send,set_backtrace,singleton_class,singleton_method,singleton_methods,tap,then,to_enum,to_s,yield_self
EOFError	S	!,!=,!~,<,<=,<=>,==,===,>,>=,__id__,__send__,alias_method,allocate,ancestors,attached_object,attr,attr_accessor,attr_reader,attr_writer,autoload,autoload?,class,class_eval,class_exec,class_variable_defined?,class_variable_get,class_variable_set,class_variables,clone,const_defined?,const_get,const_missing,const_set,const_source_location,constants,define_method,define_singleton_method,deprecate_constant,display,dup,enum_for,eql?,equal?,exception,extend,freeze,frozen?,hash,include,include?,included_modules,inspect,instance_eval,instance_exec,instance_method,instance_methods,instance_of?,instance_variable_defined?,instance_variable_get,instance_variable_set,instance_variables,is_a?,itself,kind_of?,method,method_defined?,methods,module_eval,module_exec,name,new,nil?,object_id,prepend,private_class_method,private_constant,private_instance_methods,private_method_defined?,private_methods,protected_instance_methods,protected_method_defined?,protected_methods,public_class_method,public_constant,public_instance_method,public_instance_methods,public_method,public_method_defined?,public_methods,public_send,refinements,remove_class_variable,remove_instance_variable,remove_method,respond_to?,send,set_temporary_name,singleton_class,singleton_class?,singleton_method,singleton_methods,subclasses,superclass,tap,then,to_enum,to_s,to_tty?,undef_method,undefined_instance_methods,yield_self
EOFError	P	Array,Complex,Float,Hash,Integer,Pathname,Rational,String,__callee__,__dir__,__method__,`,abort,at_exit,autoload,autoload?,binding,block_given?,caller,caller_locations,catch,eval,exec,exit,exit!,fail,fork,format,gets,global_variables,initialize,initialize_clone,initialize_copy,initialize_dup,instance_variables_to_inspect,iterator?,lambda,load,local_variables,loop,method_missing,open,p,pp,print,printf,proc,putc,puts,raise,rand,readline,readlines,require,require_relative,respond_to_missing?,select,set_trace_func,singleton_method_added,singleton_method_removed,singleton_method_undefined,sleep,spawn,sprintf,srand,syscall,system,test,throw,trace_var,trap,untrace_var,warn
Encoding	i	_dump,ascii_compatible?,dummy?,inspect,name,names,to_s
Encoding	s	_load,aliases,compatible?,default_external,default_external=,default_internal,default_internal=,find,list,locale_charmap,name_list
Encoding	p	
Encoding	c	ANSI_X3_4_1968,ASCII,ASCII_8BIT,BIG5,BIG5_HKSCS,BIG5_HKSCS_2008,BIG5_UAO,BINARY,Big5,Big5_HKSCS,Big5_HKSCS_2008,Big5_UAO,CESU_8,CP1250,CP1251,CP1252,CP1253,CP1254,CP1255,CP1256,CP1257,CP1258,CP437,CP50220,CP50221,CP51932,CP65000,CP65001,CP720,CP737,CP775,CP850,CP852,CP855,CP857,CP860,CP861,CP862,CP863,CP864,CP865,CP866,CP869,CP874,CP878,CP932,CP936,CP949,CP950,CP951,CSWINDOWS31J,CompatibilityError,Converter,ConverterNotFoundError,CsWindows31J,EBCDIC_CP_US,EMACS_MULE,EUCCN,EUCJP,EUCJP_MS,EUCKR,EUCTW,EUC_CN,EUC_JISX0213,EUC_JIS_2004,EUC_JP,EUC_JP_MS,EUC_KR,EUC_TW,Emacs_Mule,EucCN,EucJP,EucJP_ms,EucKR,EucTW,GB12345,GB18030,GB1988,GB2312,GBK,IBM037,IBM437,IBM720,IBM737,IBM775,IBM850,IBM852,IBM855,IBM857,IBM860,IBM861,IBM862,IBM863,IBM864,IBM865,IBM866,IBM869,ISO2022_JP,ISO2022_JP2,ISO8859_1,ISO8859_10,ISO8859_11,ISO8859_13,ISO8859_14,ISO8859_15,ISO8859_16,ISO8859_2,ISO8859_3,ISO8859_4,ISO8859_5,ISO8859_6,ISO8859_7,ISO8859_8,ISO8859_9,ISO_2022_JP,ISO_2022_JP_2,ISO_2022_JP_KDDI,ISO_8859_1,ISO_8859_10,ISO_8859_11,ISO_8859_13,ISO_8859_14,ISO_8859_15,ISO_8859_16,ISO_8859_2,ISO_8859_3,ISO_8859_4,ISO_8859_5,ISO_8859_6,ISO_8859_7,ISO_8859_8,ISO_8859_9,InvalidByteSequenceError,KOI8_R,KOI8_U,MACCENTEURO,MACCROATIAN,MACCYRILLIC,MACGREEK,MACICELAND,MACJAPAN,MACJAPANESE,MACROMAN,MACROMANIA,MACTHAI,MACTURKISH,MACUKRAINE,MacCentEuro,MacCroatian,MacCyrillic,MacGreek,MacIceland,MacJapan,MacJapanese,MacRoman,MacRomania,MacThai,MacTurkish,MacUkraine,PCK,SHIFT_JIS,SJIS,SJIS_DOCOMO,SJIS_DoCoMo,SJIS_KDDI,SJIS_SOFTBANK,SJIS_SoftBank,STATELESS_ISO_2022_JP,STATELESS_ISO_2022_JP_KDDI,Shift_JIS,Stateless_ISO_2022_JP,Stateless_ISO_2022_JP_KDDI,TIS_620,UCS_2BE,UCS_4BE,UCS_4LE,UNICODE_VERSION,US_ASCII,UTF8_DOCOMO,UTF8_DoCoMo,UTF8_KDDI,UTF8_MAC,UTF8_SOFTBANK,UTF8_SoftBank,UTF_16,UTF_16BE,UTF_16LE,UTF_32,UTF_32BE,UTF_32LE,UTF_7,UTF_8,UTF_8_HFS,UTF_8_MAC,UndefinedConversionError,WINDOWS_1250,WINDOWS_1251,WINDOWS_1252,WINDOWS_1253,WINDOWS_1254,WINDOWS_1255,WINDOWS_1256,WINDOWS_1257,WINDOWS_1258,WINDOWS_31J,WINDOWS_874,Windows_1250,Windows_1251,Windows_1252,Windows_1253,Windows_1254,Windows_1255,Windows_1256,Windows_1257,Windows_1258,Windows_31J,Windows_874
Encoding	I	!,!=,!~,<=>,==,===,__id__,__send__,_dump,ascii_compatible?,class,clone,define_singleton_method,display,dummy?,dup,enum_for,eql?,equal?,extend,freeze,frozen?,hash,inspect,instance_eval,instance_exec,instance_of?,instance_variable_defined?,instance_variable_get,instance_variable_set,instance_variables,is_a?,itself,kind_of?,method,methods,name,names,nil?,object_id,private_methods,protected_methods,public_method,public_methods,public_send,remove_instance_variable,respond_to?,send,singleton_class,singleton_method,singleton_methods,tap,then,to_enum,to_s,yield_self
Encoding	S	!,!=,!~,<,<=,<=>,==,===,>,>=,__id__,__send__,_load,alias_method,aliases,allocate,ancestors,attached_object,attr,attr_accessor,attr_reader,attr_writer,autoload,autoload?,class,class_eval,class_exec,class_variable_defined?,class_variable_get,class_variable_set,class_variables,clone,compatible?,const_defined?,const_get,const_missing,const_set,const_source_location,constants,default_external,default_external=,default_internal,default_internal=,define_method,define_singleton_method,deprecate_constant,display,dup,enum_for,eql?,equal?,extend,find,freeze,frozen?,hash,include,include?,included_modules,inspect,instance_eval,instance_exec,instance_method,instance_methods,instance_of?,instance_variable_defined?,instance_variable_get,instance_variable_set,instance_variables,is_a?,itself,kind_of?,list,locale_charmap,method,method_defined?,methods,module_eval,module_exec,name,name_list,nil?,object_id,prepend,private_class_method,private_constant,private_instance_methods,private_method_defined?,private_methods,protected_instance_methods,protected_method_defined?,protected_methods,public_class_method,public_constant,public_instance_method,public_instance_methods,public_method,public_method_defined?,public_methods,public_send,refinements,remove_class_variable,remove_instance_variable,remove_method,respond_to?,send,set_temporary_name,singleton_class,singleton_class?,singleton_method,singleton_methods,subclasses,superclass,tap,then,to_enum,to_s,undef_method,undefined_instance_methods,yield_self
Encoding	P	Array,Complex,Float,Hash,Integer,Pathname,Rational,String,__callee__,__dir__,__method__,`,abort,at_exit,autoload,autoload?,binding,block_given?,caller,caller_locations,catch,eval,exec,exit,exit!,fail,fork,format,gets,global_variables,initialize,initialize_clone,initialize_copy,initialize_dup,instance_variables_to_inspect,iterator?,lambda,load,local_variables,loop,method_missing,open,p,pp,print,printf,proc,putc,puts,raise,rand,readline,readlines,require,require_relative,respond_to_missing?,select,set_trace_func,singleton_method_added,singleton_method_removed,singleton_method_undefined,sleep,spawn,sprintf,srand,syscall,system,test,throw,trace_var,trap,untrace_var,warn
Encoding::CompatibilityError	i	
Encoding::CompatibilityError	s	
Encoding::CompatibilityError	p	
Encoding::CompatibilityError	c	
Encoding::CompatibilityError	I	!,!=,!~,<=>,==,===,__id__,__send__,backtrace,backtrace_locations,cause,class,clone,define_singleton_method,detailed_message,display,dup,enum_for,eql?,equal?,exception,extend,freeze,frozen?,full_message,hash,inspect,instance_eval,instance_exec,instance_of?,instance_variable_defined?,instance_variable_get,instance_variable_set,instance_variables,is_a?,itself,kind_of?,message,method,methods,nil?,object_id,private_methods,protected_methods,public_method,public_methods,public_send,remove_instance_variable,respond_to?,send,set_backtrace,singleton_class,singleton_method,singleton_methods,tap,then,to_enum,to_s,yield_self
Encoding::CompatibilityError	S	!,!=,!~,<,<=,<=>,==,===,>,>=,__id__,__send__,alias_method,allocate,ancestors,attached_object,attr,attr_accessor,attr_reader,attr_writer,autoload,autoload?,class,class_eval,class_exec,class_variable_defined?,class_variable_get,class_variable_set,class_variables,clone,const_defined?,const_get,const_missing,const_set,const_source_location,constants,define_method,define_singleton_method,deprecate_constant,display,dup,enum_for,eql?,equal?,exception,extend,freeze,frozen?,hash,include,include?,included_modules,inspect,instance_eval,instance_exec,instance_method,instance_methods,instance_of?,instance_variable_defined?,instance_variable_get,instance_variable_set,instance_variables,is_a?,itself,kind_of?,method,method_defined?,methods,module_eval,module_exec,name,new,nil?,object_id,prepend,private_class_method,private_constant,private_instance_methods,private_method_defined?,private_methods,protected_instance_methods,protected_method_defined?,protected_methods,public_class_method,public_constant,public_instance_method,public_instance_methods,public_method,public_method_defined?,public_methods,public_send,refinements,remove_class_variable,remove_instance_variable,remove_method,respond_to?,send,set_temporary_name,singleton_class,singleton_class?,singleton_method,singleton_methods,subclasses,superclass,tap,then,to_enum,to_s,to_tty?,undef_method,undefined_instance_methods,yield_self
Encoding::CompatibilityError	P	Array,Complex,Float,Hash,Integer,Pathname,Rational,String,__callee__,__dir__,__method__,`,abort,at_exit,autoload,autoload?,binding,block_given?,caller,caller_locations,catch,eval,exec,exit,exit!,fail,fork,format,gets,global_variables,initialize,initialize_clone,initialize_copy,initialize_dup,instance_variables_to_inspect,iterator?,lambda,load,local_variables,loop,method_missing,open,p,pp,print,printf,proc,putc,puts,raise,rand,readline,readlines,require,require_relative,respond_to_missing?,select,set_trace_func,singleton_method_added,singleton_method_removed,singleton_method_undefined,sleep,spawn,sprintf,srand,syscall,system,test,throw,trace_var,trap,untrace_var,warn
Encoding::Converter	i	==,convert,convpath,destination_encoding,finish,insert_output,inspect,last_error,primitive_convert,primitive_errinfo,putback,replacement,replacement=,source_encoding
Encoding::Converter	s	asciicompat_encoding,search_convpath
Encoding::Converter	p	initialize
Encoding::Converter	c	AFTER_OUTPUT,CRLF_NEWLINE_DECORATOR,CR_NEWLINE_DECORATOR,INVALID_MASK,INVALID_REPLACE,LF_NEWLINE_DECORATOR,PARTIAL_INPUT,UNDEF_HEX_CHARREF,UNDEF_MASK,UNDEF_REPLACE,UNIVERSAL_NEWLINE_DECORATOR,XML_ATTR_CONTENT_DECORATOR,XML_ATTR_QUOTE_DECORATOR,XML_TEXT_DECORATOR
Encoding::Converter	I	!,!=,!~,<=>,==,===,__id__,__send__,class,clone,convert,convpath,define_singleton_method,destination_encoding,display,dup,enum_for,eql?,equal?,extend,finish,freeze,frozen?,hash,insert_output,inspect,instance_eval,instance_exec,instance_of?,instance_variable_defined?,instance_variable_get,instance_variable_set,instance_variables,is_a?,itself,kind_of?,last_error,method,methods,nil?,object_id,primitive_convert,primitive_errinfo,private_methods,protected_methods,public_method,public_methods,public_send,putback,remove_instance_variable,replacement,replacement=,respond_to?,send,singleton_class,singleton_method,singleton_methods,source_encoding,tap,then,to_enum,to_s,yield_self
Encoding::Converter	S	!,!=,!~,<,<=,<=>,==,===,>,>=,__id__,__send__,alias_method,allocate,ancestors,asciicompat_encoding,attached_object,attr,attr_accessor,attr_reader,attr_writer,autoload,autoload?,class,class_eval,class_exec,class_variable_defined?,class_variable_get,class_variable_set,class_variables,clone,const_defined?,const_get,const_missing,const_set,const_source_location,constants,define_method,define_singleton_method,deprecate_constant,display,dup,enum_for,eql?,equal?,extend,freeze,frozen?,hash,include,include?,included_modules,inspect,instance_eval,instance_exec,instance_method,instance_methods,instance_of?,instance_variable_defined?,instance_variable_get,instance_variable_set,instance_variables,is_a?,itself,kind_of?,method,method_defined?,methods,module_eval,module_exec,name,new,nil?,object_id,prepend,private_class_method,private_constant,private_instance_methods,private_method_defined?,private_methods,protected_instance_methods,protected_method_defined?,protected_methods,public_class_method,public_constant,public_instance_method,public_instance_methods,public_method,public_method_defined?,public_methods,public_send,refinements,remove_class_variable,remove_instance_variable,remove_method,respond_to?,search_convpath,send,set_temporary_name,singleton_class,singleton_class?,singleton_method,singleton_methods,subclasses,superclass,tap,then,to_enum,to_s,undef_method,undefined_instance_methods,yield_self
Encoding::Converter	P	Array,Complex,Float,Hash,Integer,Pathname,Rational,String,__callee__,__dir__,__method__,`,abort,at_exit,autoload,autoload?,binding,block_given?,caller,caller_locations,catch,eval,exec,exit,exit!,fail,fork,format,gets,global_variables,initialize,initialize_clone,initialize_copy,initialize_dup,instance_variables_to_inspect,iterator?,lambda,load,local_variables,loop,method_missing,open,p,pp,print,printf,proc,putc,puts,raise,rand,readline,readlines,require,require_relative,respond_to_missing?,select,set_trace_func,singleton_method_added,singleton_method_removed,singleton_method_undefined,sleep,spawn,sprintf,srand,syscall,system,test,throw,trace_var,trap,untrace_var,warn
Encoding::ConverterNotFoundError	i	
Encoding::ConverterNotFoundError	s	
Encoding::ConverterNotFoundError	p	
Encoding::ConverterNotFoundError	c	
Encoding::ConverterNotFoundError	I	!,!=,!~,<=>,==,===,__id__,__send__,backtrace,backtrace_locations,cause,class,clone,define_singleton_method,detailed_message,display,dup,enum_for,eql?,equal?,exception,extend,freeze,frozen?,full_message,hash,inspect,instance_eval,instance_exec,instance_of?,instance_variable_defined?,instance_variable_get,instance_variable_set,instance_variables,is_a?,itself,kind_of?,message,method,methods,nil?,object_id,private_methods,protected_methods,public_method,public_methods,public_send,remove_instance_variable,respond_to?,send,set_backtrace,singleton_class,singleton_method,singleton_methods,tap,then,to_enum,to_s,yield_self
Encoding::ConverterNotFoundError	S	!,!=,!~,<,<=,<=>,==,===,>,>=,__id__,__send__,alias_method,allocate,ancestors,attached_object,attr,attr_accessor,attr_reader,attr_writer,autoload,autoload?,class,class_eval,class_exec,class_variable_defined?,class_variable_get,class_variable_set,class_variables,clone,const_defined?,const_get,const_missing,const_set,const_source_location,constants,define_method,define_singleton_method,deprecate_constant,display,dup,enum_for,eql?,equal?,exception,extend,freeze,frozen?,hash,include,include?,included_modules,inspect,instance_eval,instance_exec,instance_method,instance_methods,instance_of?,instance_variable_defined?,instance_variable_get,instance_variable_set,instance_variables,is_a?,itself,kind_of?,method,method_defined?,methods,module_eval,module_exec,name,new,nil?,object_id,prepend,private_class_method,private_constant,private_instance_methods,private_method_defined?,private_methods,protected_instance_methods,protected_method_defined?,protected_methods,public_class_method,public_constant,public_instance_method,public_instance_methods,public_method,public_method_defined?,public_methods,public_send,refinements,remove_class_variable,remove_instance_variable,remove_method,respond_to?,send,set_temporary_name,singleton_class,singleton_class?,singleton_method,singleton_methods,subclasses,superclass,tap,then,to_enum,to_s,to_tty?,undef_method,undefined_instance_methods,yield_self
Encoding::ConverterNotFoundError	P	Array,Complex,Float,Hash,Integer,Pathname,Rational,String,__callee__,__dir__,__method__,`,abort,at_exit,autoload,autoload?,binding,block_given?,caller,caller_locations,catch,eval,exec,exit,exit!,fail,fork,format,gets,global_variables,initialize,initialize_clone,initialize_copy,initialize_dup,instance_variables_to_inspect,iterator?,lambda,load,local_variables,loop,method_missing,open,p,pp,print,printf,proc,putc,puts,raise,rand,readline,readlines,require,require_relative,respond_to_missing?,select,set_trace_func,singleton_method_added,singleton_method_removed,singleton_method_undefined,sleep,spawn,sprintf,srand,syscall,system,test,throw,trace_var,trap,untrace_var,warn
Encoding::InvalidByteSequenceError	i	destination_encoding,destination_encoding_name,error_bytes,incomplete_input?,readagain_bytes,source_encoding,source_encoding_name
Encoding::InvalidByteSequenceError	s	
Encoding::InvalidByteSequenceError	p	
Encoding::InvalidByteSequenceError	c	
Encoding::InvalidByteSequenceError	I	!,!=,!~,<=>,==,===,__id__,__send__,backtrace,backtrace_locations,cause,class,clone,define_singleton_method,destination_encoding,destination_encoding_name,detailed_message,display,dup,enum_for,eql?,equal?,error_bytes,exception,extend,freeze,frozen?,full_message,hash,incomplete_input?,inspect,instance_eval,instance_exec,instance_of?,instance_variable_defined?,instance_variable_get,instance_variable_set,instance_variables,is_a?,itself,kind_of?,message,method,methods,nil?,object_id,private_methods,protected_methods,public_method,public_methods,public_send,readagain_bytes,remove_instance_variable,respond_to?,send,set_backtrace,singleton_class,singleton_method,singleton_methods,source_encoding,source_encoding_name,tap,then,to_enum,to_s,yield_self
Encoding::InvalidByteSequenceError	S	!,!=,!~,<,<=,<=>,==,===,>,>=,__id__,__send__,alias_method,allocate,ancestors,attached_object,attr,attr_accessor,attr_reader,attr_writer,autoload,autoload?,class,class_eval,class_exec,class_variable_defined?,class_variable_get,class_variable_set,class_variables,clone,const_defined?,const_get,const_missing,const_set,const_source_location,constants,define_method,define_singleton_method,deprecate_constant,display,dup,enum_for,eql?,equal?,exception,extend,freeze,frozen?,hash,include,include?,included_modules,inspect,instance_eval,instance_exec,instance_method,instance_methods,instance_of?,instance_variable_defined?,instance_variable_get,instance_variable_set,instance_variables,is_a?,itself,kind_of?,method,method_defined?,methods,module_eval,module_exec,name,new,nil?,object_id,prepend,private_class_method,private_constant,private_instance_methods,private_method_defined?,private_methods,protected_instance_methods,protected_method_defined?,protected_methods,public_class_method,public_constant,public_instance_method,public_instance_methods,public_method,public_method_defined?,public_methods,public_send,refinements,remove_class_variable,remove_instance_variable,remove_method,respond_to?,send,set_temporary_name,singleton_class,singleton_class?,singleton_method,singleton_methods,subclasses,superclass,tap,then,to_enum,to_s,to_tty?,undef_method,undefined_instance_methods,yield_self
Encoding::InvalidByteSequenceError	P	Array,Complex,Float,Hash,Integer,Pathname,Rational,String,__callee__,__dir__,__method__,`,abort,at_exit,autoload,autoload?,binding,block_given?,caller,caller_locations,catch,eval,exec,exit,exit!,fail,fork,format,gets,global_variables,initialize,initialize_clone,initialize_copy,initialize_dup,instance_variables_to_inspect,iterator?,lambda,load,local_variables,loop,method_missing,open,p,pp,print,printf,proc,putc,puts,raise,rand,readline,readlines,require,require_relative,respond_to_missing?,select,set_trace_func,singleton_method_added,singleton_method_removed,singleton_method_undefined,sleep,spawn,sprintf,srand,syscall,system,test,throw,trace_var,trap,untrace_var,warn
Encoding::UndefinedConversionError	i	destination_encoding,destination_encoding_name,error_char,source_encoding,source_encoding_name
Encoding::UndefinedConversionError	s	
Encoding::UndefinedConversionError	p	
Encoding::UndefinedConversionError	c	
Encoding::UndefinedConversionError	I	!,!=,!~,<=>,==,===,__id__,__send__,backtrace,backtrace_locations,cause,class,clone,define_singleton_method,destination_encoding,destination_encoding_name,detailed_message,display,dup,enum_for,eql?,equal?,error_char,exception,extend,freeze,frozen?,full_message,hash,inspect,instance_eval,instance_exec,instance_of?,instance_variable_defined?,instance_variable_get,instance_variable_set,instance_variables,is_a?,itself,kind_of?,message,method,methods,nil?,object_id,private_methods,protected_methods,public_method,public_methods,public_send,remove_instance_variable,respond_to?,send,set_backtrace,singleton_class,singleton_method,singleton_methods,source_encoding,source_encoding_name,tap,then,to_enum,to_s,yield_self
Encoding::UndefinedConversionError	S	!,!=,!~,<,<=,<=>,==,===,>,>=,__id__,__send__,alias_method,allocate,ancestors,attached_object,attr,attr_accessor,attr_reader,attr_writer,autoload,autoload?,class,class_eval,class_exec,class_variable_defined?,class_variable_get,class_variable_set,class_variables,clone,const_defined?,const_get,const_missing,const_set,const_source_location,constants,define_method,define_singleton_method,deprecate_constant,display,dup,enum_for,eql?,equal?,exception,extend,freeze,frozen?,hash,include,include?,included_modules,inspect,instance_eval,instance_exec,instance_method,instance_methods,instance_of?,instance_variable_defined?,instance_variable_get,instance_variable_set,instance_variables,is_a?,itself,kind_of?,method,method_defined?,methods,module_eval,module_exec,name,new,nil?,object_id,prepend,private_class_method,private_constant,private_instance_methods,private_method_defined?,private_methods,protected_instance_methods,protected_method_defined?,protected_methods,public_class_method,public_constant,public_instance_method,public_instance_methods,public_method,public_method_defined?,public_methods,public_send,refinements,remove_class_variable,remove_instance_variable,remove_method,respond_to?,send,set_temporary_name,singleton_class,singleton_class?,singleton_method,singleton_methods,subclasses,superclass,tap,then,to_enum,to_s,to_tty?,undef_method,undefined_instance_methods,yield_self
Encoding::UndefinedConversionError	P	Array,Complex,Float,Hash,Integer,Pathname,Rational,String,__callee__,__dir__,__method__,`,abort,at_exit,autoload,autoload?,binding,block_given?,caller,caller_locations,catch,eval,exec,exit,exit!,fail,fork,format,gets,global_variables,initialize,initialize_clone,initialize_copy,initialize_dup,instance_variables_to_inspect,iterator?,lambda,load,local_variables,loop,method_missing,open,p,pp,print,printf,proc,putc,puts,raise,rand,readline,readlines,require,require_relative,respond_to_missing?,select,set_trace_func,singleton_method_added,singleton_method_removed,singleton_method_undefined,sleep,spawn,sprintf,srand,syscall,system,test,throw,trace_var,trap,untrace_var,warn
EncodingError	i	
EncodingError	s	
EncodingError	p	
EncodingError	c	
EncodingError	I	!,!=,!~,<=>,==,===,__id__,__send__,backtrace,backtrace_locations,cause,class,clone,define_singleton_method,detailed_message,display,dup,enum_for,eql?,equal?,exception,extend,freeze,frozen?,full_message,hash,inspect,instance_eval,instance_exec,instance_of?,instance_variable_defined?,instance_variable_get,instance_variable_set,instance_variables,is_a?,itself,kind_of?,message,method,methods,nil?,object_id,private_methods,protected_methods,public_method,public_methods,public_send,remove_instance_variable,respond_to?,send,set_backtrace,singleton_class,singleton_method,singleton_methods,tap,then,to_enum,to_s,yield_self
EncodingError	S	!,!=,!~,<,<=,<=>,==,===,>,>=,__id__,__send__,alias_method,allocate,ancestors,attached_object,attr,attr_accessor,attr_reader,attr_writer,autoload,autoload?,class,class_eval,class_exec,class_variable_defined?,class_variable_get,class_variable_set,class_variables,clone,const_defined?,const_get,const_missing,const_set,const_source_location,constants,define_method,define_singleton_method,deprecate_constant,display,dup,enum_for,eql?,equal?,exception,extend,freeze,frozen?,hash,include,include?,included_modules,inspect,instance_eval,instance_exec,instance_method,instance_methods,instance_of?,instance_variable_defined?,instance_variable_get,instance_variable_set,instance_variables,is_a?,itself,kind_of?,method,method_defined?,methods,module_eval,module_exec,name,new,nil?,object_id,prepend,private_class_method,private_constant,private_instance_methods,private_method_defined?,private_methods,protected_instance_methods,protected_method_defined?,protected_methods,public_class_method,public_constant,public_instance_method,public_instance_methods,public_method,public_method_defined?,public_methods,public_send,refinements,remove_class_variable,remove_instance_variable,remove_method,respond_to?,send,set_temporary_name,singleton_class,singleton_class?,singleton_method,singleton_methods,subclasses,superclass,tap,then,to_enum,to_s,to_tty?,undef_method,undefined_instance_methods,yield_self
EncodingError	P	Array,Complex,Float,Hash,Integer,Pathname,Rational,String,__callee__,__dir__,__method__,`,abort,at_exit,autoload,autoload?,binding,block_given?,caller,caller_locations,catch,eval,exec,exit,exit!,fail,fork,format,gets,global_variables,initialize,initialize_clone,initialize_copy,initialize_dup,instance_variables_to_inspect,iterator?,lambda,load,local_variables,loop,method_missing,open,p,pp,print,printf,proc,putc,puts,raise,rand,readline,readlines,require,require_relative,respond_to_missing?,select,set_trace_func,singleton_method_added,singleton_method_removed,singleton_method_undefined,sleep,spawn,sprintf,srand,syscall,system,test,throw,trace_var,trap,untrace_var,warn
Enumerable	i	all?,any?,chain,chunk,chunk_while,collect,collect_concat,compact,count,cycle,detect,drop,drop_while,each_cons,each_entry,each_slice,each_with_index,each_with_object,entries,filter,filter_map,find,find_all,find_index,first,flat_map,grep,grep_v,group_by,include?,inject,lazy,map,max,max_by,member?,min,min_by,minmax,minmax_by,none?,one?,partition,reduce,reject,reverse_each,select,slice_after,slice_before,slice_when,sort,sort_by,sum,take,take_while,tally,to_a,to_h,to_set,uniq,zip
Enumerable	s	
Enumerable	p	
Enumerable	c	
Enumerable	I	all?,any?,chain,chunk,chunk_while,collect,collect_concat,compact,count,cycle,detect,drop,drop_while,each_cons,each_entry,each_slice,each_with_index,each_with_object,entries,filter,filter_map,find,find_all,find_index,first,flat_map,grep,grep_v,group_by,include?,inject,lazy,map,max,max_by,member?,min,min_by,minmax,minmax_by,none?,one?,partition,reduce,reject,reverse_each,select,slice_after,slice_before,slice_when,sort,sort_by,sum,take,take_while,tally,to_a,to_h,to_set,uniq,zip
Enumerable	S	!,!=,!~,<,<=,<=>,==,===,>,>=,__id__,__send__,alias_method,ancestors,attr,attr_accessor,attr_reader,attr_writer,autoload,autoload?,class,class_eval,class_exec,class_variable_defined?,class_variable_get,class_variable_set,class_variables,clone,const_defined?,const_get,const_missing,const_set,const_source_location,constants,define_method,define_singleton_method,deprecate_constant,display,dup,enum_for,eql?,equal?,extend,freeze,frozen?,hash,include,include?,included_modules,inspect,instance_eval,instance_exec,instance_method,instance_methods,instance_of?,instance_variable_defined?,instance_variable_get,instance_variable_set,instance_variables,is_a?,itself,kind_of?,method,method_defined?,methods,module_eval,module_exec,name,nil?,object_id,prepend,private_class_method,private_constant,private_instance_methods,private_method_defined?,private_methods,protected_instance_methods,protected_method_defined?,protected_methods,public_class_method,public_constant,public_instance_method,public_instance_methods,public_method,public_method_defined?,public_methods,public_send,refinements,remove_class_variable,remove_instance_variable,remove_method,respond_to?,send,set_temporary_name,singleton_class,singleton_class?,singleton_method,singleton_methods,tap,then,to_enum,to_s,undef_method,undefined_instance_methods,yield_self
Enumerable	P	
Enumerator	i	+,each,each_with_index,each_with_object,feed,inspect,next,next_values,peek,peek_values,rewind,size,with_index,with_object
Enumerator	s	produce,product
Enumerator	p	initialize,initialize_copy
Enumerator	c	ArithmeticSequence,Chain,Generator,Lazy,Producer,Product,Yielder
Enumerator	I	!,!=,!~,+,<=>,==,===,__id__,__send__,all?,any?,chain,chunk,chunk_while,class,clone,collect,collect_concat,compact,count,cycle,define_singleton_method,detect,display,drop,drop_while,dup,each,each_cons,each_entry,each_slice,each_with_index,each_with_object,entries,enum_for,eql?,equal?,extend,feed,filter,filter_map,find,find_all,find_index,first,flat_map,freeze,frozen?,grep,grep_v,group_by,hash,include?,inject,inspect,instance_eval,instance_exec,instance_of?,instance_variable_defined?,instance_variable_get,instance_variable_set,instance_variables,is_a?,itself,kind_of?,lazy,map,max,max_by,member?,method,methods,min,min_by,minmax,minmax_by,next,next_values,nil?,none?,object_id,one?,partition,peek,peek_values,private_methods,protected_methods,public_method,public_methods,public_send,reduce,reject,remove_instance_variable,respond_to?,reverse_each,rewind,select,send,singleton_class,singleton_method,singleton_methods,size,slice_after,slice_before,slice_when,sort,sort_by,sum,take,take_while,tally,tap,then,to_a,to_enum,to_h,to_s,to_set,uniq,with_index,with_object,yield_self,zip
Enumerator	S	!,!=,!~,<,<=,<=>,==,===,>,>=,__id__,__send__,alias_method,allocate,ancestors,attached_object,attr,attr_accessor,attr_reader,attr_writer,autoload,autoload?,class,class_eval,class_exec,class_variable_defined?,class_variable_get,class_variable_set,class_variables,clone,const_defined?,const_get,const_missing,const_set,const_source_location,constants,define_method,define_singleton_method,deprecate_constant,display,dup,enum_for,eql?,equal?,extend,freeze,frozen?,hash,include,include?,included_modules,inspect,instance_eval,instance_exec,instance_method,instance_methods,instance_of?,instance_variable_defined?,instance_variable_get,instance_variable_set,instance_variables,is_a?,itself,kind_of?,method,method_defined?,methods,module_eval,module_exec,name,new,nil?,object_id,prepend,private_class_method,private_constant,private_instance_methods,private_method_defined?,private_methods,produce,product,protected_instance_methods,protected_method_defined?,protected_methods,public_class_method,public_constant,public_instance_method,public_instance_methods,public_method,public_method_defined?,public_methods,public_send,refinements,remove_class_variable,remove_instance_variable,remove_method,respond_to?,send,set_temporary_name,singleton_class,singleton_class?,singleton_method,singleton_methods,subclasses,superclass,tap,then,to_enum,to_s,undef_method,undefined_instance_methods,yield_self
Enumerator	P	Array,Complex,Float,Hash,Integer,Pathname,Rational,String,__callee__,__dir__,__method__,`,abort,at_exit,autoload,autoload?,binding,block_given?,caller,caller_locations,catch,eval,exec,exit,exit!,fail,fork,format,gets,global_variables,initialize,initialize_clone,initialize_copy,initialize_dup,instance_variables_to_inspect,iterator?,lambda,load,local_variables,loop,method_missing,open,p,pp,print,printf,proc,putc,puts,raise,rand,readline,readlines,require,require_relative,respond_to_missing?,set_trace_func,singleton_method_added,singleton_method_removed,singleton_method_undefined,sleep,spawn,sprintf,srand,syscall,system,test,throw,trace_var,trap,untrace_var,warn
Enumerator::ArithmeticSequence	i	==,===,begin,each,end,eql?,exclude_end?,first,hash,inspect,last,size,step
Enumerator::ArithmeticSequence	s	
Enumerator::ArithmeticSequence	p	
Enumerator::ArithmeticSequence	c	
Enumerator::ArithmeticSequence	I	!,!=,!~,+,<=>,==,===,__id__,__send__,all?,any?,begin,chain,chunk,chunk_while,class,clone,collect,collect_concat,compact,count,cycle,define_singleton_method,detect,display,drop,drop_while,dup,each,each_cons,each_entry,each_slice,each_with_index,each_with_object,end,entries,enum_for,eql?,equal?,exclude_end?,extend,feed,filter,filter_map,find,find_all,find_index,first,flat_map,freeze,frozen?,grep,grep_v,group_by,hash,include?,inject,inspect,instance_eval,instance_exec,instance_of?,instance_variable_defined?,instance_variable_get,instance_variable_set,instance_variables,is_a?,itself,kind_of?,last,lazy,map,max,max_by,member?,method,methods,min,min_by,minmax,minmax_by,next,next_values,nil?,none?,object_id,one?,partition,peek,peek_values,private_methods,protected_methods,public_method,public_methods,public_send,reduce,reject,remove_instance_variable,respond_to?,reverse_each,rewind,select,send,singleton_class,singleton_method,singleton_methods,size,slice_after,slice_before,slice_when,sort,sort_by,step,sum,take,take_while,tally,tap,then,to_a,to_enum,to_h,to_s,to_set,uniq,with_index,with_object,yield_self,zip
Enumerator::ArithmeticSequence	S	!,!=,!~,<,<=,<=>,==,===,>,>=,__id__,__send__,alias_method,allocate,ancestors,attached_object,attr,attr_accessor,attr_reader,attr_writer,autoload,autoload?,class,class_eval,class_exec,class_variable_defined?,class_variable_get,class_variable_set,class_variables,clone,const_defined?,const_get,const_missing,const_set,const_source_location,constants,define_method,define_singleton_method,deprecate_constant,display,dup,enum_for,eql?,equal?,extend,freeze,frozen?,hash,include,include?,included_modules,inspect,instance_eval,instance_exec,instance_method,instance_methods,instance_of?,instance_variable_defined?,instance_variable_get,instance_variable_set,instance_variables,is_a?,itself,kind_of?,method,method_defined?,methods,module_eval,module_exec,name,nil?,object_id,prepend,private_class_method,private_constant,private_instance_methods,private_method_defined?,private_methods,produce,product,protected_instance_methods,protected_method_defined?,protected_methods,public_class_method,public_constant,public_instance_method,public_instance_methods,public_method,public_method_defined?,public_methods,public_send,refinements,remove_class_variable,remove_instance_variable,remove_method,respond_to?,send,set_temporary_name,singleton_class,singleton_class?,singleton_method,singleton_methods,subclasses,superclass,tap,then,to_enum,to_s,undef_method,undefined_instance_methods,yield_self
Enumerator::ArithmeticSequence	P	Array,Complex,Float,Hash,Integer,Pathname,Rational,String,__callee__,__dir__,__method__,`,abort,at_exit,autoload,autoload?,binding,block_given?,caller,caller_locations,catch,eval,exec,exit,exit!,fail,fork,format,gets,global_variables,initialize,initialize_clone,initialize_copy,initialize_dup,instance_variables_to_inspect,iterator?,lambda,load,local_variables,loop,method_missing,open,p,pp,print,printf,proc,putc,puts,raise,rand,readline,readlines,require,require_relative,respond_to_missing?,set_trace_func,singleton_method_added,singleton_method_removed,singleton_method_undefined,sleep,spawn,sprintf,srand,syscall,system,test,throw,trace_var,trap,untrace_var,warn
Enumerator::Chain	i	each,inspect,rewind,size
Enumerator::Chain	s	
Enumerator::Chain	p	initialize,initialize_copy
Enumerator::Chain	c	
Enumerator::Chain	I	!,!=,!~,+,<=>,==,===,__id__,__send__,all?,any?,chain,chunk,chunk_while,class,clone,collect,collect_concat,compact,count,cycle,define_singleton_method,detect,display,drop,drop_while,dup,each,each_cons,each_entry,each_slice,each_with_index,each_with_object,entries,enum_for,eql?,equal?,extend,filter,filter_map,find,find_all,find_index,first,flat_map,freeze,frozen?,grep,grep_v,group_by,hash,include?,inject,inspect,instance_eval,instance_exec,instance_of?,instance_variable_defined?,instance_variable_get,instance_variable_set,instance_variables,is_a?,itself,kind_of?,lazy,map,max,max_by,member?,method,methods,min,min_by,minmax,minmax_by,nil?,none?,object_id,one?,partition,private_methods,protected_methods,public_method,public_methods,public_send,reduce,reject,remove_instance_variable,respond_to?,reverse_each,rewind,select,send,singleton_class,singleton_method,singleton_methods,size,slice_after,slice_before,slice_when,sort,sort_by,sum,take,take_while,tally,tap,then,to_a,to_enum,to_h,to_s,to_set,uniq,with_index,with_object,yield_self,zip
Enumerator::Chain	S	!,!=,!~,<,<=,<=>,==,===,>,>=,__id__,__send__,alias_method,allocate,ancestors,attached_object,attr,attr_accessor,attr_reader,attr_writer,autoload,autoload?,class,class_eval,class_exec,class_variable_defined?,class_variable_get,class_variable_set,class_variables,clone,const_defined?,const_get,const_missing,const_set,const_source_location,constants,define_method,define_singleton_method,deprecate_constant,display,dup,enum_for,eql?,equal?,extend,freeze,frozen?,hash,include,include?,included_modules,inspect,instance_eval,instance_exec,instance_method,instance_methods,instance_of?,instance_variable_defined?,instance_variable_get,instance_variable_set,instance_variables,is_a?,itself,kind_of?,method,method_defined?,methods,module_eval,module_exec,name,new,nil?,object_id,prepend,private_class_method,private_constant,private_instance_methods,private_method_defined?,private_methods,produce,product,protected_instance_methods,protected_method_defined?,protected_methods,public_class_method,public_constant,public_instance_method,public_instance_methods,public_method,public_method_defined?,public_methods,public_send,refinements,remove_class_variable,remove_instance_variable,remove_method,respond_to?,send,set_temporary_name,singleton_class,singleton_class?,singleton_method,singleton_methods,subclasses,superclass,tap,then,to_enum,to_s,undef_method,undefined_instance_methods,yield_self
Enumerator::Chain	P	Array,Complex,Float,Hash,Integer,Pathname,Rational,String,__callee__,__dir__,__method__,`,abort,at_exit,autoload,autoload?,binding,block_given?,caller,caller_locations,catch,eval,exec,exit,exit!,fail,fork,format,gets,global_variables,initialize,initialize_clone,initialize_copy,initialize_dup,instance_variables_to_inspect,iterator?,lambda,load,local_variables,loop,method_missing,open,p,pp,print,printf,proc,putc,puts,raise,rand,readline,readlines,require,require_relative,respond_to_missing?,set_trace_func,singleton_method_added,singleton_method_removed,singleton_method_undefined,sleep,spawn,sprintf,srand,syscall,system,test,throw,trace_var,trap,untrace_var,warn
Enumerator::Generator	i	each
Enumerator::Generator	s	
Enumerator::Generator	p	initialize,initialize_copy
Enumerator::Generator	c	
Enumerator::Generator	I	!,!=,!~,<=>,==,===,__id__,__send__,all?,any?,chain,chunk,chunk_while,class,clone,collect,collect_concat,compact,count,cycle,define_singleton_method,detect,display,drop,drop_while,dup,each,each_cons,each_entry,each_slice,each_with_index,each_with_object,entries,enum_for,eql?,equal?,extend,filter,filter_map,find,find_all,find_index,first,flat_map,freeze,frozen?,grep,grep_v,group_by,hash,include?,inject,inspect,instance_eval,instance_exec,instance_of?,instance_variable_defined?,instance_variable_get,instance_variable_set,instance_variables,is_a?,itself,kind_of?,lazy,map,max,max_by,member?,method,methods,min,min_by,minmax,minmax_by,nil?,none?,object_id,one?,partition,private_methods,protected_methods,public_method,public_methods,public_send,reduce,reject,remove_instance_variable,respond_to?,reverse_each,select,send,singleton_class,singleton_method,singleton_methods,slice_after,slice_before,slice_when,sort,sort_by,sum,take,take_while,tally,tap,then,to_a,to_enum,to_h,to_s,to_set,uniq,yield_self,zip
Enumerator::Generator	S	!,!=,!~,<,<=,<=>,==,===,>,>=,__id__,__send__,alias_method,allocate,ancestors,attached_object,attr,attr_accessor,attr_reader,attr_writer,autoload,autoload?,class,class_eval,class_exec,class_variable_defined?,class_variable_get,class_variable_set,class_variables,clone,const_defined?,const_get,const_missing,const_set,const_source_location,constants,define_method,define_singleton_method,deprecate_constant,display,dup,enum_for,eql?,equal?,extend,freeze,frozen?,hash,include,include?,included_modules,inspect,instance_eval,instance_exec,instance_method,instance_methods,instance_of?,instance_variable_defined?,instance_variable_get,instance_variable_set,instance_variables,is_a?,itself,kind_of?,method,method_defined?,methods,module_eval,module_exec,name,new,nil?,object_id,prepend,private_class_method,private_constant,private_instance_methods,private_method_defined?,private_methods,protected_instance_methods,protected_method_defined?,protected_methods,public_class_method,public_constant,public_instance_method,public_instance_methods,public_method,public_method_defined?,public_methods,public_send,refinements,remove_class_variable,remove_instance_variable,remove_method,respond_to?,send,set_temporary_name,singleton_class,singleton_class?,singleton_method,singleton_methods,subclasses,superclass,tap,then,to_enum,to_s,undef_method,undefined_instance_methods,yield_self
Enumerator::Generator	P	Array,Complex,Float,Hash,Integer,Pathname,Rational,String,__callee__,__dir__,__method__,`,abort,at_exit,autoload,autoload?,binding,block_given?,caller,caller_locations,catch,eval,exec,exit,exit!,fail,fork,format,gets,global_variables,initialize,initialize_clone,initialize_copy,initialize_dup,instance_variables_to_inspect,iterator?,lambda,load,local_variables,loop,method_missing,open,p,pp,print,printf,proc,putc,puts,raise,rand,readline,readlines,require,require_relative,respond_to_missing?,set_trace_func,singleton_method_added,singleton_method_removed,singleton_method_undefined,sleep,spawn,sprintf,srand,syscall,system,test,throw,trace_var,trap,untrace_var,warn
Enumerator::Lazy	i	chunk,chunk_while,collect,collect_concat,compact,drop,drop_while,eager,enum_for,filter,filter_map,find_all,flat_map,force,grep,grep_v,lazy,map,reject,select,slice_after,slice_before,slice_when,take,take_while,to_enum,uniq,with_index,zip
Enumerator::Lazy	s	
Enumerator::Lazy	p	_enumerable_collect,_enumerable_collect_concat,_enumerable_drop,_enumerable_drop_while,_enumerable_filter,_enumerable_filter_map,_enumerable_find_all,_enumerable_flat_map,_enumerable_grep,_enumerable_grep_v,_enumerable_map,_enumerable_reject,_enumerable_select,_enumerable_take,_enumerable_take_while,_enumerable_uniq,_enumerable_with_index,_enumerable_zip,initialize
Enumerator::Lazy	c	
Enumerator::Lazy	I	!,!=,!~,+,<=>,==,===,__id__,__send__,all?,any?,chain,chunk,chunk_while,class,clone,collect,collect_concat,compact,count,cycle,define_singleton_method,detect,display,drop,drop_while,dup,each,each_cons,each_entry,each_slice,each_with_index,each_with_object,eager,entries,enum_for,eql?,equal?,extend,feed,filter,filter_map,find,find_all,find_index,first,flat_map,force,freeze,frozen?,grep,grep_v,group_by,hash,include?,inject,inspect,instance_eval,instance_exec,instance_of?,instance_variable_defined?,instance_variable_get,instance_variable_set,instance_variables,is_a?,itself,kind_of?,lazy,map,max,max_by,member?,method,methods,min,min_by,minmax,minmax_by,next,next_values,nil?,none?,object_id,one?,partition,peek,peek_values,private_methods,protected_methods,public_method,public_methods,public_send,reduce,reject,remove_instance_variable,respond_to?,reverse_each,rewind,select,send,singleton_class,singleton_method,singleton_methods,size,slice_after,slice_before,slice_when,sort,sort_by,sum,take,take_while,tally,tap,then,to_a,to_enum,to_h,to_s,to_set,uniq,with_index,with_object,yield_self,zip
Enumerator::Lazy	S	!,!=,!~,<,<=,<=>,==,===,>,>=,__id__,__send__,alias_method,allocate,ancestors,attached_object,attr,attr_accessor,attr_reader,attr_writer,autoload,autoload?,class,class_eval,class_exec,class_variable_defined?,class_variable_get,class_variable_set,class_variables,clone,const_defined?,const_get,const_missing,const_set,const_source_location,constants,define_method,define_singleton_method,deprecate_constant,display,dup,enum_for,eql?,equal?,extend,freeze,frozen?,hash,include,include?,included_modules,inspect,instance_eval,instance_exec,instance_method,instance_methods,instance_of?,instance_variable_defined?,instance_variable_get,instance_variable_set,instance_variables,is_a?,itself,kind_of?,method,method_defined?,methods,module_eval,module_exec,name,new,nil?,object_id,prepend,private_class_method,private_constant,private_instance_methods,private_method_defined?,private_methods,produce,product,protected_instance_methods,protected_method_defined?,protected_methods,public_class_method,public_constant,public_instance_method,public_instance_methods,public_method,public_method_defined?,public_methods,public_send,refinements,remove_class_variable,remove_instance_variable,remove_method,respond_to?,send,set_temporary_name,singleton_class,singleton_class?,singleton_method,singleton_methods,subclasses,superclass,tap,then,to_enum,to_s,undef_method,undefined_instance_methods,yield_self
Enumerator::Lazy	P	Array,Complex,Float,Hash,Integer,Pathname,Rational,String,__callee__,__dir__,__method__,_enumerable_collect,_enumerable_collect_concat,_enumerable_drop,_enumerable_drop_while,_enumerable_filter,_enumerable_filter_map,_enumerable_find_all,_enumerable_flat_map,_enumerable_grep,_enumerable_grep_v,_enumerable_map,_enumerable_reject,_enumerable_select,_enumerable_take,_enumerable_take_while,_enumerable_uniq,_enumerable_with_index,_enumerable_zip,`,abort,at_exit,autoload,autoload?,binding,block_given?,caller,caller_locations,catch,eval,exec,exit,exit!,fail,fork,format,gets,global_variables,initialize,initialize_clone,initialize_copy,initialize_dup,instance_variables_to_inspect,iterator?,lambda,load,local_variables,loop,method_missing,open,p,pp,print,printf,proc,putc,puts,raise,rand,readline,readlines,require,require_relative,respond_to_missing?,set_trace_func,singleton_method_added,singleton_method_removed,singleton_method_undefined,sleep,spawn,sprintf,srand,syscall,system,test,throw,trace_var,trap,untrace_var,warn
Enumerator::Producer	i	each
Enumerator::Producer	s	
Enumerator::Producer	p	
Enumerator::Producer	c	
Enumerator::Producer	I	!,!=,!~,<=>,==,===,__id__,__send__,class,clone,define_singleton_method,display,dup,each,enum_for,eql?,equal?,extend,freeze,frozen?,hash,inspect,instance_eval,instance_exec,instance_of?,instance_variable_defined?,instance_variable_get,instance_variable_set,instance_variables,is_a?,itself,kind_of?,method,methods,nil?,object_id,private_methods,protected_methods,public_method,public_methods,public_send,remove_instance_variable,respond_to?,send,singleton_class,singleton_method,singleton_methods,tap,then,to_enum,to_s,yield_self
Enumerator::Producer	S	!,!=,!~,<,<=,<=>,==,===,>,>=,__id__,__send__,alias_method,allocate,ancestors,attached_object,attr,attr_accessor,attr_reader,attr_writer,autoload,autoload?,class,class_eval,class_exec,class_variable_defined?,class_variable_get,class_variable_set,class_variables,clone,const_defined?,const_get,const_missing,const_set,const_source_location,constants,define_method,define_singleton_method,deprecate_constant,display,dup,enum_for,eql?,equal?,extend,freeze,frozen?,hash,include,include?,included_modules,inspect,instance_eval,instance_exec,instance_method,instance_methods,instance_of?,instance_variable_defined?,instance_variable_get,instance_variable_set,instance_variables,is_a?,itself,kind_of?,method,method_defined?,methods,module_eval,module_exec,name,new,nil?,object_id,prepend,private_class_method,private_constant,private_instance_methods,private_method_defined?,private_methods,protected_instance_methods,protected_method_defined?,protected_methods,public_class_method,public_constant,public_instance_method,public_instance_methods,public_method,public_method_defined?,public_methods,public_send,refinements,remove_class_variable,remove_instance_variable,remove_method,respond_to?,send,set_temporary_name,singleton_class,singleton_class?,singleton_method,singleton_methods,subclasses,superclass,tap,then,to_enum,to_s,undef_method,undefined_instance_methods,yield_self
Enumerator::Producer	P	Array,Complex,Float,Hash,Integer,Pathname,Rational,String,__callee__,__dir__,__method__,`,abort,at_exit,autoload,autoload?,binding,block_given?,caller,caller_locations,catch,eval,exec,exit,exit!,fail,fork,format,gets,global_variables,initialize,initialize_clone,initialize_copy,initialize_dup,instance_variables_to_inspect,iterator?,lambda,load,local_variables,loop,method_missing,open,p,pp,print,printf,proc,putc,puts,raise,rand,readline,readlines,require,require_relative,respond_to_missing?,select,set_trace_func,singleton_method_added,singleton_method_removed,singleton_method_undefined,sleep,spawn,sprintf,srand,syscall,system,test,throw,trace_var,trap,untrace_var,warn
Enumerator::Product	i	each,inspect,rewind,size
Enumerator::Product	s	
Enumerator::Product	p	initialize,initialize_copy
Enumerator::Product	c	
Enumerator::Product	I	!,!=,!~,+,<=>,==,===,__id__,__send__,all?,any?,chain,chunk,chunk_while,class,clone,collect,collect_concat,compact,count,cycle,define_singleton_method,detect,display,drop,drop_while,dup,each,each_cons,each_entry,each_slice,each_with_index,each_with_object,entries,enum_for,eql?,equal?,extend,filter,filter_map,find,find_all,find_index,first,flat_map,freeze,frozen?,grep,grep_v,group_by,hash,include?,inject,inspect,instance_eval,instance_exec,instance_of?,instance_variable_defined?,instance_variable_get,instance_variable_set,instance_variables,is_a?,itself,kind_of?,lazy,map,max,max_by,member?,method,methods,min,min_by,minmax,minmax_by,nil?,none?,object_id,one?,partition,private_methods,protected_methods,public_method,public_methods,public_send,reduce,reject,remove_instance_variable,respond_to?,reverse_each,rewind,select,send,singleton_class,singleton_method,singleton_methods,size,slice_after,slice_before,slice_when,sort,sort_by,sum,take,take_while,tally,tap,then,to_a,to_enum,to_h,to_s,to_set,uniq,with_index,with_object,yield_self,zip
Enumerator::Product	S	!,!=,!~,<,<=,<=>,==,===,>,>=,__id__,__send__,alias_method,allocate,ancestors,attached_object,attr,attr_accessor,attr_reader,attr_writer,autoload,autoload?,class,class_eval,class_exec,class_variable_defined?,class_variable_get,class_variable_set,class_variables,clone,const_defined?,const_get,const_missing,const_set,const_source_location,constants,define_method,define_singleton_method,deprecate_constant,display,dup,enum_for,eql?,equal?,extend,freeze,frozen?,hash,include,include?,included_modules,inspect,instance_eval,instance_exec,instance_method,instance_methods,instance_of?,instance_variable_defined?,instance_variable_get,instance_variable_set,instance_variables,is_a?,itself,kind_of?,method,method_defined?,methods,module_eval,module_exec,name,new,nil?,object_id,prepend,private_class_method,private_constant,private_instance_methods,private_method_defined?,private_methods,produce,product,protected_instance_methods,protected_method_defined?,protected_methods,public_class_method,public_constant,public_instance_method,public_instance_methods,public_method,public_method_defined?,public_methods,public_send,refinements,remove_class_variable,remove_instance_variable,remove_method,respond_to?,send,set_temporary_name,singleton_class,singleton_class?,singleton_method,singleton_methods,subclasses,superclass,tap,then,to_enum,to_s,undef_method,undefined_instance_methods,yield_self
Enumerator::Product	P	Array,Complex,Float,Hash,Integer,Pathname,Rational,String,__callee__,__dir__,__method__,`,abort,at_exit,autoload,autoload?,binding,block_given?,caller,caller_locations,catch,eval,exec,exit,exit!,fail,fork,format,gets,global_variables,initialize,initialize_clone,initialize_copy,initialize_dup,instance_variables_to_inspect,iterator?,lambda,load,local_variables,loop,method_missing,open,p,pp,print,printf,proc,putc,puts,raise,rand,readline,readlines,require,require_relative,respond_to_missing?,set_trace_func,singleton_method_added,singleton_method_removed,singleton_method_undefined,sleep,spawn,sprintf,srand,syscall,system,test,throw,trace_var,trap,untrace_var,warn
Enumerator::Yielder	i	<<,to_proc,yield
Enumerator::Yielder	s	
Enumerator::Yielder	p	initialize
Enumerator::Yielder	c	
Enumerator::Yielder	I	!,!=,!~,<<,<=>,==,===,__id__,__send__,class,clone,define_singleton_method,display,dup,enum_for,eql?,equal?,extend,freeze,frozen?,hash,inspect,instance_eval,instance_exec,instance_of?,instance_variable_defined?,instance_variable_get,instance_variable_set,instance_variables,is_a?,itself,kind_of?,method,methods,nil?,object_id,private_methods,protected_methods,public_method,public_methods,public_send,remove_instance_variable,respond_to?,send,singleton_class,singleton_method,singleton_methods,tap,then,to_enum,to_proc,to_s,yield,yield_self
Enumerator::Yielder	S	!,!=,!~,<,<=,<=>,==,===,>,>=,__id__,__send__,alias_method,allocate,ancestors,attached_object,attr,attr_accessor,attr_reader,attr_writer,autoload,autoload?,class,class_eval,class_exec,class_variable_defined?,class_variable_get,class_variable_set,class_variables,clone,const_defined?,const_get,const_missing,const_set,const_source_location,constants,define_method,define_singleton_method,deprecate_constant,display,dup,enum_for,eql?,equal?,extend,freeze,frozen?,hash,include,include?,included_modules,inspect,instance_eval,instance_exec,instance_method,instance_methods,instance_of?,instance_variable_defined?,instance_variable_get,instance_variable_set,instance_variables,is_a?,itself,kind_of?,method,method_defined?,methods,module_eval,module_exec,name,new,nil?,object_id,prepend,private_class_method,private_constant,private_instance_methods,private_method_defined?,private_methods,protected_instance_methods,protected_method_defined?,protected_methods,public_class_method,public_constant,public_instance_method,public_instance_methods,public_method,public_method_defined?,public_methods,public_send,refinements,remove_class_variable,remove_instance_variable,remove_method,respond_to?,send,set_temporary_name,singleton_class,singleton_class?,singleton_method,singleton_methods,subclasses,superclass,tap,then,to_enum,to_s,undef_method,undefined_instance_methods,yield_self
Enumerator::Yielder	P	Array,Complex,Float,Hash,Integer,Pathname,Rational,String,__callee__,__dir__,__method__,`,abort,at_exit,autoload,autoload?,binding,block_given?,caller,caller_locations,catch,eval,exec,exit,exit!,fail,fork,format,gets,global_variables,initialize,initialize_clone,initialize_copy,initialize_dup,instance_variables_to_inspect,iterator?,lambda,load,local_variables,loop,method_missing,open,p,pp,print,printf,proc,putc,puts,raise,rand,readline,readlines,require,require_relative,respond_to_missing?,select,set_trace_func,singleton_method_added,singleton_method_removed,singleton_method_undefined,sleep,spawn,sprintf,srand,syscall,system,test,throw,trace_var,trap,untrace_var,warn
Errno	i	
Errno	s	
Errno	p	
Errno	c	E2BIG,EACCES,EADDRINUSE,EADDRNOTAVAIL,EADV,EAFNOSUPPORT,EAGAIN,EALREADY,EAUTH,EBADARCH,EBADE,EBADEXEC,EBADF,EBADFD,EBADMACHO,EBADMSG,EBADR,EBADRPC,EBADRQC,EBADSLT,EBFONT,EBUSY,ECANCELED,ECAPMODE,ECHILD,ECHRNG,ECOMM,ECONNABORTED,ECONNREFUSED,ECONNRESET,EDEADLK,EDEADLOCK,EDESTADDRREQ,EDEVERR,EDOM,EDOOFUS,EDOTDOT,EDQUOT,EEXIST,EFAULT,EFBIG,EFTYPE,EHOSTDOWN,EHOSTUNREACH,EHWPOISON,EIDRM,EILSEQ,EINPROGRESS,EINTR,EINVAL,EIO,EIPSEC,EISCONN,EISDIR,EISNAM,EKEYEXPIRED,EKEYREJECTED,EKEYREVOKED,EL2HLT,EL2NSYNC,EL3HLT,EL3RST,ELAST,ELIBACC,ELIBBAD,ELIBEXEC,ELIBMAX,ELIBSCN,ELNRNG,ELOOP,EMEDIUMTYPE,EMFILE,EMLINK,EMSGSIZE,EMULTIHOP,ENAMETOOLONG,ENAVAIL,ENEEDAUTH,ENETDOWN,ENETRESET,ENETUNREACH,ENFILE,ENOANO,ENOATTR,ENOBUFS,ENOCSI,ENODATA,ENODEV,ENOENT,ENOEXEC,ENOKEY,ENOLCK,ENOLINK,ENOMEDIUM,ENOMEM,ENOMSG,ENONET,ENOPKG,ENOPOLICY,ENOPROTOOPT,ENOSPC,ENOSR,ENOSTR,ENOSYS,ENOTBLK,ENOTCAPABLE,ENOTCONN,ENOTDIR,ENOTEMPTY,ENOTNAM,ENOTRECOVERABLE,ENOTSOCK,ENOTSUP,ENOTTY,ENOTUNIQ,ENXIO,EOPNOTSUPP,EOVERFLOW,EOWNERDEAD,EPERM,EPFNOSUPPORT,EPIPE,EPROCLIM,EPROCUNAVAIL,EPROGMISMATCH,EPROGUNAVAIL,EPROTO,EPROTONOSUPPORT,EPROTOTYPE,EPWROFF,EQFULL,ERANGE,EREMCHG,EREMOTE,EREMOTEIO,ERESTART,ERFKILL,EROFS,ERPCMISMATCH,ESHLIBVERS,ESHUTDOWN,ESOCKTNOSUPPORT,ESPIPE,ESRCH,ESRMNT,ESTALE,ESTRPIPE,ETIME,ETIMEDOUT,ETOOMANYREFS,ETXTBSY,EUCLEAN,EUNATCH,EUSERS,EWOULDBLOCK,EXDEV,EXFULL,NOERROR
Errno	I	
Errno	S	!,!=,!~,<,<=,<=>,==,===,>,>=,__id__,__send__,alias_method,ancestors,attr,attr_accessor,attr_reader,attr_writer,autoload,autoload?,class,class_eval,class_exec,class_variable_defined?,class_variable_get,class_variable_set,class_variables,clone,const_defined?,const_get,const_missing,const_set,const_source_location,constants,define_method,define_singleton_method,deprecate_constant,display,dup,enum_for,eql?,equal?,extend,freeze,frozen?,hash,include,include?,included_modules,inspect,instance_eval,instance_exec,instance_method,instance_methods,instance_of?,instance_variable_defined?,instance_variable_get,instance_variable_set,instance_variables,is_a?,itself,kind_of?,method,method_defined?,methods,module_eval,module_exec,name,nil?,object_id,prepend,private_class_method,private_constant,private_instance_methods,private_method_defined?,private_methods,protected_instance_methods,protected_method_defined?,protected_methods,public_class_method,public_constant,public_instance_method,public_instance_methods,public_method,public_method_defined?,public_methods,public_send,refinements,remove_class_variable,remove_instance_variable,remove_method,respond_to?,send,set_temporary_name,singleton_class,singleton_class?,singleton_method,singleton_methods,tap,then,to_enum,to_s,undef_method,undefined_instance_methods,yield_self
Errno	P	
Errno::E2BIG	i	
Errno::E2BIG	s	
Errno::E2BIG	p	
Errno::E2BIG	c	Errno
Errno::E2BIG	I	!,!=,!~,<=>,==,===,__id__,__send__,backtrace,backtrace_locations,cause,class,clone,define_singleton_method,detailed_message,display,dup,enum_for,eql?,equal?,errno,exception,extend,freeze,frozen?,full_message,hash,inspect,instance_eval,instance_exec,instance_of?,instance_variable_defined?,instance_variable_get,instance_variable_set,instance_variables,is_a?,itself,kind_of?,message,method,methods,nil?,object_id,private_methods,protected_methods,public_method,public_methods,public_send,remove_instance_variable,respond_to?,send,set_backtrace,singleton_class,singleton_method,singleton_methods,tap,then,to_enum,to_s,yield_self
Errno::E2BIG	S	!,!=,!~,<,<=,<=>,==,===,>,>=,__id__,__send__,alias_method,allocate,ancestors,attached_object,attr,attr_accessor,attr_reader,attr_writer,autoload,autoload?,class,class_eval,class_exec,class_variable_defined?,class_variable_get,class_variable_set,class_variables,clone,const_defined?,const_get,const_missing,const_set,const_source_location,constants,define_method,define_singleton_method,deprecate_constant,display,dup,enum_for,eql?,equal?,exception,extend,freeze,frozen?,hash,include,include?,included_modules,inspect,instance_eval,instance_exec,instance_method,instance_methods,instance_of?,instance_variable_defined?,instance_variable_get,instance_variable_set,instance_variables,is_a?,itself,kind_of?,method,method_defined?,methods,module_eval,module_exec,name,new,nil?,object_id,prepend,private_class_method,private_constant,private_instance_methods,private_method_defined?,private_methods,protected_instance_methods,protected_method_defined?,protected_methods,public_class_method,public_constant,public_instance_method,public_instance_methods,public_method,public_method_defined?,public_methods,public_send,refinements,remove_class_variable,remove_instance_variable,remove_method,respond_to?,send,set_temporary_name,singleton_class,singleton_class?,singleton_method,singleton_methods,subclasses,superclass,tap,then,to_enum,to_s,to_tty?,undef_method,undefined_instance_methods,yield_self
Errno::E2BIG	P	Array,Complex,Float,Hash,Integer,Pathname,Rational,String,__callee__,__dir__,__method__,`,abort,at_exit,autoload,autoload?,binding,block_given?,caller,caller_locations,catch,eval,exec,exit,exit!,fail,fork,format,gets,global_variables,initialize,initialize_clone,initialize_copy,initialize_dup,instance_variables_to_inspect,iterator?,lambda,load,local_variables,loop,method_missing,open,p,pp,print,printf,proc,putc,puts,raise,rand,readline,readlines,require,require_relative,respond_to_missing?,select,set_trace_func,singleton_method_added,singleton_method_removed,singleton_method_undefined,sleep,spawn,sprintf,srand,syscall,system,test,throw,trace_var,trap,untrace_var,warn
Errno::EACCES	i	
Errno::EACCES	s	
Errno::EACCES	p	
Errno::EACCES	c	Errno
Errno::EACCES	I	!,!=,!~,<=>,==,===,__id__,__send__,backtrace,backtrace_locations,cause,class,clone,define_singleton_method,detailed_message,display,dup,enum_for,eql?,equal?,errno,exception,extend,freeze,frozen?,full_message,hash,inspect,instance_eval,instance_exec,instance_of?,instance_variable_defined?,instance_variable_get,instance_variable_set,instance_variables,is_a?,itself,kind_of?,message,method,methods,nil?,object_id,private_methods,protected_methods,public_method,public_methods,public_send,remove_instance_variable,respond_to?,send,set_backtrace,singleton_class,singleton_method,singleton_methods,tap,then,to_enum,to_s,yield_self
Errno::EACCES	S	!,!=,!~,<,<=,<=>,==,===,>,>=,__id__,__send__,alias_method,allocate,ancestors,attached_object,attr,attr_accessor,attr_reader,attr_writer,autoload,autoload?,class,class_eval,class_exec,class_variable_defined?,class_variable_get,class_variable_set,class_variables,clone,const_defined?,const_get,const_missing,const_set,const_source_location,constants,define_method,define_singleton_method,deprecate_constant,display,dup,enum_for,eql?,equal?,exception,extend,freeze,frozen?,hash,include,include?,included_modules,inspect,instance_eval,instance_exec,instance_method,instance_methods,instance_of?,instance_variable_defined?,instance_variable_get,instance_variable_set,instance_variables,is_a?,itself,kind_of?,method,method_defined?,methods,module_eval,module_exec,name,new,nil?,object_id,prepend,private_class_method,private_constant,private_instance_methods,private_method_defined?,private_methods,protected_instance_methods,protected_method_defined?,protected_methods,public_class_method,public_constant,public_instance_method,public_instance_methods,public_method,public_method_defined?,public_methods,public_send,refinements,remove_class_variable,remove_instance_variable,remove_method,respond_to?,send,set_temporary_name,singleton_class,singleton_class?,singleton_method,singleton_methods,subclasses,superclass,tap,then,to_enum,to_s,to_tty?,undef_method,undefined_instance_methods,yield_self
Errno::EACCES	P	Array,Complex,Float,Hash,Integer,Pathname,Rational,String,__callee__,__dir__,__method__,`,abort,at_exit,autoload,autoload?,binding,block_given?,caller,caller_locations,catch,eval,exec,exit,exit!,fail,fork,format,gets,global_variables,initialize,initialize_clone,initialize_copy,initialize_dup,instance_variables_to_inspect,iterator?,lambda,load,local_variables,loop,method_missing,open,p,pp,print,printf,proc,putc,puts,raise,rand,readline,readlines,require,require_relative,respond_to_missing?,select,set_trace_func,singleton_method_added,singleton_method_removed,singleton_method_undefined,sleep,spawn,sprintf,srand,syscall,system,test,throw,trace_var,trap,untrace_var,warn
Errno::EADDRINUSE	i	
Errno::EADDRINUSE	s	
Errno::EADDRINUSE	p	
Errno::EADDRINUSE	c	Errno
Errno::EADDRINUSE	I	!,!=,!~,<=>,==,===,__id__,__send__,backtrace,backtrace_locations,cause,class,clone,define_singleton_method,detailed_message,display,dup,enum_for,eql?,equal?,errno,exception,extend,freeze,frozen?,full_message,hash,inspect,instance_eval,instance_exec,instance_of?,instance_variable_defined?,instance_variable_get,instance_variable_set,instance_variables,is_a?,itself,kind_of?,message,method,methods,nil?,object_id,private_methods,protected_methods,public_method,public_methods,public_send,remove_instance_variable,respond_to?,send,set_backtrace,singleton_class,singleton_method,singleton_methods,tap,then,to_enum,to_s,yield_self
Errno::EADDRINUSE	S	!,!=,!~,<,<=,<=>,==,===,>,>=,__id__,__send__,alias_method,allocate,ancestors,attached_object,attr,attr_accessor,attr_reader,attr_writer,autoload,autoload?,class,class_eval,class_exec,class_variable_defined?,class_variable_get,class_variable_set,class_variables,clone,const_defined?,const_get,const_missing,const_set,const_source_location,constants,define_method,define_singleton_method,deprecate_constant,display,dup,enum_for,eql?,equal?,exception,extend,freeze,frozen?,hash,include,include?,included_modules,inspect,instance_eval,instance_exec,instance_method,instance_methods,instance_of?,instance_variable_defined?,instance_variable_get,instance_variable_set,instance_variables,is_a?,itself,kind_of?,method,method_defined?,methods,module_eval,module_exec,name,new,nil?,object_id,prepend,private_class_method,private_constant,private_instance_methods,private_method_defined?,private_methods,protected_instance_methods,protected_method_defined?,protected_methods,public_class_method,public_constant,public_instance_method,public_instance_methods,public_method,public_method_defined?,public_methods,public_send,refinements,remove_class_variable,remove_instance_variable,remove_method,respond_to?,send,set_temporary_name,singleton_class,singleton_class?,singleton_method,singleton_methods,subclasses,superclass,tap,then,to_enum,to_s,to_tty?,undef_method,undefined_instance_methods,yield_self
Errno::EADDRINUSE	P	Array,Complex,Float,Hash,Integer,Pathname,Rational,String,__callee__,__dir__,__method__,`,abort,at_exit,autoload,autoload?,binding,block_given?,caller,caller_locations,catch,eval,exec,exit,exit!,fail,fork,format,gets,global_variables,initialize,initialize_clone,initialize_copy,initialize_dup,instance_variables_to_inspect,iterator?,lambda,load,local_variables,loop,method_missing,open,p,pp,print,printf,proc,putc,puts,raise,rand,readline,readlines,require,require_relative,respond_to_missing?,select,set_trace_func,singleton_method_added,singleton_method_removed,singleton_method_undefined,sleep,spawn,sprintf,srand,syscall,system,test,throw,trace_var,trap,untrace_var,warn
Errno::EADDRNOTAVAIL	i	
Errno::EADDRNOTAVAIL	s	
Errno::EADDRNOTAVAIL	p	
Errno::EADDRNOTAVAIL	c	Errno
Errno::EADDRNOTAVAIL	I	!,!=,!~,<=>,==,===,__id__,__send__,backtrace,backtrace_locations,cause,class,clone,define_singleton_method,detailed_message,display,dup,enum_for,eql?,equal?,errno,exception,extend,freeze,frozen?,full_message,hash,inspect,instance_eval,instance_exec,instance_of?,instance_variable_defined?,instance_variable_get,instance_variable_set,instance_variables,is_a?,itself,kind_of?,message,method,methods,nil?,object_id,private_methods,protected_methods,public_method,public_methods,public_send,remove_instance_variable,respond_to?,send,set_backtrace,singleton_class,singleton_method,singleton_methods,tap,then,to_enum,to_s,yield_self
Errno::EADDRNOTAVAIL	S	!,!=,!~,<,<=,<=>,==,===,>,>=,__id__,__send__,alias_method,allocate,ancestors,attached_object,attr,attr_accessor,attr_reader,attr_writer,autoload,autoload?,class,class_eval,class_exec,class_variable_defined?,class_variable_get,class_variable_set,class_variables,clone,const_defined?,const_get,const_missing,const_set,const_source_location,constants,define_method,define_singleton_method,deprecate_constant,display,dup,enum_for,eql?,equal?,exception,extend,freeze,frozen?,hash,include,include?,included_modules,inspect,instance_eval,instance_exec,instance_method,instance_methods,instance_of?,instance_variable_defined?,instance_variable_get,instance_variable_set,instance_variables,is_a?,itself,kind_of?,method,method_defined?,methods,module_eval,module_exec,name,new,nil?,object_id,prepend,private_class_method,private_constant,private_instance_methods,private_method_defined?,private_methods,protected_instance_methods,protected_method_defined?,protected_methods,public_class_method,public_constant,public_instance_method,public_instance_methods,public_method,public_method_defined?,public_methods,public_send,refinements,remove_class_variable,remove_instance_variable,remove_method,respond_to?,send,set_temporary_name,singleton_class,singleton_class?,singleton_method,singleton_methods,subclasses,superclass,tap,then,to_enum,to_s,to_tty?,undef_method,undefined_instance_methods,yield_self
Errno::EADDRNOTAVAIL	P	Array,Complex,Float,Hash,Integer,Pathname,Rational,String,__callee__,__dir__,__method__,`,abort,at_exit,autoload,autoload?,binding,block_given?,caller,caller_locations,catch,eval,exec,exit,exit!,fail,fork,format,gets,global_variables,initialize,initialize_clone,initialize_copy,initialize_dup,instance_variables_to_inspect,iterator?,lambda,load,local_variables,loop,method_missing,open,p,pp,print,printf,proc,putc,puts,raise,rand,readline,readlines,require,require_relative,respond_to_missing?,select,set_trace_func,singleton_method_added,singleton_method_removed,singleton_method_undefined,sleep,spawn,sprintf,srand,syscall,system,test,throw,trace_var,trap,untrace_var,warn
Errno::EAFNOSUPPORT	i	
Errno::EAFNOSUPPORT	s	
Errno::EAFNOSUPPORT	p	
Errno::EAFNOSUPPORT	c	Errno
Errno::EAFNOSUPPORT	I	!,!=,!~,<=>,==,===,__id__,__send__,backtrace,backtrace_locations,cause,class,clone,define_singleton_method,detailed_message,display,dup,enum_for,eql?,equal?,errno,exception,extend,freeze,frozen?,full_message,hash,inspect,instance_eval,instance_exec,instance_of?,instance_variable_defined?,instance_variable_get,instance_variable_set,instance_variables,is_a?,itself,kind_of?,message,method,methods,nil?,object_id,private_methods,protected_methods,public_method,public_methods,public_send,remove_instance_variable,respond_to?,send,set_backtrace,singleton_class,singleton_method,singleton_methods,tap,then,to_enum,to_s,yield_self
Errno::EAFNOSUPPORT	S	!,!=,!~,<,<=,<=>,==,===,>,>=,__id__,__send__,alias_method,allocate,ancestors,attached_object,attr,attr_accessor,attr_reader,attr_writer,autoload,autoload?,class,class_eval,class_exec,class_variable_defined?,class_variable_get,class_variable_set,class_variables,clone,const_defined?,const_get,const_missing,const_set,const_source_location,constants,define_method,define_singleton_method,deprecate_constant,display,dup,enum_for,eql?,equal?,exception,extend,freeze,frozen?,hash,include,include?,included_modules,inspect,instance_eval,instance_exec,instance_method,instance_methods,instance_of?,instance_variable_defined?,instance_variable_get,instance_variable_set,instance_variables,is_a?,itself,kind_of?,method,method_defined?,methods,module_eval,module_exec,name,new,nil?,object_id,prepend,private_class_method,private_constant,private_instance_methods,private_method_defined?,private_methods,protected_instance_methods,protected_method_defined?,protected_methods,public_class_method,public_constant,public_instance_method,public_instance_methods,public_method,public_method_defined?,public_methods,public_send,refinements,remove_class_variable,remove_instance_variable,remove_method,respond_to?,send,set_temporary_name,singleton_class,singleton_class?,singleton_method,singleton_methods,subclasses,superclass,tap,then,to_enum,to_s,to_tty?,undef_method,undefined_instance_methods,yield_self
Errno::EAFNOSUPPORT	P	Array,Complex,Float,Hash,Integer,Pathname,Rational,String,__callee__,__dir__,__method__,`,abort,at_exit,autoload,autoload?,binding,block_given?,caller,caller_locations,catch,eval,exec,exit,exit!,fail,fork,format,gets,global_variables,initialize,initialize_clone,initialize_copy,initialize_dup,instance_variables_to_inspect,iterator?,lambda,load,local_variables,loop,method_missing,open,p,pp,print,printf,proc,putc,puts,raise,rand,readline,readlines,require,require_relative,respond_to_missing?,select,set_trace_func,singleton_method_added,singleton_method_removed,singleton_method_undefined,sleep,spawn,sprintf,srand,syscall,system,test,throw,trace_var,trap,untrace_var,warn
Errno::EAGAIN	i	
Errno::EAGAIN	s	
Errno::EAGAIN	p	
Errno::EAGAIN	c	Errno
Errno::EAGAIN	I	!,!=,!~,<=>,==,===,__id__,__send__,backtrace,backtrace_locations,cause,class,clone,define_singleton_method,detailed_message,display,dup,enum_for,eql?,equal?,errno,exception,extend,freeze,frozen?,full_message,hash,inspect,instance_eval,instance_exec,instance_of?,instance_variable_defined?,instance_variable_get,instance_variable_set,instance_variables,is_a?,itself,kind_of?,message,method,methods,nil?,object_id,private_methods,protected_methods,public_method,public_methods,public_send,remove_instance_variable,respond_to?,send,set_backtrace,singleton_class,singleton_method,singleton_methods,tap,then,to_enum,to_s,yield_self
Errno::EAGAIN	S	!,!=,!~,<,<=,<=>,==,===,>,>=,__id__,__send__,alias_method,allocate,ancestors,attached_object,attr,attr_accessor,attr_reader,attr_writer,autoload,autoload?,class,class_eval,class_exec,class_variable_defined?,class_variable_get,class_variable_set,class_variables,clone,const_defined?,const_get,const_missing,const_set,const_source_location,constants,define_method,define_singleton_method,deprecate_constant,display,dup,enum_for,eql?,equal?,exception,extend,freeze,frozen?,hash,include,include?,included_modules,inspect,instance_eval,instance_exec,instance_method,instance_methods,instance_of?,instance_variable_defined?,instance_variable_get,instance_variable_set,instance_variables,is_a?,itself,kind_of?,method,method_defined?,methods,module_eval,module_exec,name,new,nil?,object_id,prepend,private_class_method,private_constant,private_instance_methods,private_method_defined?,private_methods,protected_instance_methods,protected_method_defined?,protected_methods,public_class_method,public_constant,public_instance_method,public_instance_methods,public_method,public_method_defined?,public_methods,public_send,refinements,remove_class_variable,remove_instance_variable,remove_method,respond_to?,send,set_temporary_name,singleton_class,singleton_class?,singleton_method,singleton_methods,subclasses,superclass,tap,then,to_enum,to_s,to_tty?,undef_method,undefined_instance_methods,yield_self
Errno::EAGAIN	P	Array,Complex,Float,Hash,Integer,Pathname,Rational,String,__callee__,__dir__,__method__,`,abort,at_exit,autoload,autoload?,binding,block_given?,caller,caller_locations,catch,eval,exec,exit,exit!,fail,fork,format,gets,global_variables,initialize,initialize_clone,initialize_copy,initialize_dup,instance_variables_to_inspect,iterator?,lambda,load,local_variables,loop,method_missing,open,p,pp,print,printf,proc,putc,puts,raise,rand,readline,readlines,require,require_relative,respond_to_missing?,select,set_trace_func,singleton_method_added,singleton_method_removed,singleton_method_undefined,sleep,spawn,sprintf,srand,syscall,system,test,throw,trace_var,trap,untrace_var,warn
Errno::EALREADY	i	
Errno::EALREADY	s	
Errno::EALREADY	p	
Errno::EALREADY	c	Errno
Errno::EALREADY	I	!,!=,!~,<=>,==,===,__id__,__send__,backtrace,backtrace_locations,cause,class,clone,define_singleton_method,detailed_message,display,dup,enum_for,eql?,equal?,errno,exception,extend,freeze,frozen?,full_message,hash,inspect,instance_eval,instance_exec,instance_of?,instance_variable_defined?,instance_variable_get,instance_variable_set,instance_variables,is_a?,itself,kind_of?,message,method,methods,nil?,object_id,private_methods,protected_methods,public_method,public_methods,public_send,remove_instance_variable,respond_to?,send,set_backtrace,singleton_class,singleton_method,singleton_methods,tap,then,to_enum,to_s,yield_self
Errno::EALREADY	S	!,!=,!~,<,<=,<=>,==,===,>,>=,__id__,__send__,alias_method,allocate,ancestors,attached_object,attr,attr_accessor,attr_reader,attr_writer,autoload,autoload?,class,class_eval,class_exec,class_variable_defined?,class_variable_get,class_variable_set,class_variables,clone,const_defined?,const_get,const_missing,const_set,const_source_location,constants,define_method,define_singleton_method,deprecate_constant,display,dup,enum_for,eql?,equal?,exception,extend,freeze,frozen?,hash,include,include?,included_modules,inspect,instance_eval,instance_exec,instance_method,instance_methods,instance_of?,instance_variable_defined?,instance_variable_get,instance_variable_set,instance_variables,is_a?,itself,kind_of?,method,method_defined?,methods,module_eval,module_exec,name,new,nil?,object_id,prepend,private_class_method,private_constant,private_instance_methods,private_method_defined?,private_methods,protected_instance_methods,protected_method_defined?,protected_methods,public_class_method,public_constant,public_instance_method,public_instance_methods,public_method,public_method_defined?,public_methods,public_send,refinements,remove_class_variable,remove_instance_variable,remove_method,respond_to?,send,set_temporary_name,singleton_class,singleton_class?,singleton_method,singleton_methods,subclasses,superclass,tap,then,to_enum,to_s,to_tty?,undef_method,undefined_instance_methods,yield_self
Errno::EALREADY	P	Array,Complex,Float,Hash,Integer,Pathname,Rational,String,__callee__,__dir__,__method__,`,abort,at_exit,autoload,autoload?,binding,block_given?,caller,caller_locations,catch,eval,exec,exit,exit!,fail,fork,format,gets,global_variables,initialize,initialize_clone,initialize_copy,initialize_dup,instance_variables_to_inspect,iterator?,lambda,load,local_variables,loop,method_missing,open,p,pp,print,printf,proc,putc,puts,raise,rand,readline,readlines,require,require_relative,respond_to_missing?,select,set_trace_func,singleton_method_added,singleton_method_removed,singleton_method_undefined,sleep,spawn,sprintf,srand,syscall,system,test,throw,trace_var,trap,untrace_var,warn
Errno::EAUTH	i	
Errno::EAUTH	s	
Errno::EAUTH	p	
Errno::EAUTH	c	Errno
Errno::EAUTH	I	!,!=,!~,<=>,==,===,__id__,__send__,backtrace,backtrace_locations,cause,class,clone,define_singleton_method,detailed_message,display,dup,enum_for,eql?,equal?,errno,exception,extend,freeze,frozen?,full_message,hash,inspect,instance_eval,instance_exec,instance_of?,instance_variable_defined?,instance_variable_get,instance_variable_set,instance_variables,is_a?,itself,kind_of?,message,method,methods,nil?,object_id,private_methods,protected_methods,public_method,public_methods,public_send,remove_instance_variable,respond_to?,send,set_backtrace,singleton_class,singleton_method,singleton_methods,tap,then,to_enum,to_s,yield_self
Errno::EAUTH	S	!,!=,!~,<,<=,<=>,==,===,>,>=,__id__,__send__,alias_method,allocate,ancestors,attached_object,attr,attr_accessor,attr_reader,attr_writer,autoload,autoload?,class,class_eval,class_exec,class_variable_defined?,class_variable_get,class_variable_set,class_variables,clone,const_defined?,const_get,const_missing,const_set,const_source_location,constants,define_method,define_singleton_method,deprecate_constant,display,dup,enum_for,eql?,equal?,exception,extend,freeze,frozen?,hash,include,include?,included_modules,inspect,instance_eval,instance_exec,instance_method,instance_methods,instance_of?,instance_variable_defined?,instance_variable_get,instance_variable_set,instance_variables,is_a?,itself,kind_of?,method,method_defined?,methods,module_eval,module_exec,name,new,nil?,object_id,prepend,private_class_method,private_constant,private_instance_methods,private_method_defined?,private_methods,protected_instance_methods,protected_method_defined?,protected_methods,public_class_method,public_constant,public_instance_method,public_instance_methods,public_method,public_method_defined?,public_methods,public_send,refinements,remove_class_variable,remove_instance_variable,remove_method,respond_to?,send,set_temporary_name,singleton_class,singleton_class?,singleton_method,singleton_methods,subclasses,superclass,tap,then,to_enum,to_s,to_tty?,undef_method,undefined_instance_methods,yield_self
Errno::EAUTH	P	Array,Complex,Float,Hash,Integer,Pathname,Rational,String,__callee__,__dir__,__method__,`,abort,at_exit,autoload,autoload?,binding,block_given?,caller,caller_locations,catch,eval,exec,exit,exit!,fail,fork,format,gets,global_variables,initialize,initialize_clone,initialize_copy,initialize_dup,instance_variables_to_inspect,iterator?,lambda,load,local_variables,loop,method_missing,open,p,pp,print,printf,proc,putc,puts,raise,rand,readline,readlines,require,require_relative,respond_to_missing?,select,set_trace_func,singleton_method_added,singleton_method_removed,singleton_method_undefined,sleep,spawn,sprintf,srand,syscall,system,test,throw,trace_var,trap,untrace_var,warn
Errno::EBADARCH	i	
Errno::EBADARCH	s	
Errno::EBADARCH	p	
Errno::EBADARCH	c	Errno
Errno::EBADARCH	I	!,!=,!~,<=>,==,===,__id__,__send__,backtrace,backtrace_locations,cause,class,clone,define_singleton_method,detailed_message,display,dup,enum_for,eql?,equal?,errno,exception,extend,freeze,frozen?,full_message,hash,inspect,instance_eval,instance_exec,instance_of?,instance_variable_defined?,instance_variable_get,instance_variable_set,instance_variables,is_a?,itself,kind_of?,message,method,methods,nil?,object_id,private_methods,protected_methods,public_method,public_methods,public_send,remove_instance_variable,respond_to?,send,set_backtrace,singleton_class,singleton_method,singleton_methods,tap,then,to_enum,to_s,yield_self
Errno::EBADARCH	S	!,!=,!~,<,<=,<=>,==,===,>,>=,__id__,__send__,alias_method,allocate,ancestors,attached_object,attr,attr_accessor,attr_reader,attr_writer,autoload,autoload?,class,class_eval,class_exec,class_variable_defined?,class_variable_get,class_variable_set,class_variables,clone,const_defined?,const_get,const_missing,const_set,const_source_location,constants,define_method,define_singleton_method,deprecate_constant,display,dup,enum_for,eql?,equal?,exception,extend,freeze,frozen?,hash,include,include?,included_modules,inspect,instance_eval,instance_exec,instance_method,instance_methods,instance_of?,instance_variable_defined?,instance_variable_get,instance_variable_set,instance_variables,is_a?,itself,kind_of?,method,method_defined?,methods,module_eval,module_exec,name,new,nil?,object_id,prepend,private_class_method,private_constant,private_instance_methods,private_method_defined?,private_methods,protected_instance_methods,protected_method_defined?,protected_methods,public_class_method,public_constant,public_instance_method,public_instance_methods,public_method,public_method_defined?,public_methods,public_send,refinements,remove_class_variable,remove_instance_variable,remove_method,respond_to?,send,set_temporary_name,singleton_class,singleton_class?,singleton_method,singleton_methods,subclasses,superclass,tap,then,to_enum,to_s,to_tty?,undef_method,undefined_instance_methods,yield_self
Errno::EBADARCH	P	Array,Complex,Float,Hash,Integer,Pathname,Rational,String,__callee__,__dir__,__method__,`,abort,at_exit,autoload,autoload?,binding,block_given?,caller,caller_locations,catch,eval,exec,exit,exit!,fail,fork,format,gets,global_variables,initialize,initialize_clone,initialize_copy,initialize_dup,instance_variables_to_inspect,iterator?,lambda,load,local_variables,loop,method_missing,open,p,pp,print,printf,proc,putc,puts,raise,rand,readline,readlines,require,require_relative,respond_to_missing?,select,set_trace_func,singleton_method_added,singleton_method_removed,singleton_method_undefined,sleep,spawn,sprintf,srand,syscall,system,test,throw,trace_var,trap,untrace_var,warn
Errno::EBADEXEC	i	
Errno::EBADEXEC	s	
Errno::EBADEXEC	p	
Errno::EBADEXEC	c	Errno
Errno::EBADEXEC	I	!,!=,!~,<=>,==,===,__id__,__send__,backtrace,backtrace_locations,cause,class,clone,define_singleton_method,detailed_message,display,dup,enum_for,eql?,equal?,errno,exception,extend,freeze,frozen?,full_message,hash,inspect,instance_eval,instance_exec,instance_of?,instance_variable_defined?,instance_variable_get,instance_variable_set,instance_variables,is_a?,itself,kind_of?,message,method,methods,nil?,object_id,private_methods,protected_methods,public_method,public_methods,public_send,remove_instance_variable,respond_to?,send,set_backtrace,singleton_class,singleton_method,singleton_methods,tap,then,to_enum,to_s,yield_self
Errno::EBADEXEC	S	!,!=,!~,<,<=,<=>,==,===,>,>=,__id__,__send__,alias_method,allocate,ancestors,attached_object,attr,attr_accessor,attr_reader,attr_writer,autoload,autoload?,class,class_eval,class_exec,class_variable_defined?,class_variable_get,class_variable_set,class_variables,clone,const_defined?,const_get,const_missing,const_set,const_source_location,constants,define_method,define_singleton_method,deprecate_constant,display,dup,enum_for,eql?,equal?,exception,extend,freeze,frozen?,hash,include,include?,included_modules,inspect,instance_eval,instance_exec,instance_method,instance_methods,instance_of?,instance_variable_defined?,instance_variable_get,instance_variable_set,instance_variables,is_a?,itself,kind_of?,method,method_defined?,methods,module_eval,module_exec,name,new,nil?,object_id,prepend,private_class_method,private_constant,private_instance_methods,private_method_defined?,private_methods,protected_instance_methods,protected_method_defined?,protected_methods,public_class_method,public_constant,public_instance_method,public_instance_methods,public_method,public_method_defined?,public_methods,public_send,refinements,remove_class_variable,remove_instance_variable,remove_method,respond_to?,send,set_temporary_name,singleton_class,singleton_class?,singleton_method,singleton_methods,subclasses,superclass,tap,then,to_enum,to_s,to_tty?,undef_method,undefined_instance_methods,yield_self
Errno::EBADEXEC	P	Array,Complex,Float,Hash,Integer,Pathname,Rational,String,__callee__,__dir__,__method__,`,abort,at_exit,autoload,autoload?,binding,block_given?,caller,caller_locations,catch,eval,exec,exit,exit!,fail,fork,format,gets,global_variables,initialize,initialize_clone,initialize_copy,initialize_dup,instance_variables_to_inspect,iterator?,lambda,load,local_variables,loop,method_missing,open,p,pp,print,printf,proc,putc,puts,raise,rand,readline,readlines,require,require_relative,respond_to_missing?,select,set_trace_func,singleton_method_added,singleton_method_removed,singleton_method_undefined,sleep,spawn,sprintf,srand,syscall,system,test,throw,trace_var,trap,untrace_var,warn
Errno::EBADF	i	
Errno::EBADF	s	
Errno::EBADF	p	
Errno::EBADF	c	Errno
Errno::EBADF	I	!,!=,!~,<=>,==,===,__id__,__send__,backtrace,backtrace_locations,cause,class,clone,define_singleton_method,detailed_message,display,dup,enum_for,eql?,equal?,errno,exception,extend,freeze,frozen?,full_message,hash,inspect,instance_eval,instance_exec,instance_of?,instance_variable_defined?,instance_variable_get,instance_variable_set,instance_variables,is_a?,itself,kind_of?,message,method,methods,nil?,object_id,private_methods,protected_methods,public_method,public_methods,public_send,remove_instance_variable,respond_to?,send,set_backtrace,singleton_class,singleton_method,singleton_methods,tap,then,to_enum,to_s,yield_self
Errno::EBADF	S	!,!=,!~,<,<=,<=>,==,===,>,>=,__id__,__send__,alias_method,allocate,ancestors,attached_object,attr,attr_accessor,attr_reader,attr_writer,autoload,autoload?,class,class_eval,class_exec,class_variable_defined?,class_variable_get,class_variable_set,class_variables,clone,const_defined?,const_get,const_missing,const_set,const_source_location,constants,define_method,define_singleton_method,deprecate_constant,display,dup,enum_for,eql?,equal?,exception,extend,freeze,frozen?,hash,include,include?,included_modules,inspect,instance_eval,instance_exec,instance_method,instance_methods,instance_of?,instance_variable_defined?,instance_variable_get,instance_variable_set,instance_variables,is_a?,itself,kind_of?,method,method_defined?,methods,module_eval,module_exec,name,new,nil?,object_id,prepend,private_class_method,private_constant,private_instance_methods,private_method_defined?,private_methods,protected_instance_methods,protected_method_defined?,protected_methods,public_class_method,public_constant,public_instance_method,public_instance_methods,public_method,public_method_defined?,public_methods,public_send,refinements,remove_class_variable,remove_instance_variable,remove_method,respond_to?,send,set_temporary_name,singleton_class,singleton_class?,singleton_method,singleton_methods,subclasses,superclass,tap,then,to_enum,to_s,to_tty?,undef_method,undefined_instance_methods,yield_self
Errno::EBADF	P	Array,Complex,Float,Hash,Integer,Pathname,Rational,String,__callee__,__dir__,__method__,`,abort,at_exit,autoload,autoload?,binding,block_given?,caller,caller_locations,catch,eval,exec,exit,exit!,fail,fork,format,gets,global_variables,initialize,initialize_clone,initialize_copy,initialize_dup,instance_variables_to_inspect,iterator?,lambda,load,local_variables,loop,method_missing,open,p,pp,print,printf,proc,putc,puts,raise,rand,readline,readlines,require,require_relative,respond_to_missing?,select,set_trace_func,singleton_method_added,singleton_method_removed,singleton_method_undefined,sleep,spawn,sprintf,srand,syscall,system,test,throw,trace_var,trap,untrace_var,warn
Errno::EBADMACHO	i	
Errno::EBADMACHO	s	
Errno::EBADMACHO	p	
Errno::EBADMACHO	c	Errno
Errno::EBADMACHO	I	!,!=,!~,<=>,==,===,__id__,__send__,backtrace,backtrace_locations,cause,class,clone,define_singleton_method,detailed_message,display,dup,enum_for,eql?,equal?,errno,exception,extend,freeze,frozen?,full_message,hash,inspect,instance_eval,instance_exec,instance_of?,instance_variable_defined?,instance_variable_get,instance_variable_set,instance_variables,is_a?,itself,kind_of?,message,method,methods,nil?,object_id,private_methods,protected_methods,public_method,public_methods,public_send,remove_instance_variable,respond_to?,send,set_backtrace,singleton_class,singleton_method,singleton_methods,tap,then,to_enum,to_s,yield_self
Errno::EBADMACHO	S	!,!=,!~,<,<=,<=>,==,===,>,>=,__id__,__send__,alias_method,allocate,ancestors,attached_object,attr,attr_accessor,attr_reader,attr_writer,autoload,autoload?,class,class_eval,class_exec,class_variable_defined?,class_variable_get,class_variable_set,class_variables,clone,const_defined?,const_get,const_missing,const_set,const_source_location,constants,define_method,define_singleton_method,deprecate_constant,display,dup,enum_for,eql?,equal?,exception,extend,freeze,frozen?,hash,include,include?,included_modules,inspect,instance_eval,instance_exec,instance_method,instance_methods,instance_of?,instance_variable_defined?,instance_variable_get,instance_variable_set,instance_variables,is_a?,itself,kind_of?,method,method_defined?,methods,module_eval,module_exec,name,new,nil?,object_id,prepend,private_class_method,private_constant,private_instance_methods,private_method_defined?,private_methods,protected_instance_methods,protected_method_defined?,protected_methods,public_class_method,public_constant,public_instance_method,public_instance_methods,public_method,public_method_defined?,public_methods,public_send,refinements,remove_class_variable,remove_instance_variable,remove_method,respond_to?,send,set_temporary_name,singleton_class,singleton_class?,singleton_method,singleton_methods,subclasses,superclass,tap,then,to_enum,to_s,to_tty?,undef_method,undefined_instance_methods,yield_self
Errno::EBADMACHO	P	Array,Complex,Float,Hash,Integer,Pathname,Rational,String,__callee__,__dir__,__method__,`,abort,at_exit,autoload,autoload?,binding,block_given?,caller,caller_locations,catch,eval,exec,exit,exit!,fail,fork,format,gets,global_variables,initialize,initialize_clone,initialize_copy,initialize_dup,instance_variables_to_inspect,iterator?,lambda,load,local_variables,loop,method_missing,open,p,pp,print,printf,proc,putc,puts,raise,rand,readline,readlines,require,require_relative,respond_to_missing?,select,set_trace_func,singleton_method_added,singleton_method_removed,singleton_method_undefined,sleep,spawn,sprintf,srand,syscall,system,test,throw,trace_var,trap,untrace_var,warn
Errno::EBADMSG	i	
Errno::EBADMSG	s	
Errno::EBADMSG	p	
Errno::EBADMSG	c	Errno
Errno::EBADMSG	I	!,!=,!~,<=>,==,===,__id__,__send__,backtrace,backtrace_locations,cause,class,clone,define_singleton_method,detailed_message,display,dup,enum_for,eql?,equal?,errno,exception,extend,freeze,frozen?,full_message,hash,inspect,instance_eval,instance_exec,instance_of?,instance_variable_defined?,instance_variable_get,instance_variable_set,instance_variables,is_a?,itself,kind_of?,message,method,methods,nil?,object_id,private_methods,protected_methods,public_method,public_methods,public_send,remove_instance_variable,respond_to?,send,set_backtrace,singleton_class,singleton_method,singleton_methods,tap,then,to_enum,to_s,yield_self
Errno::EBADMSG	S	!,!=,!~,<,<=,<=>,==,===,>,>=,__id__,__send__,alias_method,allocate,ancestors,attached_object,attr,attr_accessor,attr_reader,attr_writer,autoload,autoload?,class,class_eval,class_exec,class_variable_defined?,class_variable_get,class_variable_set,class_variables,clone,const_defined?,const_get,const_missing,const_set,const_source_location,constants,define_method,define_singleton_method,deprecate_constant,display,dup,enum_for,eql?,equal?,exception,extend,freeze,frozen?,hash,include,include?,included_modules,inspect,instance_eval,instance_exec,instance_method,instance_methods,instance_of?,instance_variable_defined?,instance_variable_get,instance_variable_set,instance_variables,is_a?,itself,kind_of?,method,method_defined?,methods,module_eval,module_exec,name,new,nil?,object_id,prepend,private_class_method,private_constant,private_instance_methods,private_method_defined?,private_methods,protected_instance_methods,protected_method_defined?,protected_methods,public_class_method,public_constant,public_instance_method,public_instance_methods,public_method,public_method_defined?,public_methods,public_send,refinements,remove_class_variable,remove_instance_variable,remove_method,respond_to?,send,set_temporary_name,singleton_class,singleton_class?,singleton_method,singleton_methods,subclasses,superclass,tap,then,to_enum,to_s,to_tty?,undef_method,undefined_instance_methods,yield_self
Errno::EBADMSG	P	Array,Complex,Float,Hash,Integer,Pathname,Rational,String,__callee__,__dir__,__method__,`,abort,at_exit,autoload,autoload?,binding,block_given?,caller,caller_locations,catch,eval,exec,exit,exit!,fail,fork,format,gets,global_variables,initialize,initialize_clone,initialize_copy,initialize_dup,instance_variables_to_inspect,iterator?,lambda,load,local_variables,loop,method_missing,open,p,pp,print,printf,proc,putc,puts,raise,rand,readline,readlines,require,require_relative,respond_to_missing?,select,set_trace_func,singleton_method_added,singleton_method_removed,singleton_method_undefined,sleep,spawn,sprintf,srand,syscall,system,test,throw,trace_var,trap,untrace_var,warn
Errno::EBADRPC	i	
Errno::EBADRPC	s	
Errno::EBADRPC	p	
Errno::EBADRPC	c	Errno
Errno::EBADRPC	I	!,!=,!~,<=>,==,===,__id__,__send__,backtrace,backtrace_locations,cause,class,clone,define_singleton_method,detailed_message,display,dup,enum_for,eql?,equal?,errno,exception,extend,freeze,frozen?,full_message,hash,inspect,instance_eval,instance_exec,instance_of?,instance_variable_defined?,instance_variable_get,instance_variable_set,instance_variables,is_a?,itself,kind_of?,message,method,methods,nil?,object_id,private_methods,protected_methods,public_method,public_methods,public_send,remove_instance_variable,respond_to?,send,set_backtrace,singleton_class,singleton_method,singleton_methods,tap,then,to_enum,to_s,yield_self
Errno::EBADRPC	S	!,!=,!~,<,<=,<=>,==,===,>,>=,__id__,__send__,alias_method,allocate,ancestors,attached_object,attr,attr_accessor,attr_reader,attr_writer,autoload,autoload?,class,class_eval,class_exec,class_variable_defined?,class_variable_get,class_variable_set,class_variables,clone,const_defined?,const_get,const_missing,const_set,const_source_location,constants,define_method,define_singleton_method,deprecate_constant,display,dup,enum_for,eql?,equal?,exception,extend,freeze,frozen?,hash,include,include?,included_modules,inspect,instance_eval,instance_exec,instance_method,instance_methods,instance_of?,instance_variable_defined?,instance_variable_get,instance_variable_set,instance_variables,is_a?,itself,kind_of?,method,method_defined?,methods,module_eval,module_exec,name,new,nil?,object_id,prepend,private_class_method,private_constant,private_instance_methods,private_method_defined?,private_methods,protected_instance_methods,protected_method_defined?,protected_methods,public_class_method,public_constant,public_instance_method,public_instance_methods,public_method,public_method_defined?,public_methods,public_send,refinements,remove_class_variable,remove_instance_variable,remove_method,respond_to?,send,set_temporary_name,singleton_class,singleton_class?,singleton_method,singleton_methods,subclasses,superclass,tap,then,to_enum,to_s,to_tty?,undef_method,undefined_instance_methods,yield_self
Errno::EBADRPC	P	Array,Complex,Float,Hash,Integer,Pathname,Rational,String,__callee__,__dir__,__method__,`,abort,at_exit,autoload,autoload?,binding,block_given?,caller,caller_locations,catch,eval,exec,exit,exit!,fail,fork,format,gets,global_variables,initialize,initialize_clone,initialize_copy,initialize_dup,instance_variables_to_inspect,iterator?,lambda,load,local_variables,loop,method_missing,open,p,pp,print,printf,proc,putc,puts,raise,rand,readline,readlines,require,require_relative,respond_to_missing?,select,set_trace_func,singleton_method_added,singleton_method_removed,singleton_method_undefined,sleep,spawn,sprintf,srand,syscall,system,test,throw,trace_var,trap,untrace_var,warn
Errno::EBUSY	i	
Errno::EBUSY	s	
Errno::EBUSY	p	
Errno::EBUSY	c	Errno
Errno::EBUSY	I	!,!=,!~,<=>,==,===,__id__,__send__,backtrace,backtrace_locations,cause,class,clone,define_singleton_method,detailed_message,display,dup,enum_for,eql?,equal?,errno,exception,extend,freeze,frozen?,full_message,hash,inspect,instance_eval,instance_exec,instance_of?,instance_variable_defined?,instance_variable_get,instance_variable_set,instance_variables,is_a?,itself,kind_of?,message,method,methods,nil?,object_id,private_methods,protected_methods,public_method,public_methods,public_send,remove_instance_variable,respond_to?,send,set_backtrace,singleton_class,singleton_method,singleton_methods,tap,then,to_enum,to_s,yield_self
Errno::EBUSY	S	!,!=,!~,<,<=,<=>,==,===,>,>=,__id__,__send__,alias_method,allocate,ancestors,attached_object,attr,attr_accessor,attr_reader,attr_writer,autoload,autoload?,class,class_eval,class_exec,class_variable_defined?,class_variable_get,class_variable_set,class_variables,clone,const_defined?,const_get,const_missing,const_set,const_source_location,constants,define_method,define_singleton_method,deprecate_constant,display,dup,enum_for,eql?,equal?,exception,extend,freeze,frozen?,hash,include,include?,included_modules,inspect,instance_eval,instance_exec,instance_method,instance_methods,instance_of?,instance_variable_defined?,instance_variable_get,instance_variable_set,instance_variables,is_a?,itself,kind_of?,method,method_defined?,methods,module_eval,module_exec,name,new,nil?,object_id,prepend,private_class_method,private_constant,private_instance_methods,private_method_defined?,private_methods,protected_instance_methods,protected_method_defined?,protected_methods,public_class_method,public_constant,public_instance_method,public_instance_methods,public_method,public_method_defined?,public_methods,public_send,refinements,remove_class_variable,remove_instance_variable,remove_method,respond_to?,send,set_temporary_name,singleton_class,singleton_class?,singleton_method,singleton_methods,subclasses,superclass,tap,then,to_enum,to_s,to_tty?,undef_method,undefined_instance_methods,yield_self
Errno::EBUSY	P	Array,Complex,Float,Hash,Integer,Pathname,Rational,String,__callee__,__dir__,__method__,`,abort,at_exit,autoload,autoload?,binding,block_given?,caller,caller_locations,catch,eval,exec,exit,exit!,fail,fork,format,gets,global_variables,initialize,initialize_clone,initialize_copy,initialize_dup,instance_variables_to_inspect,iterator?,lambda,load,local_variables,loop,method_missing,open,p,pp,print,printf,proc,putc,puts,raise,rand,readline,readlines,require,require_relative,respond_to_missing?,select,set_trace_func,singleton_method_added,singleton_method_removed,singleton_method_undefined,sleep,spawn,sprintf,srand,syscall,system,test,throw,trace_var,trap,untrace_var,warn
Errno::ECANCELED	i	
Errno::ECANCELED	s	
Errno::ECANCELED	p	
Errno::ECANCELED	c	Errno
Errno::ECANCELED	I	!,!=,!~,<=>,==,===,__id__,__send__,backtrace,backtrace_locations,cause,class,clone,define_singleton_method,detailed_message,display,dup,enum_for,eql?,equal?,errno,exception,extend,freeze,frozen?,full_message,hash,inspect,instance_eval,instance_exec,instance_of?,instance_variable_defined?,instance_variable_get,instance_variable_set,instance_variables,is_a?,itself,kind_of?,message,method,methods,nil?,object_id,private_methods,protected_methods,public_method,public_methods,public_send,remove_instance_variable,respond_to?,send,set_backtrace,singleton_class,singleton_method,singleton_methods,tap,then,to_enum,to_s,yield_self
Errno::ECANCELED	S	!,!=,!~,<,<=,<=>,==,===,>,>=,__id__,__send__,alias_method,allocate,ancestors,attached_object,attr,attr_accessor,attr_reader,attr_writer,autoload,autoload?,class,class_eval,class_exec,class_variable_defined?,class_variable_get,class_variable_set,class_variables,clone,const_defined?,const_get,const_missing,const_set,const_source_location,constants,define_method,define_singleton_method,deprecate_constant,display,dup,enum_for,eql?,equal?,exception,extend,freeze,frozen?,hash,include,include?,included_modules,inspect,instance_eval,instance_exec,instance_method,instance_methods,instance_of?,instance_variable_defined?,instance_variable_get,instance_variable_set,instance_variables,is_a?,itself,kind_of?,method,method_defined?,methods,module_eval,module_exec,name,new,nil?,object_id,prepend,private_class_method,private_constant,private_instance_methods,private_method_defined?,private_methods,protected_instance_methods,protected_method_defined?,protected_methods,public_class_method,public_constant,public_instance_method,public_instance_methods,public_method,public_method_defined?,public_methods,public_send,refinements,remove_class_variable,remove_instance_variable,remove_method,respond_to?,send,set_temporary_name,singleton_class,singleton_class?,singleton_method,singleton_methods,subclasses,superclass,tap,then,to_enum,to_s,to_tty?,undef_method,undefined_instance_methods,yield_self
Errno::ECANCELED	P	Array,Complex,Float,Hash,Integer,Pathname,Rational,String,__callee__,__dir__,__method__,`,abort,at_exit,autoload,autoload?,binding,block_given?,caller,caller_locations,catch,eval,exec,exit,exit!,fail,fork,format,gets,global_variables,initialize,initialize_clone,initialize_copy,initialize_dup,instance_variables_to_inspect,iterator?,lambda,load,local_variables,loop,method_missing,open,p,pp,print,printf,proc,putc,puts,raise,rand,readline,readlines,require,require_relative,respond_to_missing?,select,set_trace_func,singleton_method_added,singleton_method_removed,singleton_method_undefined,sleep,spawn,sprintf,srand,syscall,system,test,throw,trace_var,trap,untrace_var,warn
Errno::ECHILD	i	
Errno::ECHILD	s	
Errno::ECHILD	p	
Errno::ECHILD	c	Errno
Errno::ECHILD	I	!,!=,!~,<=>,==,===,__id__,__send__,backtrace,backtrace_locations,cause,class,clone,define_singleton_method,detailed_message,display,dup,enum_for,eql?,equal?,errno,exception,extend,freeze,frozen?,full_message,hash,inspect,instance_eval,instance_exec,instance_of?,instance_variable_defined?,instance_variable_get,instance_variable_set,instance_variables,is_a?,itself,kind_of?,message,method,methods,nil?,object_id,private_methods,protected_methods,public_method,public_methods,public_send,remove_instance_variable,respond_to?,send,set_backtrace,singleton_class,singleton_method,singleton_methods,tap,then,to_enum,to_s,yield_self
Errno::ECHILD	S	!,!=,!~,<,<=,<=>,==,===,>,>=,__id__,__send__,alias_method,allocate,ancestors,attached_object,attr,attr_accessor,attr_reader,attr_writer,autoload,autoload?,class,class_eval,class_exec,class_variable_defined?,class_variable_get,class_variable_set,class_variables,clone,const_defined?,const_get,const_missing,const_set,const_source_location,constants,define_method,define_singleton_method,deprecate_constant,display,dup,enum_for,eql?,equal?,exception,extend,freeze,frozen?,hash,include,include?,included_modules,inspect,instance_eval,instance_exec,instance_method,instance_methods,instance_of?,instance_variable_defined?,instance_variable_get,instance_variable_set,instance_variables,is_a?,itself,kind_of?,method,method_defined?,methods,module_eval,module_exec,name,new,nil?,object_id,prepend,private_class_method,private_constant,private_instance_methods,private_method_defined?,private_methods,protected_instance_methods,protected_method_defined?,protected_methods,public_class_method,public_constant,public_instance_method,public_instance_methods,public_method,public_method_defined?,public_methods,public_send,refinements,remove_class_variable,remove_instance_variable,remove_method,respond_to?,send,set_temporary_name,singleton_class,singleton_class?,singleton_method,singleton_methods,subclasses,superclass,tap,then,to_enum,to_s,to_tty?,undef_method,undefined_instance_methods,yield_self
Errno::ECHILD	P	Array,Complex,Float,Hash,Integer,Pathname,Rational,String,__callee__,__dir__,__method__,`,abort,at_exit,autoload,autoload?,binding,block_given?,caller,caller_locations,catch,eval,exec,exit,exit!,fail,fork,format,gets,global_variables,initialize,initialize_clone,initialize_copy,initialize_dup,instance_variables_to_inspect,iterator?,lambda,load,local_variables,loop,method_missing,open,p,pp,print,printf,proc,putc,puts,raise,rand,readline,readlines,require,require_relative,respond_to_missing?,select,set_trace_func,singleton_method_added,singleton_method_removed,singleton_method_undefined,sleep,spawn,sprintf,srand,syscall,system,test,throw,trace_var,trap,untrace_var,warn
Errno::ECONNABORTED	i	
Errno::ECONNABORTED	s	
Errno::ECONNABORTED	p	
Errno::ECONNABORTED	c	Errno
Errno::ECONNABORTED	I	!,!=,!~,<=>,==,===,__id__,__send__,backtrace,backtrace_locations,cause,class,clone,define_singleton_method,detailed_message,display,dup,enum_for,eql?,equal?,errno,exception,extend,freeze,frozen?,full_message,hash,inspect,instance_eval,instance_exec,instance_of?,instance_variable_defined?,instance_variable_get,instance_variable_set,instance_variables,is_a?,itself,kind_of?,message,method,methods,nil?,object_id,private_methods,protected_methods,public_method,public_methods,public_send,remove_instance_variable,respond_to?,send,set_backtrace,singleton_class,singleton_method,singleton_methods,tap,then,to_enum,to_s,yield_self
Errno::ECONNABORTED	S	!,!=,!~,<,<=,<=>,==,===,>,>=,__id__,__send__,alias_method,allocate,ancestors,attached_object,attr,attr_accessor,attr_reader,attr_writer,autoload,autoload?,class,class_eval,class_exec,class_variable_defined?,class_variable_get,class_variable_set,class_variables,clone,const_defined?,const_get,const_missing,const_set,const_source_location,constants,define_method,define_singleton_method,deprecate_constant,display,dup,enum_for,eql?,equal?,exception,extend,freeze,frozen?,hash,include,include?,included_modules,inspect,instance_eval,instance_exec,instance_method,instance_methods,instance_of?,instance_variable_defined?,instance_variable_get,instance_variable_set,instance_variables,is_a?,itself,kind_of?,method,method_defined?,methods,module_eval,module_exec,name,new,nil?,object_id,prepend,private_class_method,private_constant,private_instance_methods,private_method_defined?,private_methods,protected_instance_methods,protected_method_defined?,protected_methods,public_class_method,public_constant,public_instance_method,public_instance_methods,public_method,public_method_defined?,public_methods,public_send,refinements,remove_class_variable,remove_instance_variable,remove_method,respond_to?,send,set_temporary_name,singleton_class,singleton_class?,singleton_method,singleton_methods,subclasses,superclass,tap,then,to_enum,to_s,to_tty?,undef_method,undefined_instance_methods,yield_self
Errno::ECONNABORTED	P	Array,Complex,Float,Hash,Integer,Pathname,Rational,String,__callee__,__dir__,__method__,`,abort,at_exit,autoload,autoload?,binding,block_given?,caller,caller_locations,catch,eval,exec,exit,exit!,fail,fork,format,gets,global_variables,initialize,initialize_clone,initialize_copy,initialize_dup,instance_variables_to_inspect,iterator?,lambda,load,local_variables,loop,method_missing,open,p,pp,print,printf,proc,putc,puts,raise,rand,readline,readlines,require,require_relative,respond_to_missing?,select,set_trace_func,singleton_method_added,singleton_method_removed,singleton_method_undefined,sleep,spawn,sprintf,srand,syscall,system,test,throw,trace_var,trap,untrace_var,warn
Errno::ECONNREFUSED	i	
Errno::ECONNREFUSED	s	
Errno::ECONNREFUSED	p	
Errno::ECONNREFUSED	c	Errno
Errno::ECONNREFUSED	I	!,!=,!~,<=>,==,===,__id__,__send__,backtrace,backtrace_locations,cause,class,clone,define_singleton_method,detailed_message,display,dup,enum_for,eql?,equal?,errno,exception,extend,freeze,frozen?,full_message,hash,inspect,instance_eval,instance_exec,instance_of?,instance_variable_defined?,instance_variable_get,instance_variable_set,instance_variables,is_a?,itself,kind_of?,message,method,methods,nil?,object_id,private_methods,protected_methods,public_method,public_methods,public_send,remove_instance_variable,respond_to?,send,set_backtrace,singleton_class,singleton_method,singleton_methods,tap,then,to_enum,to_s,yield_self
Errno::ECONNREFUSED	S	!,!=,!~,<,<=,<=>,==,===,>,>=,__id__,__send__,alias_method,allocate,ancestors,attached_object,attr,attr_accessor,attr_reader,attr_writer,autoload,autoload?,class,class_eval,class_exec,class_variable_defined?,class_variable_get,class_variable_set,class_variables,clone,const_defined?,const_get,const_missing,const_set,const_source_location,constants,define_method,define_singleton_method,deprecate_constant,display,dup,enum_for,eql?,equal?,exception,extend,freeze,frozen?,hash,include,include?,included_modules,inspect,instance_eval,instance_exec,instance_method,instance_methods,instance_of?,instance_variable_defined?,instance_variable_get,instance_variable_set,instance_variables,is_a?,itself,kind_of?,method,method_defined?,methods,module_eval,module_exec,name,new,nil?,object_id,prepend,private_class_method,private_constant,private_instance_methods,private_method_defined?,private_methods,protected_instance_methods,protected_method_defined?,protected_methods,public_class_method,public_constant,public_instance_method,public_instance_methods,public_method,public_method_defined?,public_methods,public_send,refinements,remove_class_variable,remove_instance_variable,remove_method,respond_to?,send,set_temporary_name,singleton_class,singleton_class?,singleton_method,singleton_methods,subclasses,superclass,tap,then,to_enum,to_s,to_tty?,undef_method,undefined_instance_methods,yield_self
Errno::ECONNREFUSED	P	Array,Complex,Float,Hash,Integer,Pathname,Rational,String,__callee__,__dir__,__method__,`,abort,at_exit,autoload,autoload?,binding,block_given?,caller,caller_locations,catch,eval,exec,exit,exit!,fail,fork,format,gets,global_variables,initialize,initialize_clone,initialize_copy,initialize_dup,instance_variables_to_inspect,iterator?,lambda,load,local_variables,loop,method_missing,open,p,pp,print,printf,proc,putc,puts,raise,rand,readline,readlines,require,require_relative,respond_to_missing?,select,set_trace_func,singleton_method_added,singleton_method_removed,singleton_method_undefined,sleep,spawn,sprintf,srand,syscall,system,test,throw,trace_var,trap,untrace_var,warn
Errno::ECONNRESET	i	
Errno::ECONNRESET	s	
Errno::ECONNRESET	p	
Errno::ECONNRESET	c	Errno
Errno::ECONNRESET	I	!,!=,!~,<=>,==,===,__id__,__send__,backtrace,backtrace_locations,cause,class,clone,define_singleton_method,detailed_message,display,dup,enum_for,eql?,equal?,errno,exception,extend,freeze,frozen?,full_message,hash,inspect,instance_eval,instance_exec,instance_of?,instance_variable_defined?,instance_variable_get,instance_variable_set,instance_variables,is_a?,itself,kind_of?,message,method,methods,nil?,object_id,private_methods,protected_methods,public_method,public_methods,public_send,remove_instance_variable,respond_to?,send,set_backtrace,singleton_class,singleton_method,singleton_methods,tap,then,to_enum,to_s,yield_self
Errno::ECONNRESET	S	!,!=,!~,<,<=,<=>,==,===,>,>=,__id__,__send__,alias_method,allocate,ancestors,attached_object,attr,attr_accessor,attr_reader,attr_writer,autoload,autoload?,class,class_eval,class_exec,class_variable_defined?,class_variable_get,class_variable_set,class_variables,clone,const_defined?,const_get,const_missing,const_set,const_source_location,constants,define_method,define_singleton_method,deprecate_constant,display,dup,enum_for,eql?,equal?,exception,extend,freeze,frozen?,hash,include,include?,included_modules,inspect,instance_eval,instance_exec,instance_method,instance_methods,instance_of?,instance_variable_defined?,instance_variable_get,instance_variable_set,instance_variables,is_a?,itself,kind_of?,method,method_defined?,methods,module_eval,module_exec,name,new,nil?,object_id,prepend,private_class_method,private_constant,private_instance_methods,private_method_defined?,private_methods,protected_instance_methods,protected_method_defined?,protected_methods,public_class_method,public_constant,public_instance_method,public_instance_methods,public_method,public_method_defined?,public_methods,public_send,refinements,remove_class_variable,remove_instance_variable,remove_method,respond_to?,send,set_temporary_name,singleton_class,singleton_class?,singleton_method,singleton_methods,subclasses,superclass,tap,then,to_enum,to_s,to_tty?,undef_method,undefined_instance_methods,yield_self
Errno::ECONNRESET	P	Array,Complex,Float,Hash,Integer,Pathname,Rational,String,__callee__,__dir__,__method__,`,abort,at_exit,autoload,autoload?,binding,block_given?,caller,caller_locations,catch,eval,exec,exit,exit!,fail,fork,format,gets,global_variables,initialize,initialize_clone,initialize_copy,initialize_dup,instance_variables_to_inspect,iterator?,lambda,load,local_variables,loop,method_missing,open,p,pp,print,printf,proc,putc,puts,raise,rand,readline,readlines,require,require_relative,respond_to_missing?,select,set_trace_func,singleton_method_added,singleton_method_removed,singleton_method_undefined,sleep,spawn,sprintf,srand,syscall,system,test,throw,trace_var,trap,untrace_var,warn
Errno::EDEADLK	i	
Errno::EDEADLK	s	
Errno::EDEADLK	p	
Errno::EDEADLK	c	Errno
Errno::EDEADLK	I	!,!=,!~,<=>,==,===,__id__,__send__,backtrace,backtrace_locations,cause,class,clone,define_singleton_method,detailed_message,display,dup,enum_for,eql?,equal?,errno,exception,extend,freeze,frozen?,full_message,hash,inspect,instance_eval,instance_exec,instance_of?,instance_variable_defined?,instance_variable_get,instance_variable_set,instance_variables,is_a?,itself,kind_of?,message,method,methods,nil?,object_id,private_methods,protected_methods,public_method,public_methods,public_send,remove_instance_variable,respond_to?,send,set_backtrace,singleton_class,singleton_method,singleton_methods,tap,then,to_enum,to_s,yield_self
Errno::EDEADLK	S	!,!=,!~,<,<=,<=>,==,===,>,>=,__id__,__send__,alias_method,allocate,ancestors,attached_object,attr,attr_accessor,attr_reader,attr_writer,autoload,autoload?,class,class_eval,class_exec,class_variable_defined?,class_variable_get,class_variable_set,class_variables,clone,const_defined?,const_get,const_missing,const_set,const_source_location,constants,define_method,define_singleton_method,deprecate_constant,display,dup,enum_for,eql?,equal?,exception,extend,freeze,frozen?,hash,include,include?,included_modules,inspect,instance_eval,instance_exec,instance_method,instance_methods,instance_of?,instance_variable_defined?,instance_variable_get,instance_variable_set,instance_variables,is_a?,itself,kind_of?,method,method_defined?,methods,module_eval,module_exec,name,new,nil?,object_id,prepend,private_class_method,private_constant,private_instance_methods,private_method_defined?,private_methods,protected_instance_methods,protected_method_defined?,protected_methods,public_class_method,public_constant,public_instance_method,public_instance_methods,public_method,public_method_defined?,public_methods,public_send,refinements,remove_class_variable,remove_instance_variable,remove_method,respond_to?,send,set_temporary_name,singleton_class,singleton_class?,singleton_method,singleton_methods,subclasses,superclass,tap,then,to_enum,to_s,to_tty?,undef_method,undefined_instance_methods,yield_self
Errno::EDEADLK	P	Array,Complex,Float,Hash,Integer,Pathname,Rational,String,__callee__,__dir__,__method__,`,abort,at_exit,autoload,autoload?,binding,block_given?,caller,caller_locations,catch,eval,exec,exit,exit!,fail,fork,format,gets,global_variables,initialize,initialize_clone,initialize_copy,initialize_dup,instance_variables_to_inspect,iterator?,lambda,load,local_variables,loop,method_missing,open,p,pp,print,printf,proc,putc,puts,raise,rand,readline,readlines,require,require_relative,respond_to_missing?,select,set_trace_func,singleton_method_added,singleton_method_removed,singleton_method_undefined,sleep,spawn,sprintf,srand,syscall,system,test,throw,trace_var,trap,untrace_var,warn
Errno::EDESTADDRREQ	i	
Errno::EDESTADDRREQ	s	
Errno::EDESTADDRREQ	p	
Errno::EDESTADDRREQ	c	Errno
Errno::EDESTADDRREQ	I	!,!=,!~,<=>,==,===,__id__,__send__,backtrace,backtrace_locations,cause,class,clone,define_singleton_method,detailed_message,display,dup,enum_for,eql?,equal?,errno,exception,extend,freeze,frozen?,full_message,hash,inspect,instance_eval,instance_exec,instance_of?,instance_variable_defined?,instance_variable_get,instance_variable_set,instance_variables,is_a?,itself,kind_of?,message,method,methods,nil?,object_id,private_methods,protected_methods,public_method,public_methods,public_send,remove_instance_variable,respond_to?,send,set_backtrace,singleton_class,singleton_method,singleton_methods,tap,then,to_enum,to_s,yield_self
Errno::EDESTADDRREQ	S	!,!=,!~,<,<=,<=>,==,===,>,>=,__id__,__send__,alias_method,allocate,ancestors,attached_object,attr,attr_accessor,attr_reader,attr_writer,autoload,autoload?,class,class_eval,class_exec,class_variable_defined?,class_variable_get,class_variable_set,class_variables,clone,const_defined?,const_get,const_missing,const_set,const_source_location,constants,define_method,define_singleton_method,deprecate_constant,display,dup,enum_for,eql?,equal?,exception,extend,freeze,frozen?,hash,include,include?,included_modules,inspect,instance_eval,instance_exec,instance_method,instance_methods,instance_of?,instance_variable_defined?,instance_variable_get,instance_variable_set,instance_variables,is_a?,itself,kind_of?,method,method_defined?,methods,module_eval,module_exec,name,new,nil?,object_id,prepend,private_class_method,private_constant,private_instance_methods,private_method_defined?,private_methods,protected_instance_methods,protected_method_defined?,protected_methods,public_class_method,public_constant,public_instance_method,public_instance_methods,public_method,public_method_defined?,public_methods,public_send,refinements,remove_class_variable,remove_instance_variable,remove_method,respond_to?,send,set_temporary_name,singleton_class,singleton_class?,singleton_method,singleton_methods,subclasses,superclass,tap,then,to_enum,to_s,to_tty?,undef_method,undefined_instance_methods,yield_self
Errno::EDESTADDRREQ	P	Array,Complex,Float,Hash,Integer,Pathname,Rational,String,__callee__,__dir__,__method__,`,abort,at_exit,autoload,autoload?,binding,block_given?,caller,caller_locations,catch,eval,exec,exit,exit!,fail,fork,format,gets,global_variables,initialize,initialize_clone,initialize_copy,initialize_dup,instance_variables_to_inspect,iterator?,lambda,load,local_variables,loop,method_missing,open,p,pp,print,printf,proc,putc,puts,raise,rand,readline,readlines,require,require_relative,respond_to_missing?,select,set_trace_func,singleton_method_added,singleton_method_removed,singleton_method_undefined,sleep,spawn,sprintf,srand,syscall,system,test,throw,trace_var,trap,untrace_var,warn
Errno::EDEVERR	i	
Errno::EDEVERR	s	
Errno::EDEVERR	p	
Errno::EDEVERR	c	Errno
Errno::EDEVERR	I	!,!=,!~,<=>,==,===,__id__,__send__,backtrace,backtrace_locations,cause,class,clone,define_singleton_method,detailed_message,display,dup,enum_for,eql?,equal?,errno,exception,extend,freeze,frozen?,full_message,hash,inspect,instance_eval,instance_exec,instance_of?,instance_variable_defined?,instance_variable_get,instance_variable_set,instance_variables,is_a?,itself,kind_of?,message,method,methods,nil?,object_id,private_methods,protected_methods,public_method,public_methods,public_send,remove_instance_variable,respond_to?,send,set_backtrace,singleton_class,singleton_method,singleton_methods,tap,then,to_enum,to_s,yield_self
Errno::EDEVERR	S	!,!=,!~,<,<=,<=>,==,===,>,>=,__id__,__send__,alias_method,allocate,ancestors,attached_object,attr,attr_accessor,attr_reader,attr_writer,autoload,autoload?,class,class_eval,class_exec,class_variable_defined?,class_variable_get,class_variable_set,class_variables,clone,const_defined?,const_get,const_missing,const_set,const_source_location,constants,define_method,define_singleton_method,deprecate_constant,display,dup,enum_for,eql?,equal?,exception,extend,freeze,frozen?,hash,include,include?,included_modules,inspect,instance_eval,instance_exec,instance_method,instance_methods,instance_of?,instance_variable_defined?,instance_variable_get,instance_variable_set,instance_variables,is_a?,itself,kind_of?,method,method_defined?,methods,module_eval,module_exec,name,new,nil?,object_id,prepend,private_class_method,private_constant,private_instance_methods,private_method_defined?,private_methods,protected_instance_methods,protected_method_defined?,protected_methods,public_class_method,public_constant,public_instance_method,public_instance_methods,public_method,public_method_defined?,public_methods,public_send,refinements,remove_class_variable,remove_instance_variable,remove_method,respond_to?,send,set_temporary_name,singleton_class,singleton_class?,singleton_method,singleton_methods,subclasses,superclass,tap,then,to_enum,to_s,to_tty?,undef_method,undefined_instance_methods,yield_self
Errno::EDEVERR	P	Array,Complex,Float,Hash,Integer,Pathname,Rational,String,__callee__,__dir__,__method__,`,abort,at_exit,autoload,autoload?,binding,block_given?,caller,caller_locations,catch,eval,exec,exit,exit!,fail,fork,format,gets,global_variables,initialize,initialize_clone,initialize_copy,initialize_dup,instance_variables_to_inspect,iterator?,lambda,load,local_variables,loop,method_missing,open,p,pp,print,printf,proc,putc,puts,raise,rand,readline,readlines,require,require_relative,respond_to_missing?,select,set_trace_func,singleton_method_added,singleton_method_removed,singleton_method_undefined,sleep,spawn,sprintf,srand,syscall,system,test,throw,trace_var,trap,untrace_var,warn
Errno::EDOM	i	
Errno::EDOM	s	
Errno::EDOM	p	
Errno::EDOM	c	Errno
Errno::EDOM	I	!,!=,!~,<=>,==,===,__id__,__send__,backtrace,backtrace_locations,cause,class,clone,define_singleton_method,detailed_message,display,dup,enum_for,eql?,equal?,errno,exception,extend,freeze,frozen?,full_message,hash,inspect,instance_eval,instance_exec,instance_of?,instance_variable_defined?,instance_variable_get,instance_variable_set,instance_variables,is_a?,itself,kind_of?,message,method,methods,nil?,object_id,private_methods,protected_methods,public_method,public_methods,public_send,remove_instance_variable,respond_to?,send,set_backtrace,singleton_class,singleton_method,singleton_methods,tap,then,to_enum,to_s,yield_self
Errno::EDOM	S	!,!=,!~,<,<=,<=>,==,===,>,>=,__id__,__send__,alias_method,allocate,ancestors,attached_object,attr,attr_accessor,attr_reader,attr_writer,autoload,autoload?,class,class_eval,class_exec,class_variable_defined?,class_variable_get,class_variable_set,class_variables,clone,const_defined?,const_get,const_missing,const_set,const_source_location,constants,define_method,define_singleton_method,deprecate_constant,display,dup,enum_for,eql?,equal?,exception,extend,freeze,frozen?,hash,include,include?,included_modules,inspect,instance_eval,instance_exec,instance_method,instance_methods,instance_of?,instance_variable_defined?,instance_variable_get,instance_variable_set,instance_variables,is_a?,itself,kind_of?,method,method_defined?,methods,module_eval,module_exec,name,new,nil?,object_id,prepend,private_class_method,private_constant,private_instance_methods,private_method_defined?,private_methods,protected_instance_methods,protected_method_defined?,protected_methods,public_class_method,public_constant,public_instance_method,public_instance_methods,public_method,public_method_defined?,public_methods,public_send,refinements,remove_class_variable,remove_instance_variable,remove_method,respond_to?,send,set_temporary_name,singleton_class,singleton_class?,singleton_method,singleton_methods,subclasses,superclass,tap,then,to_enum,to_s,to_tty?,undef_method,undefined_instance_methods,yield_self
Errno::EDOM	P	Array,Complex,Float,Hash,Integer,Pathname,Rational,String,__callee__,__dir__,__method__,`,abort,at_exit,autoload,autoload?,binding,block_given?,caller,caller_locations,catch,eval,exec,exit,exit!,fail,fork,format,gets,global_variables,initialize,initialize_clone,initialize_copy,initialize_dup,instance_variables_to_inspect,iterator?,lambda,load,local_variables,loop,method_missing,open,p,pp,print,printf,proc,putc,puts,raise,rand,readline,readlines,require,require_relative,respond_to_missing?,select,set_trace_func,singleton_method_added,singleton_method_removed,singleton_method_undefined,sleep,spawn,sprintf,srand,syscall,system,test,throw,trace_var,trap,untrace_var,warn
Errno::EDQUOT	i	
Errno::EDQUOT	s	
Errno::EDQUOT	p	
Errno::EDQUOT	c	Errno
Errno::EDQUOT	I	!,!=,!~,<=>,==,===,__id__,__send__,backtrace,backtrace_locations,cause,class,clone,define_singleton_method,detailed_message,display,dup,enum_for,eql?,equal?,errno,exception,extend,freeze,frozen?,full_message,hash,inspect,instance_eval,instance_exec,instance_of?,instance_variable_defined?,instance_variable_get,instance_variable_set,instance_variables,is_a?,itself,kind_of?,message,method,methods,nil?,object_id,private_methods,protected_methods,public_method,public_methods,public_send,remove_instance_variable,respond_to?,send,set_backtrace,singleton_class,singleton_method,singleton_methods,tap,then,to_enum,to_s,yield_self
Errno::EDQUOT	S	!,!=,!~,<,<=,<=>,==,===,>,>=,__id__,__send__,alias_method,allocate,ancestors,attached_object,attr,attr_accessor,attr_reader,attr_writer,autoload,autoload?,class,class_eval,class_exec,class_variable_defined?,class_variable_get,class_variable_set,class_variables,clone,const_defined?,const_get,const_missing,const_set,const_source_location,constants,define_method,define_singleton_method,deprecate_constant,display,dup,enum_for,eql?,equal?,exception,extend,freeze,frozen?,hash,include,include?,included_modules,inspect,instance_eval,instance_exec,instance_method,instance_methods,instance_of?,instance_variable_defined?,instance_variable_get,instance_variable_set,instance_variables,is_a?,itself,kind_of?,method,method_defined?,methods,module_eval,module_exec,name,new,nil?,object_id,prepend,private_class_method,private_constant,private_instance_methods,private_method_defined?,private_methods,protected_instance_methods,protected_method_defined?,protected_methods,public_class_method,public_constant,public_instance_method,public_instance_methods,public_method,public_method_defined?,public_methods,public_send,refinements,remove_class_variable,remove_instance_variable,remove_method,respond_to?,send,set_temporary_name,singleton_class,singleton_class?,singleton_method,singleton_methods,subclasses,superclass,tap,then,to_enum,to_s,to_tty?,undef_method,undefined_instance_methods,yield_self
Errno::EDQUOT	P	Array,Complex,Float,Hash,Integer,Pathname,Rational,String,__callee__,__dir__,__method__,`,abort,at_exit,autoload,autoload?,binding,block_given?,caller,caller_locations,catch,eval,exec,exit,exit!,fail,fork,format,gets,global_variables,initialize,initialize_clone,initialize_copy,initialize_dup,instance_variables_to_inspect,iterator?,lambda,load,local_variables,loop,method_missing,open,p,pp,print,printf,proc,putc,puts,raise,rand,readline,readlines,require,require_relative,respond_to_missing?,select,set_trace_func,singleton_method_added,singleton_method_removed,singleton_method_undefined,sleep,spawn,sprintf,srand,syscall,system,test,throw,trace_var,trap,untrace_var,warn
Errno::EEXIST	i	
Errno::EEXIST	s	
Errno::EEXIST	p	
Errno::EEXIST	c	Errno
Errno::EEXIST	I	!,!=,!~,<=>,==,===,__id__,__send__,backtrace,backtrace_locations,cause,class,clone,define_singleton_method,detailed_message,display,dup,enum_for,eql?,equal?,errno,exception,extend,freeze,frozen?,full_message,hash,inspect,instance_eval,instance_exec,instance_of?,instance_variable_defined?,instance_variable_get,instance_variable_set,instance_variables,is_a?,itself,kind_of?,message,method,methods,nil?,object_id,private_methods,protected_methods,public_method,public_methods,public_send,remove_instance_variable,respond_to?,send,set_backtrace,singleton_class,singleton_method,singleton_methods,tap,then,to_enum,to_s,yield_self
Errno::EEXIST	S	!,!=,!~,<,<=,<=>,==,===,>,>=,__id__,__send__,alias_method,allocate,ancestors,attached_object,attr,attr_accessor,attr_reader,attr_writer,autoload,autoload?,class,class_eval,class_exec,class_variable_defined?,class_variable_get,class_variable_set,class_variables,clone,const_defined?,const_get,const_missing,const_set,const_source_location,constants,define_method,define_singleton_method,deprecate_constant,display,dup,enum_for,eql?,equal?,exception,extend,freeze,frozen?,hash,include,include?,included_modules,inspect,instance_eval,instance_exec,instance_method,instance_methods,instance_of?,instance_variable_defined?,instance_variable_get,instance_variable_set,instance_variables,is_a?,itself,kind_of?,method,method_defined?,methods,module_eval,module_exec,name,new,nil?,object_id,prepend,private_class_method,private_constant,private_instance_methods,private_method_defined?,private_methods,protected_instance_methods,protected_method_defined?,protected_methods,public_class_method,public_constant,public_instance_method,public_instance_methods,public_method,public_method_defined?,public_methods,public_send,refinements,remove_class_variable,remove_instance_variable,remove_method,respond_to?,send,set_temporary_name,singleton_class,singleton_class?,singleton_method,singleton_methods,subclasses,superclass,tap,then,to_enum,to_s,to_tty?,undef_method,undefined_instance_methods,yield_self
Errno::EEXIST	P	Array,Complex,Float,Hash,Integer,Pathname,Rational,String,__callee__,__dir__,__method__,`,abort,at_exit,autoload,autoload?,binding,block_given?,caller,caller_locations,catch,eval,exec,exit,exit!,fail,fork,format,gets,global_variables,initialize,initialize_clone,initialize_copy,initialize_dup,instance_variables_to_inspect,iterator?,lambda,load,local_variables,loop,method_missing,open,p,pp,print,printf,proc,putc,puts,raise,rand,readline,readlines,require,require_relative,respond_to_missing?,select,set_trace_func,singleton_method_added,singleton_method_removed,singleton_method_undefined,sleep,spawn,sprintf,srand,syscall,system,test,throw,trace_var,trap,untrace_var,warn
Errno::EFAULT	i	
Errno::EFAULT	s	
Errno::EFAULT	p	
Errno::EFAULT	c	Errno
Errno::EFAULT	I	!,!=,!~,<=>,==,===,__id__,__send__,backtrace,backtrace_locations,cause,class,clone,define_singleton_method,detailed_message,display,dup,enum_for,eql?,equal?,errno,exception,extend,freeze,frozen?,full_message,hash,inspect,instance_eval,instance_exec,instance_of?,instance_variable_defined?,instance_variable_get,instance_variable_set,instance_variables,is_a?,itself,kind_of?,message,method,methods,nil?,object_id,private_methods,protected_methods,public_method,public_methods,public_send,remove_instance_variable,respond_to?,send,set_backtrace,singleton_class,singleton_method,singleton_methods,tap,then,to_enum,to_s,yield_self
Errno::EFAULT	S	!,!=,!~,<,<=,<=>,==,===,>,>=,__id__,__send__,alias_method,allocate,ancestors,attached_object,attr,attr_accessor,attr_reader,attr_writer,autoload,autoload?,class,class_eval,class_exec,class_variable_defined?,class_variable_get,class_variable_set,class_variables,clone,const_defined?,const_get,const_missing,const_set,const_source_location,constants,define_method,define_singleton_method,deprecate_constant,display,dup,enum_for,eql?,equal?,exception,extend,freeze,frozen?,hash,include,include?,included_modules,inspect,instance_eval,instance_exec,instance_method,instance_methods,instance_of?,instance_variable_defined?,instance_variable_get,instance_variable_set,instance_variables,is_a?,itself,kind_of?,method,method_defined?,methods,module_eval,module_exec,name,new,nil?,object_id,prepend,private_class_method,private_constant,private_instance_methods,private_method_defined?,private_methods,protected_instance_methods,protected_method_defined?,protected_methods,public_class_method,public_constant,public_instance_method,public_instance_methods,public_method,public_method_defined?,public_methods,public_send,refinements,remove_class_variable,remove_instance_variable,remove_method,respond_to?,send,set_temporary_name,singleton_class,singleton_class?,singleton_method,singleton_methods,subclasses,superclass,tap,then,to_enum,to_s,to_tty?,undef_method,undefined_instance_methods,yield_self
Errno::EFAULT	P	Array,Complex,Float,Hash,Integer,Pathname,Rational,String,__callee__,__dir__,__method__,`,abort,at_exit,autoload,autoload?,binding,block_given?,caller,caller_locations,catch,eval,exec,exit,exit!,fail,fork,format,gets,global_variables,initialize,initialize_clone,initialize_copy,initialize_dup,instance_variables_to_inspect,iterator?,lambda,load,local_variables,loop,method_missing,open,p,pp,print,printf,proc,putc,puts,raise,rand,readline,readlines,require,require_relative,respond_to_missing?,select,set_trace_func,singleton_method_added,singleton_method_removed,singleton_method_undefined,sleep,spawn,sprintf,srand,syscall,system,test,throw,trace_var,trap,untrace_var,warn
Errno::EFBIG	i	
Errno::EFBIG	s	
Errno::EFBIG	p	
Errno::EFBIG	c	Errno
Errno::EFBIG	I	!,!=,!~,<=>,==,===,__id__,__send__,backtrace,backtrace_locations,cause,class,clone,define_singleton_method,detailed_message,display,dup,enum_for,eql?,equal?,errno,exception,extend,freeze,frozen?,full_message,hash,inspect,instance_eval,instance_exec,instance_of?,instance_variable_defined?,instance_variable_get,instance_variable_set,instance_variables,is_a?,itself,kind_of?,message,method,methods,nil?,object_id,private_methods,protected_methods,public_method,public_methods,public_send,remove_instance_variable,respond_to?,send,set_backtrace,singleton_class,singleton_method,singleton_methods,tap,then,to_enum,to_s,yield_self
Errno::EFBIG	S	!,!=,!~,<,<=,<=>,==,===,>,>=,__id__,__send__,alias_method,allocate,ancestors,attached_object,attr,attr_accessor,attr_reader,attr_writer,autoload,autoload?,class,class_eval,class_exec,class_variable_defined?,class_variable_get,class_variable_set,class_variables,clone,const_defined?,const_get,const_missing,const_set,const_source_location,constants,define_method,define_singleton_method,deprecate_constant,display,dup,enum_for,eql?,equal?,exception,extend,freeze,frozen?,hash,include,include?,included_modules,inspect,instance_eval,instance_exec,instance_method,instance_methods,instance_of?,instance_variable_defined?,instance_variable_get,instance_variable_set,instance_variables,is_a?,itself,kind_of?,method,method_defined?,methods,module_eval,module_exec,name,new,nil?,object_id,prepend,private_class_method,private_constant,private_instance_methods,private_method_defined?,private_methods,protected_instance_methods,protected_method_defined?,protected_methods,public_class_method,public_constant,public_instance_method,public_instance_methods,public_method,public_method_defined?,public_methods,public_send,refinements,remove_class_variable,remove_instance_variable,remove_method,respond_to?,send,set_temporary_name,singleton_class,singleton_class?,singleton_method,singleton_methods,subclasses,superclass,tap,then,to_enum,to_s,to_tty?,undef_method,undefined_instance_methods,yield_self
Errno::EFBIG	P	Array,Complex,Float,Hash,Integer,Pathname,Rational,String,__callee__,__dir__,__method__,`,abort,at_exit,autoload,autoload?,binding,block_given?,caller,caller_locations,catch,eval,exec,exit,exit!,fail,fork,format,gets,global_variables,initialize,initialize_clone,initialize_copy,initialize_dup,instance_variables_to_inspect,iterator?,lambda,load,local_variables,loop,method_missing,open,p,pp,print,printf,proc,putc,puts,raise,rand,readline,readlines,require,require_relative,respond_to_missing?,select,set_trace_func,singleton_method_added,singleton_method_removed,singleton_method_undefined,sleep,spawn,sprintf,srand,syscall,system,test,throw,trace_var,trap,untrace_var,warn
Errno::EFTYPE	i	
Errno::EFTYPE	s	
Errno::EFTYPE	p	
Errno::EFTYPE	c	Errno
Errno::EFTYPE	I	!,!=,!~,<=>,==,===,__id__,__send__,backtrace,backtrace_locations,cause,class,clone,define_singleton_method,detailed_message,display,dup,enum_for,eql?,equal?,errno,exception,extend,freeze,frozen?,full_message,hash,inspect,instance_eval,instance_exec,instance_of?,instance_variable_defined?,instance_variable_get,instance_variable_set,instance_variables,is_a?,itself,kind_of?,message,method,methods,nil?,object_id,private_methods,protected_methods,public_method,public_methods,public_send,remove_instance_variable,respond_to?,send,set_backtrace,singleton_class,singleton_method,singleton_methods,tap,then,to_enum,to_s,yield_self
Errno::EFTYPE	S	!,!=,!~,<,<=,<=>,==,===,>,>=,__id__,__send__,alias_method,allocate,ancestors,attached_object,attr,attr_accessor,attr_reader,attr_writer,autoload,autoload?,class,class_eval,class_exec,class_variable_defined?,class_variable_get,class_variable_set,class_variables,clone,const_defined?,const_get,const_missing,const_set,const_source_location,constants,define_method,define_singleton_method,deprecate_constant,display,dup,enum_for,eql?,equal?,exception,extend,freeze,frozen?,hash,include,include?,included_modules,inspect,instance_eval,instance_exec,instance_method,instance_methods,instance_of?,instance_variable_defined?,instance_variable_get,instance_variable_set,instance_variables,is_a?,itself,kind_of?,method,method_defined?,methods,module_eval,module_exec,name,new,nil?,object_id,prepend,private_class_method,private_constant,private_instance_methods,private_method_defined?,private_methods,protected_instance_methods,protected_method_defined?,protected_methods,public_class_method,public_constant,public_instance_method,public_instance_methods,public_method,public_method_defined?,public_methods,public_send,refinements,remove_class_variable,remove_instance_variable,remove_method,respond_to?,send,set_temporary_name,singleton_class,singleton_class?,singleton_method,singleton_methods,subclasses,superclass,tap,then,to_enum,to_s,to_tty?,undef_method,undefined_instance_methods,yield_self
Errno::EFTYPE	P	Array,Complex,Float,Hash,Integer,Pathname,Rational,String,__callee__,__dir__,__method__,`,abort,at_exit,autoload,autoload?,binding,block_given?,caller,caller_locations,catch,eval,exec,exit,exit!,fail,fork,format,gets,global_variables,initialize,initialize_clone,initialize_copy,initialize_dup,instance_variables_to_inspect,iterator?,lambda,load,local_variables,loop,method_missing,open,p,pp,print,printf,proc,putc,puts,raise,rand,readline,readlines,require,require_relative,respond_to_missing?,select,set_trace_func,singleton_method_added,singleton_method_removed,singleton_method_undefined,sleep,spawn,sprintf,srand,syscall,system,test,throw,trace_var,trap,untrace_var,warn
Errno::EHOSTDOWN	i	
Errno::EHOSTDOWN	s	
Errno::EHOSTDOWN	p	
Errno::EHOSTDOWN	c	Errno
Errno::EHOSTDOWN	I	!,!=,!~,<=>,==,===,__id__,__send__,backtrace,backtrace_locations,cause,class,clone,define_singleton_method,detailed_message,display,dup,enum_for,eql?,equal?,errno,exception,extend,freeze,frozen?,full_message,hash,inspect,instance_eval,instance_exec,instance_of?,instance_variable_defined?,instance_variable_get,instance_variable_set,instance_variables,is_a?,itself,kind_of?,message,method,methods,nil?,object_id,private_methods,protected_methods,public_method,public_methods,public_send,remove_instance_variable,respond_to?,send,set_backtrace,singleton_class,singleton_method,singleton_methods,tap,then,to_enum,to_s,yield_self
Errno::EHOSTDOWN	S	!,!=,!~,<,<=,<=>,==,===,>,>=,__id__,__send__,alias_method,allocate,ancestors,attached_object,attr,attr_accessor,attr_reader,attr_writer,autoload,autoload?,class,class_eval,class_exec,class_variable_defined?,class_variable_get,class_variable_set,class_variables,clone,const_defined?,const_get,const_missing,const_set,const_source_location,constants,define_method,define_singleton_method,deprecate_constant,display,dup,enum_for,eql?,equal?,exception,extend,freeze,frozen?,hash,include,include?,included_modules,inspect,instance_eval,instance_exec,instance_method,instance_methods,instance_of?,instance_variable_defined?,instance_variable_get,instance_variable_set,instance_variables,is_a?,itself,kind_of?,method,method_defined?,methods,module_eval,module_exec,name,new,nil?,object_id,prepend,private_class_method,private_constant,private_instance_methods,private_method_defined?,private_methods,protected_instance_methods,protected_method_defined?,protected_methods,public_class_method,public_constant,public_instance_method,public_instance_methods,public_method,public_method_defined?,public_methods,public_send,refinements,remove_class_variable,remove_instance_variable,remove_method,respond_to?,send,set_temporary_name,singleton_class,singleton_class?,singleton_method,singleton_methods,subclasses,superclass,tap,then,to_enum,to_s,to_tty?,undef_method,undefined_instance_methods,yield_self
Errno::EHOSTDOWN	P	Array,Complex,Float,Hash,Integer,Pathname,Rational,String,__callee__,__dir__,__method__,`,abort,at_exit,autoload,autoload?,binding,block_given?,caller,caller_locations,catch,eval,exec,exit,exit!,fail,fork,format,gets,global_variables,initialize,initialize_clone,initialize_copy,initialize_dup,instance_variables_to_inspect,iterator?,lambda,load,local_variables,loop,method_missing,open,p,pp,print,printf,proc,putc,puts,raise,rand,readline,readlines,require,require_relative,respond_to_missing?,select,set_trace_func,singleton_method_added,singleton_method_removed,singleton_method_undefined,sleep,spawn,sprintf,srand,syscall,system,test,throw,trace_var,trap,untrace_var,warn
Errno::EHOSTUNREACH	i	
Errno::EHOSTUNREACH	s	
Errno::EHOSTUNREACH	p	
Errno::EHOSTUNREACH	c	Errno
Errno::EHOSTUNREACH	I	!,!=,!~,<=>,==,===,__id__,__send__,backtrace,backtrace_locations,cause,class,clone,define_singleton_method,detailed_message,display,dup,enum_for,eql?,equal?,errno,exception,extend,freeze,frozen?,full_message,hash,inspect,instance_eval,instance_exec,instance_of?,instance_variable_defined?,instance_variable_get,instance_variable_set,instance_variables,is_a?,itself,kind_of?,message,method,methods,nil?,object_id,private_methods,protected_methods,public_method,public_methods,public_send,remove_instance_variable,respond_to?,send,set_backtrace,singleton_class,singleton_method,singleton_methods,tap,then,to_enum,to_s,yield_self
Errno::EHOSTUNREACH	S	!,!=,!~,<,<=,<=>,==,===,>,>=,__id__,__send__,alias_method,allocate,ancestors,attached_object,attr,attr_accessor,attr_reader,attr_writer,autoload,autoload?,class,class_eval,class_exec,class_variable_defined?,class_variable_get,class_variable_set,class_variables,clone,const_defined?,const_get,const_missing,const_set,const_source_location,constants,define_method,define_singleton_method,deprecate_constant,display,dup,enum_for,eql?,equal?,exception,extend,freeze,frozen?,hash,include,include?,included_modules,inspect,instance_eval,instance_exec,instance_method,instance_methods,instance_of?,instance_variable_defined?,instance_variable_get,instance_variable_set,instance_variables,is_a?,itself,kind_of?,method,method_defined?,methods,module_eval,module_exec,name,new,nil?,object_id,prepend,private_class_method,private_constant,private_instance_methods,private_method_defined?,private_methods,protected_instance_methods,protected_method_defined?,protected_methods,public_class_method,public_constant,public_instance_method,public_instance_methods,public_method,public_method_defined?,public_methods,public_send,refinements,remove_class_variable,remove_instance_variable,remove_method,respond_to?,send,set_temporary_name,singleton_class,singleton_class?,singleton_method,singleton_methods,subclasses,superclass,tap,then,to_enum,to_s,to_tty?,undef_method,undefined_instance_methods,yield_self
Errno::EHOSTUNREACH	P	Array,Complex,Float,Hash,Integer,Pathname,Rational,String,__callee__,__dir__,__method__,`,abort,at_exit,autoload,autoload?,binding,block_given?,caller,caller_locations,catch,eval,exec,exit,exit!,fail,fork,format,gets,global_variables,initialize,initialize_clone,initialize_copy,initialize_dup,instance_variables_to_inspect,iterator?,lambda,load,local_variables,loop,method_missing,open,p,pp,print,printf,proc,putc,puts,raise,rand,readline,readlines,require,require_relative,respond_to_missing?,select,set_trace_func,singleton_method_added,singleton_method_removed,singleton_method_undefined,sleep,spawn,sprintf,srand,syscall,system,test,throw,trace_var,trap,untrace_var,warn
Errno::EIDRM	i	
Errno::EIDRM	s	
Errno::EIDRM	p	
Errno::EIDRM	c	Errno
Errno::EIDRM	I	!,!=,!~,<=>,==,===,__id__,__send__,backtrace,backtrace_locations,cause,class,clone,define_singleton_method,detailed_message,display,dup,enum_for,eql?,equal?,errno,exception,extend,freeze,frozen?,full_message,hash,inspect,instance_eval,instance_exec,instance_of?,instance_variable_defined?,instance_variable_get,instance_variable_set,instance_variables,is_a?,itself,kind_of?,message,method,methods,nil?,object_id,private_methods,protected_methods,public_method,public_methods,public_send,remove_instance_variable,respond_to?,send,set_backtrace,singleton_class,singleton_method,singleton_methods,tap,then,to_enum,to_s,yield_self
Errno::EIDRM	S	!,!=,!~,<,<=,<=>,==,===,>,>=,__id__,__send__,alias_method,allocate,ancestors,attached_object,attr,attr_accessor,attr_reader,attr_writer,autoload,autoload?,class,class_eval,class_exec,class_variable_defined?,class_variable_get,class_variable_set,class_variables,clone,const_defined?,const_get,const_missing,const_set,const_source_location,constants,define_method,define_singleton_method,deprecate_constant,display,dup,enum_for,eql?,equal?,exception,extend,freeze,frozen?,hash,include,include?,included_modules,inspect,instance_eval,instance_exec,instance_method,instance_methods,instance_of?,instance_variable_defined?,instance_variable_get,instance_variable_set,instance_variables,is_a?,itself,kind_of?,method,method_defined?,methods,module_eval,module_exec,name,new,nil?,object_id,prepend,private_class_method,private_constant,private_instance_methods,private_method_defined?,private_methods,protected_instance_methods,protected_method_defined?,protected_methods,public_class_method,public_constant,public_instance_method,public_instance_methods,public_method,public_method_defined?,public_methods,public_send,refinements,remove_class_variable,remove_instance_variable,remove_method,respond_to?,send,set_temporary_name,singleton_class,singleton_class?,singleton_method,singleton_methods,subclasses,superclass,tap,then,to_enum,to_s,to_tty?,undef_method,undefined_instance_methods,yield_self
Errno::EIDRM	P	Array,Complex,Float,Hash,Integer,Pathname,Rational,String,__callee__,__dir__,__method__,`,abort,at_exit,autoload,autoload?,binding,block_given?,caller,caller_locations,catch,eval,exec,exit,exit!,fail,fork,format,gets,global_variables,initialize,initialize_clone,initialize_copy,initialize_dup,instance_variables_to_inspect,iterator?,lambda,load,local_variables,loop,method_missing,open,p,pp,print,printf,proc,putc,puts,raise,rand,readline,readlines,require,require_relative,respond_to_missing?,select,set_trace_func,singleton_method_added,singleton_method_removed,singleton_method_undefined,sleep,spawn,sprintf,srand,syscall,system,test,throw,trace_var,trap,untrace_var,warn
Errno::EILSEQ	i	
Errno::EILSEQ	s	
Errno::EILSEQ	p	
Errno::EILSEQ	c	Errno
Errno::EILSEQ	I	!,!=,!~,<=>,==,===,__id__,__send__,backtrace,backtrace_locations,cause,class,clone,define_singleton_method,detailed_message,display,dup,enum_for,eql?,equal?,errno,exception,extend,freeze,frozen?,full_message,hash,inspect,instance_eval,instance_exec,instance_of?,instance_variable_defined?,instance_variable_get,instance_variable_set,instance_variables,is_a?,itself,kind_of?,message,method,methods,nil?,object_id,private_methods,protected_methods,public_method,public_methods,public_send,remove_instance_variable,respond_to?,send,set_backtrace,singleton_class,singleton_method,singleton_methods,tap,then,to_enum,to_s,yield_self
Errno::EILSEQ	S	!,!=,!~,<,<=,<=>,==,===,>,>=,__id__,__send__,alias_method,allocate,ancestors,attached_object,attr,attr_accessor,attr_reader,attr_writer,autoload,autoload?,class,class_eval,class_exec,class_variable_defined?,class_variable_get,class_variable_set,class_variables,clone,const_defined?,const_get,const_missing,const_set,const_source_location,constants,define_method,define_singleton_method,deprecate_constant,display,dup,enum_for,eql?,equal?,exception,extend,freeze,frozen?,hash,include,include?,included_modules,inspect,instance_eval,instance_exec,instance_method,instance_methods,instance_of?,instance_variable_defined?,instance_variable_get,instance_variable_set,instance_variables,is_a?,itself,kind_of?,method,method_defined?,methods,module_eval,module_exec,name,new,nil?,object_id,prepend,private_class_method,private_constant,private_instance_methods,private_method_defined?,private_methods,protected_instance_methods,protected_method_defined?,protected_methods,public_class_method,public_constant,public_instance_method,public_instance_methods,public_method,public_method_defined?,public_methods,public_send,refinements,remove_class_variable,remove_instance_variable,remove_method,respond_to?,send,set_temporary_name,singleton_class,singleton_class?,singleton_method,singleton_methods,subclasses,superclass,tap,then,to_enum,to_s,to_tty?,undef_method,undefined_instance_methods,yield_self
Errno::EILSEQ	P	Array,Complex,Float,Hash,Integer,Pathname,Rational,String,__callee__,__dir__,__method__,`,abort,at_exit,autoload,autoload?,binding,block_given?,caller,caller_locations,catch,eval,exec,exit,exit!,fail,fork,format,gets,global_variables,initialize,initialize_clone,initialize_copy,initialize_dup,instance_variables_to_inspect,iterator?,lambda,load,local_variables,loop,method_missing,open,p,pp,print,printf,proc,putc,puts,raise,rand,readline,readlines,require,require_relative,respond_to_missing?,select,set_trace_func,singleton_method_added,singleton_method_removed,singleton_method_undefined,sleep,spawn,sprintf,srand,syscall,system,test,throw,trace_var,trap,untrace_var,warn
Errno::EINPROGRESS	i	
Errno::EINPROGRESS	s	
Errno::EINPROGRESS	p	
Errno::EINPROGRESS	c	Errno
Errno::EINPROGRESS	I	!,!=,!~,<=>,==,===,__id__,__send__,backtrace,backtrace_locations,cause,class,clone,define_singleton_method,detailed_message,display,dup,enum_for,eql?,equal?,errno,exception,extend,freeze,frozen?,full_message,hash,inspect,instance_eval,instance_exec,instance_of?,instance_variable_defined?,instance_variable_get,instance_variable_set,instance_variables,is_a?,itself,kind_of?,message,method,methods,nil?,object_id,private_methods,protected_methods,public_method,public_methods,public_send,remove_instance_variable,respond_to?,send,set_backtrace,singleton_class,singleton_method,singleton_methods,tap,then,to_enum,to_s,yield_self
Errno::EINPROGRESS	S	!,!=,!~,<,<=,<=>,==,===,>,>=,__id__,__send__,alias_method,allocate,ancestors,attached_object,attr,attr_accessor,attr_reader,attr_writer,autoload,autoload?,class,class_eval,class_exec,class_variable_defined?,class_variable_get,class_variable_set,class_variables,clone,const_defined?,const_get,const_missing,const_set,const_source_location,constants,define_method,define_singleton_method,deprecate_constant,display,dup,enum_for,eql?,equal?,exception,extend,freeze,frozen?,hash,include,include?,included_modules,inspect,instance_eval,instance_exec,instance_method,instance_methods,instance_of?,instance_variable_defined?,instance_variable_get,instance_variable_set,instance_variables,is_a?,itself,kind_of?,method,method_defined?,methods,module_eval,module_exec,name,new,nil?,object_id,prepend,private_class_method,private_constant,private_instance_methods,private_method_defined?,private_methods,protected_instance_methods,protected_method_defined?,protected_methods,public_class_method,public_constant,public_instance_method,public_instance_methods,public_method,public_method_defined?,public_methods,public_send,refinements,remove_class_variable,remove_instance_variable,remove_method,respond_to?,send,set_temporary_name,singleton_class,singleton_class?,singleton_method,singleton_methods,subclasses,superclass,tap,then,to_enum,to_s,to_tty?,undef_method,undefined_instance_methods,yield_self
Errno::EINPROGRESS	P	Array,Complex,Float,Hash,Integer,Pathname,Rational,String,__callee__,__dir__,__method__,`,abort,at_exit,autoload,autoload?,binding,block_given?,caller,caller_locations,catch,eval,exec,exit,exit!,fail,fork,format,gets,global_variables,initialize,initialize_clone,initialize_copy,initialize_dup,instance_variables_to_inspect,iterator?,lambda,load,local_variables,loop,method_missing,open,p,pp,print,printf,proc,putc,puts,raise,rand,readline,readlines,require,require_relative,respond_to_missing?,select,set_trace_func,singleton_method_added,singleton_method_removed,singleton_method_undefined,sleep,spawn,sprintf,srand,syscall,system,test,throw,trace_var,trap,untrace_var,warn
Errno::EINTR	i	
Errno::EINTR	s	
Errno::EINTR	p	
Errno::EINTR	c	Errno
Errno::EINTR	I	!,!=,!~,<=>,==,===,__id__,__send__,backtrace,backtrace_locations,cause,class,clone,define_singleton_method,detailed_message,display,dup,enum_for,eql?,equal?,errno,exception,extend,freeze,frozen?,full_message,hash,inspect,instance_eval,instance_exec,instance_of?,instance_variable_defined?,instance_variable_get,instance_variable_set,instance_variables,is_a?,itself,kind_of?,message,method,methods,nil?,object_id,private_methods,protected_methods,public_method,public_methods,public_send,remove_instance_variable,respond_to?,send,set_backtrace,singleton_class,singleton_method,singleton_methods,tap,then,to_enum,to_s,yield_self
Errno::EINTR	S	!,!=,!~,<,<=,<=>,==,===,>,>=,__id__,__send__,alias_method,allocate,ancestors,attached_object,attr,attr_accessor,attr_reader,attr_writer,autoload,autoload?,class,class_eval,class_exec,class_variable_defined?,class_variable_get,class_variable_set,class_variables,clone,const_defined?,const_get,const_missing,const_set,const_source_location,constants,define_method,define_singleton_method,deprecate_constant,display,dup,enum_for,eql?,equal?,exception,extend,freeze,frozen?,hash,include,include?,included_modules,inspect,instance_eval,instance_exec,instance_method,instance_methods,instance_of?,instance_variable_defined?,instance_variable_get,instance_variable_set,instance_variables,is_a?,itself,kind_of?,method,method_defined?,methods,module_eval,module_exec,name,new,nil?,object_id,prepend,private_class_method,private_constant,private_instance_methods,private_method_defined?,private_methods,protected_instance_methods,protected_method_defined?,protected_methods,public_class_method,public_constant,public_instance_method,public_instance_methods,public_method,public_method_defined?,public_methods,public_send,refinements,remove_class_variable,remove_instance_variable,remove_method,respond_to?,send,set_temporary_name,singleton_class,singleton_class?,singleton_method,singleton_methods,subclasses,superclass,tap,then,to_enum,to_s,to_tty?,undef_method,undefined_instance_methods,yield_self
Errno::EINTR	P	Array,Complex,Float,Hash,Integer,Pathname,Rational,String,__callee__,__dir__,__method__,`,abort,at_exit,autoload,autoload?,binding,block_given?,caller,caller_locations,catch,eval,exec,exit,exit!,fail,fork,format,gets,global_variables,initialize,initialize_clone,initialize_copy,initialize_dup,instance_variables_to_inspect,iterator?,lambda,load,local_variables,loop,method_missing,open,p,pp,print,printf,proc,putc,puts,raise,rand,readline,readlines,require,require_relative,respond_to_missing?,select,set_trace_func,singleton_method_added,singleton_method_removed,singleton_method_undefined,sleep,spawn,sprintf,srand,syscall,system,test,throw,trace_var,trap,untrace_var,warn
Errno::EINVAL	i	
Errno::EINVAL	s	
Errno::EINVAL	p	
Errno::EINVAL	c	Errno
Errno::EINVAL	I	!,!=,!~,<=>,==,===,__id__,__send__,backtrace,backtrace_locations,cause,class,clone,define_singleton_method,detailed_message,display,dup,enum_for,eql?,equal?,errno,exception,extend,freeze,frozen?,full_message,hash,inspect,instance_eval,instance_exec,instance_of?,instance_variable_defined?,instance_variable_get,instance_variable_set,instance_variables,is_a?,itself,kind_of?,message,method,methods,nil?,object_id,private_methods,protected_methods,public_method,public_methods,public_send,remove_instance_variable,respond_to?,send,set_backtrace,singleton_class,singleton_method,singleton_methods,tap,then,to_enum,to_s,yield_self
Errno::EINVAL	S	!,!=,!~,<,<=,<=>,==,===,>,>=,__id__,__send__,alias_method,allocate,ancestors,attached_object,attr,attr_accessor,attr_reader,attr_writer,autoload,autoload?,class,class_eval,class_exec,class_variable_defined?,class_variable_get,class_variable_set,class_variables,clone,const_defined?,const_get,const_missing,const_set,const_source_location,constants,define_method,define_singleton_method,deprecate_constant,display,dup,enum_for,eql?,equal?,exception,extend,freeze,frozen?,hash,include,include?,included_modules,inspect,instance_eval,instance_exec,instance_method,instance_methods,instance_of?,instance_variable_defined?,instance_variable_get,instance_variable_set,instance_variables,is_a?,itself,kind_of?,method,method_defined?,methods,module_eval,module_exec,name,new,nil?,object_id,prepend,private_class_method,private_constant,private_instance_methods,private_method_defined?,private_methods,protected_instance_methods,protected_method_defined?,protected_methods,public_class_method,public_constant,public_instance_method,public_instance_methods,public_method,public_method_defined?,public_methods,public_send,refinements,remove_class_variable,remove_instance_variable,remove_method,respond_to?,send,set_temporary_name,singleton_class,singleton_class?,singleton_method,singleton_methods,subclasses,superclass,tap,then,to_enum,to_s,to_tty?,undef_method,undefined_instance_methods,yield_self
Errno::EINVAL	P	Array,Complex,Float,Hash,Integer,Pathname,Rational,String,__callee__,__dir__,__method__,`,abort,at_exit,autoload,autoload?,binding,block_given?,caller,caller_locations,catch,eval,exec,exit,exit!,fail,fork,format,gets,global_variables,initialize,initialize_clone,initialize_copy,initialize_dup,instance_variables_to_inspect,iterator?,lambda,load,local_variables,loop,method_missing,open,p,pp,print,printf,proc,putc,puts,raise,rand,readline,readlines,require,require_relative,respond_to_missing?,select,set_trace_func,singleton_method_added,singleton_method_removed,singleton_method_undefined,sleep,spawn,sprintf,srand,syscall,system,test,throw,trace_var,trap,untrace_var,warn
Errno::EIO	i	
Errno::EIO	s	
Errno::EIO	p	
Errno::EIO	c	Errno
Errno::EIO	I	!,!=,!~,<=>,==,===,__id__,__send__,backtrace,backtrace_locations,cause,class,clone,define_singleton_method,detailed_message,display,dup,enum_for,eql?,equal?,errno,exception,extend,freeze,frozen?,full_message,hash,inspect,instance_eval,instance_exec,instance_of?,instance_variable_defined?,instance_variable_get,instance_variable_set,instance_variables,is_a?,itself,kind_of?,message,method,methods,nil?,object_id,private_methods,protected_methods,public_method,public_methods,public_send,remove_instance_variable,respond_to?,send,set_backtrace,singleton_class,singleton_method,singleton_methods,tap,then,to_enum,to_s,yield_self
Errno::EIO	S	!,!=,!~,<,<=,<=>,==,===,>,>=,__id__,__send__,alias_method,allocate,ancestors,attached_object,attr,attr_accessor,attr_reader,attr_writer,autoload,autoload?,class,class_eval,class_exec,class_variable_defined?,class_variable_get,class_variable_set,class_variables,clone,const_defined?,const_get,const_missing,const_set,const_source_location,constants,define_method,define_singleton_method,deprecate_constant,display,dup,enum_for,eql?,equal?,exception,extend,freeze,frozen?,hash,include,include?,included_modules,inspect,instance_eval,instance_exec,instance_method,instance_methods,instance_of?,instance_variable_defined?,instance_variable_get,instance_variable_set,instance_variables,is_a?,itself,kind_of?,method,method_defined?,methods,module_eval,module_exec,name,new,nil?,object_id,prepend,private_class_method,private_constant,private_instance_methods,private_method_defined?,private_methods,protected_instance_methods,protected_method_defined?,protected_methods,public_class_method,public_constant,public_instance_method,public_instance_methods,public_method,public_method_defined?,public_methods,public_send,refinements,remove_class_variable,remove_instance_variable,remove_method,respond_to?,send,set_temporary_name,singleton_class,singleton_class?,singleton_method,singleton_methods,subclasses,superclass,tap,then,to_enum,to_s,to_tty?,undef_method,undefined_instance_methods,yield_self
Errno::EIO	P	Array,Complex,Float,Hash,Integer,Pathname,Rational,String,__callee__,__dir__,__method__,`,abort,at_exit,autoload,autoload?,binding,block_given?,caller,caller_locations,catch,eval,exec,exit,exit!,fail,fork,format,gets,global_variables,initialize,initialize_clone,initialize_copy,initialize_dup,instance_variables_to_inspect,iterator?,lambda,load,local_variables,loop,method_missing,open,p,pp,print,printf,proc,putc,puts,raise,rand,readline,readlines,require,require_relative,respond_to_missing?,select,set_trace_func,singleton_method_added,singleton_method_removed,singleton_method_undefined,sleep,spawn,sprintf,srand,syscall,system,test,throw,trace_var,trap,untrace_var,warn
Errno::EISCONN	i	
Errno::EISCONN	s	
Errno::EISCONN	p	
Errno::EISCONN	c	Errno
Errno::EISCONN	I	!,!=,!~,<=>,==,===,__id__,__send__,backtrace,backtrace_locations,cause,class,clone,define_singleton_method,detailed_message,display,dup,enum_for,eql?,equal?,errno,exception,extend,freeze,frozen?,full_message,hash,inspect,instance_eval,instance_exec,instance_of?,instance_variable_defined?,instance_variable_get,instance_variable_set,instance_variables,is_a?,itself,kind_of?,message,method,methods,nil?,object_id,private_methods,protected_methods,public_method,public_methods,public_send,remove_instance_variable,respond_to?,send,set_backtrace,singleton_class,singleton_method,singleton_methods,tap,then,to_enum,to_s,yield_self
Errno::EISCONN	S	!,!=,!~,<,<=,<=>,==,===,>,>=,__id__,__send__,alias_method,allocate,ancestors,attached_object,attr,attr_accessor,attr_reader,attr_writer,autoload,autoload?,class,class_eval,class_exec,class_variable_defined?,class_variable_get,class_variable_set,class_variables,clone,const_defined?,const_get,const_missing,const_set,const_source_location,constants,define_method,define_singleton_method,deprecate_constant,display,dup,enum_for,eql?,equal?,exception,extend,freeze,frozen?,hash,include,include?,included_modules,inspect,instance_eval,instance_exec,instance_method,instance_methods,instance_of?,instance_variable_defined?,instance_variable_get,instance_variable_set,instance_variables,is_a?,itself,kind_of?,method,method_defined?,methods,module_eval,module_exec,name,new,nil?,object_id,prepend,private_class_method,private_constant,private_instance_methods,private_method_defined?,private_methods,protected_instance_methods,protected_method_defined?,protected_methods,public_class_method,public_constant,public_instance_method,public_instance_methods,public_method,public_method_defined?,public_methods,public_send,refinements,remove_class_variable,remove_instance_variable,remove_method,respond_to?,send,set_temporary_name,singleton_class,singleton_class?,singleton_method,singleton_methods,subclasses,superclass,tap,then,to_enum,to_s,to_tty?,undef_method,undefined_instance_methods,yield_self
Errno::EISCONN	P	Array,Complex,Float,Hash,Integer,Pathname,Rational,String,__callee__,__dir__,__method__,`,abort,at_exit,autoload,autoload?,binding,block_given?,caller,caller_locations,catch,eval,exec,exit,exit!,fail,fork,format,gets,global_variables,initialize,initialize_clone,initialize_copy,initialize_dup,instance_variables_to_inspect,iterator?,lambda,load,local_variables,loop,method_missing,open,p,pp,print,printf,proc,putc,puts,raise,rand,readline,readlines,require,require_relative,respond_to_missing?,select,set_trace_func,singleton_method_added,singleton_method_removed,singleton_method_undefined,sleep,spawn,sprintf,srand,syscall,system,test,throw,trace_var,trap,untrace_var,warn
Errno::EISDIR	i	
Errno::EISDIR	s	
Errno::EISDIR	p	
Errno::EISDIR	c	Errno
Errno::EISDIR	I	!,!=,!~,<=>,==,===,__id__,__send__,backtrace,backtrace_locations,cause,class,clone,define_singleton_method,detailed_message,display,dup,enum_for,eql?,equal?,errno,exception,extend,freeze,frozen?,full_message,hash,inspect,instance_eval,instance_exec,instance_of?,instance_variable_defined?,instance_variable_get,instance_variable_set,instance_variables,is_a?,itself,kind_of?,message,method,methods,nil?,object_id,private_methods,protected_methods,public_method,public_methods,public_send,remove_instance_variable,respond_to?,send,set_backtrace,singleton_class,singleton_method,singleton_methods,tap,then,to_enum,to_s,yield_self
Errno::EISDIR	S	!,!=,!~,<,<=,<=>,==,===,>,>=,__id__,__send__,alias_method,allocate,ancestors,attached_object,attr,attr_accessor,attr_reader,attr_writer,autoload,autoload?,class,class_eval,class_exec,class_variable_defined?,class_variable_get,class_variable_set,class_variables,clone,const_defined?,const_get,const_missing,const_set,const_source_location,constants,define_method,define_singleton_method,deprecate_constant,display,dup,enum_for,eql?,equal?,exception,extend,freeze,frozen?,hash,include,include?,included_modules,inspect,instance_eval,instance_exec,instance_method,instance_methods,instance_of?,instance_variable_defined?,instance_variable_get,instance_variable_set,instance_variables,is_a?,itself,kind_of?,method,method_defined?,methods,module_eval,module_exec,name,new,nil?,object_id,prepend,private_class_method,private_constant,private_instance_methods,private_method_defined?,private_methods,protected_instance_methods,protected_method_defined?,protected_methods,public_class_method,public_constant,public_instance_method,public_instance_methods,public_method,public_method_defined?,public_methods,public_send,refinements,remove_class_variable,remove_instance_variable,remove_method,respond_to?,send,set_temporary_name,singleton_class,singleton_class?,singleton_method,singleton_methods,subclasses,superclass,tap,then,to_enum,to_s,to_tty?,undef_method,undefined_instance_methods,yield_self
Errno::EISDIR	P	Array,Complex,Float,Hash,Integer,Pathname,Rational,String,__callee__,__dir__,__method__,`,abort,at_exit,autoload,autoload?,binding,block_given?,caller,caller_locations,catch,eval,exec,exit,exit!,fail,fork,format,gets,global_variables,initialize,initialize_clone,initialize_copy,initialize_dup,instance_variables_to_inspect,iterator?,lambda,load,local_variables,loop,method_missing,open,p,pp,print,printf,proc,putc,puts,raise,rand,readline,readlines,require,require_relative,respond_to_missing?,select,set_trace_func,singleton_method_added,singleton_method_removed,singleton_method_undefined,sleep,spawn,sprintf,srand,syscall,system,test,throw,trace_var,trap,untrace_var,warn
Errno::ELOOP	i	
Errno::ELOOP	s	
Errno::ELOOP	p	
Errno::ELOOP	c	Errno
Errno::ELOOP	I	!,!=,!~,<=>,==,===,__id__,__send__,backtrace,backtrace_locations,cause,class,clone,define_singleton_method,detailed_message,display,dup,enum_for,eql?,equal?,errno,exception,extend,freeze,frozen?,full_message,hash,inspect,instance_eval,instance_exec,instance_of?,instance_variable_defined?,instance_variable_get,instance_variable_set,instance_variables,is_a?,itself,kind_of?,message,method,methods,nil?,object_id,private_methods,protected_methods,public_method,public_methods,public_send,remove_instance_variable,respond_to?,send,set_backtrace,singleton_class,singleton_method,singleton_methods,tap,then,to_enum,to_s,yield_self
Errno::ELOOP	S	!,!=,!~,<,<=,<=>,==,===,>,>=,__id__,__send__,alias_method,allocate,ancestors,attached_object,attr,attr_accessor,attr_reader,attr_writer,autoload,autoload?,class,class_eval,class_exec,class_variable_defined?,class_variable_get,class_variable_set,class_variables,clone,const_defined?,const_get,const_missing,const_set,const_source_location,constants,define_method,define_singleton_method,deprecate_constant,display,dup,enum_for,eql?,equal?,exception,extend,freeze,frozen?,hash,include,include?,included_modules,inspect,instance_eval,instance_exec,instance_method,instance_methods,instance_of?,instance_variable_defined?,instance_variable_get,instance_variable_set,instance_variables,is_a?,itself,kind_of?,method,method_defined?,methods,module_eval,module_exec,name,new,nil?,object_id,prepend,private_class_method,private_constant,private_instance_methods,private_method_defined?,private_methods,protected_instance_methods,protected_method_defined?,protected_methods,public_class_method,public_constant,public_instance_method,public_instance_methods,public_method,public_method_defined?,public_methods,public_send,refinements,remove_class_variable,remove_instance_variable,remove_method,respond_to?,send,set_temporary_name,singleton_class,singleton_class?,singleton_method,singleton_methods,subclasses,superclass,tap,then,to_enum,to_s,to_tty?,undef_method,undefined_instance_methods,yield_self
Errno::ELOOP	P	Array,Complex,Float,Hash,Integer,Pathname,Rational,String,__callee__,__dir__,__method__,`,abort,at_exit,autoload,autoload?,binding,block_given?,caller,caller_locations,catch,eval,exec,exit,exit!,fail,fork,format,gets,global_variables,initialize,initialize_clone,initialize_copy,initialize_dup,instance_variables_to_inspect,iterator?,lambda,load,local_variables,loop,method_missing,open,p,pp,print,printf,proc,putc,puts,raise,rand,readline,readlines,require,require_relative,respond_to_missing?,select,set_trace_func,singleton_method_added,singleton_method_removed,singleton_method_undefined,sleep,spawn,sprintf,srand,syscall,system,test,throw,trace_var,trap,untrace_var,warn
Errno::EMFILE	i	
Errno::EMFILE	s	
Errno::EMFILE	p	
Errno::EMFILE	c	Errno
Errno::EMFILE	I	!,!=,!~,<=>,==,===,__id__,__send__,backtrace,backtrace_locations,cause,class,clone,define_singleton_method,detailed_message,display,dup,enum_for,eql?,equal?,errno,exception,extend,freeze,frozen?,full_message,hash,inspect,instance_eval,instance_exec,instance_of?,instance_variable_defined?,instance_variable_get,instance_variable_set,instance_variables,is_a?,itself,kind_of?,message,method,methods,nil?,object_id,private_methods,protected_methods,public_method,public_methods,public_send,remove_instance_variable,respond_to?,send,set_backtrace,singleton_class,singleton_method,singleton_methods,tap,then,to_enum,to_s,yield_self
Errno::EMFILE	S	!,!=,!~,<,<=,<=>,==,===,>,>=,__id__,__send__,alias_method,allocate,ancestors,attached_object,attr,attr_accessor,attr_reader,attr_writer,autoload,autoload?,class,class_eval,class_exec,class_variable_defined?,class_variable_get,class_variable_set,class_variables,clone,const_defined?,const_get,const_missing,const_set,const_source_location,constants,define_method,define_singleton_method,deprecate_constant,display,dup,enum_for,eql?,equal?,exception,extend,freeze,frozen?,hash,include,include?,included_modules,inspect,instance_eval,instance_exec,instance_method,instance_methods,instance_of?,instance_variable_defined?,instance_variable_get,instance_variable_set,instance_variables,is_a?,itself,kind_of?,method,method_defined?,methods,module_eval,module_exec,name,new,nil?,object_id,prepend,private_class_method,private_constant,private_instance_methods,private_method_defined?,private_methods,protected_instance_methods,protected_method_defined?,protected_methods,public_class_method,public_constant,public_instance_method,public_instance_methods,public_method,public_method_defined?,public_methods,public_send,refinements,remove_class_variable,remove_instance_variable,remove_method,respond_to?,send,set_temporary_name,singleton_class,singleton_class?,singleton_method,singleton_methods,subclasses,superclass,tap,then,to_enum,to_s,to_tty?,undef_method,undefined_instance_methods,yield_self
Errno::EMFILE	P	Array,Complex,Float,Hash,Integer,Pathname,Rational,String,__callee__,__dir__,__method__,`,abort,at_exit,autoload,autoload?,binding,block_given?,caller,caller_locations,catch,eval,exec,exit,exit!,fail,fork,format,gets,global_variables,initialize,initialize_clone,initialize_copy,initialize_dup,instance_variables_to_inspect,iterator?,lambda,load,local_variables,loop,method_missing,open,p,pp,print,printf,proc,putc,puts,raise,rand,readline,readlines,require,require_relative,respond_to_missing?,select,set_trace_func,singleton_method_added,singleton_method_removed,singleton_method_undefined,sleep,spawn,sprintf,srand,syscall,system,test,throw,trace_var,trap,untrace_var,warn
Errno::EMLINK	i	
Errno::EMLINK	s	
Errno::EMLINK	p	
Errno::EMLINK	c	Errno
Errno::EMLINK	I	!,!=,!~,<=>,==,===,__id__,__send__,backtrace,backtrace_locations,cause,class,clone,define_singleton_method,detailed_message,display,dup,enum_for,eql?,equal?,errno,exception,extend,freeze,frozen?,full_message,hash,inspect,instance_eval,instance_exec,instance_of?,instance_variable_defined?,instance_variable_get,instance_variable_set,instance_variables,is_a?,itself,kind_of?,message,method,methods,nil?,object_id,private_methods,protected_methods,public_method,public_methods,public_send,remove_instance_variable,respond_to?,send,set_backtrace,singleton_class,singleton_method,singleton_methods,tap,then,to_enum,to_s,yield_self
Errno::EMLINK	S	!,!=,!~,<,<=,<=>,==,===,>,>=,__id__,__send__,alias_method,allocate,ancestors,attached_object,attr,attr_accessor,attr_reader,attr_writer,autoload,autoload?,class,class_eval,class_exec,class_variable_defined?,class_variable_get,class_variable_set,class_variables,clone,const_defined?,const_get,const_missing,const_set,const_source_location,constants,define_method,define_singleton_method,deprecate_constant,display,dup,enum_for,eql?,equal?,exception,extend,freeze,frozen?,hash,include,include?,included_modules,inspect,instance_eval,instance_exec,instance_method,instance_methods,instance_of?,instance_variable_defined?,instance_variable_get,instance_variable_set,instance_variables,is_a?,itself,kind_of?,method,method_defined?,methods,module_eval,module_exec,name,new,nil?,object_id,prepend,private_class_method,private_constant,private_instance_methods,private_method_defined?,private_methods,protected_instance_methods,protected_method_defined?,protected_methods,public_class_method,public_constant,public_instance_method,public_instance_methods,public_method,public_method_defined?,public_methods,public_send,refinements,remove_class_variable,remove_instance_variable,remove_method,respond_to?,send,set_temporary_name,singleton_class,singleton_class?,singleton_method,singleton_methods,subclasses,superclass,tap,then,to_enum,to_s,to_tty?,undef_method,undefined_instance_methods,yield_self
Errno::EMLINK	P	Array,Complex,Float,Hash,Integer,Pathname,Rational,String,__callee__,__dir__,__method__,`,abort,at_exit,autoload,autoload?,binding,block_given?,caller,caller_locations,catch,eval,exec,exit,exit!,fail,fork,format,gets,global_variables,initialize,initialize_clone,initialize_copy,initialize_dup,instance_variables_to_inspect,iterator?,lambda,load,local_variables,loop,method_missing,open,p,pp,print,printf,proc,putc,puts,raise,rand,readline,readlines,require,require_relative,respond_to_missing?,select,set_trace_func,singleton_method_added,singleton_method_removed,singleton_method_undefined,sleep,spawn,sprintf,srand,syscall,system,test,throw,trace_var,trap,untrace_var,warn
Errno::EMSGSIZE	i	
Errno::EMSGSIZE	s	
Errno::EMSGSIZE	p	
Errno::EMSGSIZE	c	Errno
Errno::EMSGSIZE	I	!,!=,!~,<=>,==,===,__id__,__send__,backtrace,backtrace_locations,cause,class,clone,define_singleton_method,detailed_message,display,dup,enum_for,eql?,equal?,errno,exception,extend,freeze,frozen?,full_message,hash,inspect,instance_eval,instance_exec,instance_of?,instance_variable_defined?,instance_variable_get,instance_variable_set,instance_variables,is_a?,itself,kind_of?,message,method,methods,nil?,object_id,private_methods,protected_methods,public_method,public_methods,public_send,remove_instance_variable,respond_to?,send,set_backtrace,singleton_class,singleton_method,singleton_methods,tap,then,to_enum,to_s,yield_self
Errno::EMSGSIZE	S	!,!=,!~,<,<=,<=>,==,===,>,>=,__id__,__send__,alias_method,allocate,ancestors,attached_object,attr,attr_accessor,attr_reader,attr_writer,autoload,autoload?,class,class_eval,class_exec,class_variable_defined?,class_variable_get,class_variable_set,class_variables,clone,const_defined?,const_get,const_missing,const_set,const_source_location,constants,define_method,define_singleton_method,deprecate_constant,display,dup,enum_for,eql?,equal?,exception,extend,freeze,frozen?,hash,include,include?,included_modules,inspect,instance_eval,instance_exec,instance_method,instance_methods,instance_of?,instance_variable_defined?,instance_variable_get,instance_variable_set,instance_variables,is_a?,itself,kind_of?,method,method_defined?,methods,module_eval,module_exec,name,new,nil?,object_id,prepend,private_class_method,private_constant,private_instance_methods,private_method_defined?,private_methods,protected_instance_methods,protected_method_defined?,protected_methods,public_class_method,public_constant,public_instance_method,public_instance_methods,public_method,public_method_defined?,public_methods,public_send,refinements,remove_class_variable,remove_instance_variable,remove_method,respond_to?,send,set_temporary_name,singleton_class,singleton_class?,singleton_method,singleton_methods,subclasses,superclass,tap,then,to_enum,to_s,to_tty?,undef_method,undefined_instance_methods,yield_self
Errno::EMSGSIZE	P	Array,Complex,Float,Hash,Integer,Pathname,Rational,String,__callee__,__dir__,__method__,`,abort,at_exit,autoload,autoload?,binding,block_given?,caller,caller_locations,catch,eval,exec,exit,exit!,fail,fork,format,gets,global_variables,initialize,initialize_clone,initialize_copy,initialize_dup,instance_variables_to_inspect,iterator?,lambda,load,local_variables,loop,method_missing,open,p,pp,print,printf,proc,putc,puts,raise,rand,readline,readlines,require,require_relative,respond_to_missing?,select,set_trace_func,singleton_method_added,singleton_method_removed,singleton_method_undefined,sleep,spawn,sprintf,srand,syscall,system,test,throw,trace_var,trap,untrace_var,warn
Errno::EMULTIHOP	i	
Errno::EMULTIHOP	s	
Errno::EMULTIHOP	p	
Errno::EMULTIHOP	c	Errno
Errno::EMULTIHOP	I	!,!=,!~,<=>,==,===,__id__,__send__,backtrace,backtrace_locations,cause,class,clone,define_singleton_method,detailed_message,display,dup,enum_for,eql?,equal?,errno,exception,extend,freeze,frozen?,full_message,hash,inspect,instance_eval,instance_exec,instance_of?,instance_variable_defined?,instance_variable_get,instance_variable_set,instance_variables,is_a?,itself,kind_of?,message,method,methods,nil?,object_id,private_methods,protected_methods,public_method,public_methods,public_send,remove_instance_variable,respond_to?,send,set_backtrace,singleton_class,singleton_method,singleton_methods,tap,then,to_enum,to_s,yield_self
Errno::EMULTIHOP	S	!,!=,!~,<,<=,<=>,==,===,>,>=,__id__,__send__,alias_method,allocate,ancestors,attached_object,attr,attr_accessor,attr_reader,attr_writer,autoload,autoload?,class,class_eval,class_exec,class_variable_defined?,class_variable_get,class_variable_set,class_variables,clone,const_defined?,const_get,const_missing,const_set,const_source_location,constants,define_method,define_singleton_method,deprecate_constant,display,dup,enum_for,eql?,equal?,exception,extend,freeze,frozen?,hash,include,include?,included_modules,inspect,instance_eval,instance_exec,instance_method,instance_methods,instance_of?,instance_variable_defined?,instance_variable_get,instance_variable_set,instance_variables,is_a?,itself,kind_of?,method,method_defined?,methods,module_eval,module_exec,name,new,nil?,object_id,prepend,private_class_method,private_constant,private_instance_methods,private_method_defined?,private_methods,protected_instance_methods,protected_method_defined?,protected_methods,public_class_method,public_constant,public_instance_method,public_instance_methods,public_method,public_method_defined?,public_methods,public_send,refinements,remove_class_variable,remove_instance_variable,remove_method,respond_to?,send,set_temporary_name,singleton_class,singleton_class?,singleton_method,singleton_methods,subclasses,superclass,tap,then,to_enum,to_s,to_tty?,undef_method,undefined_instance_methods,yield_self
Errno::EMULTIHOP	P	Array,Complex,Float,Hash,Integer,Pathname,Rational,String,__callee__,__dir__,__method__,`,abort,at_exit,autoload,autoload?,binding,block_given?,caller,caller_locations,catch,eval,exec,exit,exit!,fail,fork,format,gets,global_variables,initialize,initialize_clone,initialize_copy,initialize_dup,instance_variables_to_inspect,iterator?,lambda,load,local_variables,loop,method_missing,open,p,pp,print,printf,proc,putc,puts,raise,rand,readline,readlines,require,require_relative,respond_to_missing?,select,set_trace_func,singleton_method_added,singleton_method_removed,singleton_method_undefined,sleep,spawn,sprintf,srand,syscall,system,test,throw,trace_var,trap,untrace_var,warn
Errno::ENAMETOOLONG	i	
Errno::ENAMETOOLONG	s	
Errno::ENAMETOOLONG	p	
Errno::ENAMETOOLONG	c	Errno
Errno::ENAMETOOLONG	I	!,!=,!~,<=>,==,===,__id__,__send__,backtrace,backtrace_locations,cause,class,clone,define_singleton_method,detailed_message,display,dup,enum_for,eql?,equal?,errno,exception,extend,freeze,frozen?,full_message,hash,inspect,instance_eval,instance_exec,instance_of?,instance_variable_defined?,instance_variable_get,instance_variable_set,instance_variables,is_a?,itself,kind_of?,message,method,methods,nil?,object_id,private_methods,protected_methods,public_method,public_methods,public_send,remove_instance_variable,respond_to?,send,set_backtrace,singleton_class,singleton_method,singleton_methods,tap,then,to_enum,to_s,yield_self
Errno::ENAMETOOLONG	S	!,!=,!~,<,<=,<=>,==,===,>,>=,__id__,__send__,alias_method,allocate,ancestors,attached_object,attr,attr_accessor,attr_reader,attr_writer,autoload,autoload?,class,class_eval,class_exec,class_variable_defined?,class_variable_get,class_variable_set,class_variables,clone,const_defined?,const_get,const_missing,const_set,const_source_location,constants,define_method,define_singleton_method,deprecate_constant,display,dup,enum_for,eql?,equal?,exception,extend,freeze,frozen?,hash,include,include?,included_modules,inspect,instance_eval,instance_exec,instance_method,instance_methods,instance_of?,instance_variable_defined?,instance_variable_get,instance_variable_set,instance_variables,is_a?,itself,kind_of?,method,method_defined?,methods,module_eval,module_exec,name,new,nil?,object_id,prepend,private_class_method,private_constant,private_instance_methods,private_method_defined?,private_methods,protected_instance_methods,protected_method_defined?,protected_methods,public_class_method,public_constant,public_instance_method,public_instance_methods,public_method,public_method_defined?,public_methods,public_send,refinements,remove_class_variable,remove_instance_variable,remove_method,respond_to?,send,set_temporary_name,singleton_class,singleton_class?,singleton_method,singleton_methods,subclasses,superclass,tap,then,to_enum,to_s,to_tty?,undef_method,undefined_instance_methods,yield_self
Errno::ENAMETOOLONG	P	Array,Complex,Float,Hash,Integer,Pathname,Rational,String,__callee__,__dir__,__method__,`,abort,at_exit,autoload,autoload?,binding,block_given?,caller,caller_locations,catch,eval,exec,exit,exit!,fail,fork,format,gets,global_variables,initialize,initialize_clone,initialize_copy,initialize_dup,instance_variables_to_inspect,iterator?,lambda,load,local_variables,loop,method_missing,open,p,pp,print,printf,proc,putc,puts,raise,rand,readline,readlines,require,require_relative,respond_to_missing?,select,set_trace_func,singleton_method_added,singleton_method_removed,singleton_method_undefined,sleep,spawn,sprintf,srand,syscall,system,test,throw,trace_var,trap,untrace_var,warn
Errno::ENEEDAUTH	i	
Errno::ENEEDAUTH	s	
Errno::ENEEDAUTH	p	
Errno::ENEEDAUTH	c	Errno
Errno::ENEEDAUTH	I	!,!=,!~,<=>,==,===,__id__,__send__,backtrace,backtrace_locations,cause,class,clone,define_singleton_method,detailed_message,display,dup,enum_for,eql?,equal?,errno,exception,extend,freeze,frozen?,full_message,hash,inspect,instance_eval,instance_exec,instance_of?,instance_variable_defined?,instance_variable_get,instance_variable_set,instance_variables,is_a?,itself,kind_of?,message,method,methods,nil?,object_id,private_methods,protected_methods,public_method,public_methods,public_send,remove_instance_variable,respond_to?,send,set_backtrace,singleton_class,singleton_method,singleton_methods,tap,then,to_enum,to_s,yield_self
Errno::ENEEDAUTH	S	!,!=,!~,<,<=,<=>,==,===,>,>=,__id__,__send__,alias_method,allocate,ancestors,attached_object,attr,attr_accessor,attr_reader,attr_writer,autoload,autoload?,class,class_eval,class_exec,class_variable_defined?,class_variable_get,class_variable_set,class_variables,clone,const_defined?,const_get,const_missing,const_set,const_source_location,constants,define_method,define_singleton_method,deprecate_constant,display,dup,enum_for,eql?,equal?,exception,extend,freeze,frozen?,hash,include,include?,included_modules,inspect,instance_eval,instance_exec,instance_method,instance_methods,instance_of?,instance_variable_defined?,instance_variable_get,instance_variable_set,instance_variables,is_a?,itself,kind_of?,method,method_defined?,methods,module_eval,module_exec,name,new,nil?,object_id,prepend,private_class_method,private_constant,private_instance_methods,private_method_defined?,private_methods,protected_instance_methods,protected_method_defined?,protected_methods,public_class_method,public_constant,public_instance_method,public_instance_methods,public_method,public_method_defined?,public_methods,public_send,refinements,remove_class_variable,remove_instance_variable,remove_method,respond_to?,send,set_temporary_name,singleton_class,singleton_class?,singleton_method,singleton_methods,subclasses,superclass,tap,then,to_enum,to_s,to_tty?,undef_method,undefined_instance_methods,yield_self
Errno::ENEEDAUTH	P	Array,Complex,Float,Hash,Integer,Pathname,Rational,String,__callee__,__dir__,__method__,`,abort,at_exit,autoload,autoload?,binding,block_given?,caller,caller_locations,catch,eval,exec,exit,exit!,fail,fork,format,gets,global_variables,initialize,initialize_clone,initialize_copy,initialize_dup,instance_variables_to_inspect,iterator?,lambda,load,local_variables,loop,method_missing,open,p,pp,print,printf,proc,putc,puts,raise,rand,readline,readlines,require,require_relative,respond_to_missing?,select,set_trace_func,singleton_method_added,singleton_method_removed,singleton_method_undefined,sleep,spawn,sprintf,srand,syscall,system,test,throw,trace_var,trap,untrace_var,warn
Errno::ENETDOWN	i	
Errno::ENETDOWN	s	
Errno::ENETDOWN	p	
Errno::ENETDOWN	c	Errno
Errno::ENETDOWN	I	!,!=,!~,<=>,==,===,__id__,__send__,backtrace,backtrace_locations,cause,class,clone,define_singleton_method,detailed_message,display,dup,enum_for,eql?,equal?,errno,exception,extend,freeze,frozen?,full_message,hash,inspect,instance_eval,instance_exec,instance_of?,instance_variable_defined?,instance_variable_get,instance_variable_set,instance_variables,is_a?,itself,kind_of?,message,method,methods,nil?,object_id,private_methods,protected_methods,public_method,public_methods,public_send,remove_instance_variable,respond_to?,send,set_backtrace,singleton_class,singleton_method,singleton_methods,tap,then,to_enum,to_s,yield_self
Errno::ENETDOWN	S	!,!=,!~,<,<=,<=>,==,===,>,>=,__id__,__send__,alias_method,allocate,ancestors,attached_object,attr,attr_accessor,attr_reader,attr_writer,autoload,autoload?,class,class_eval,class_exec,class_variable_defined?,class_variable_get,class_variable_set,class_variables,clone,const_defined?,const_get,const_missing,const_set,const_source_location,constants,define_method,define_singleton_method,deprecate_constant,display,dup,enum_for,eql?,equal?,exception,extend,freeze,frozen?,hash,include,include?,included_modules,inspect,instance_eval,instance_exec,instance_method,instance_methods,instance_of?,instance_variable_defined?,instance_variable_get,instance_variable_set,instance_variables,is_a?,itself,kind_of?,method,method_defined?,methods,module_eval,module_exec,name,new,nil?,object_id,prepend,private_class_method,private_constant,private_instance_methods,private_method_defined?,private_methods,protected_instance_methods,protected_method_defined?,protected_methods,public_class_method,public_constant,public_instance_method,public_instance_methods,public_method,public_method_defined?,public_methods,public_send,refinements,remove_class_variable,remove_instance_variable,remove_method,respond_to?,send,set_temporary_name,singleton_class,singleton_class?,singleton_method,singleton_methods,subclasses,superclass,tap,then,to_enum,to_s,to_tty?,undef_method,undefined_instance_methods,yield_self
Errno::ENETDOWN	P	Array,Complex,Float,Hash,Integer,Pathname,Rational,String,__callee__,__dir__,__method__,`,abort,at_exit,autoload,autoload?,binding,block_given?,caller,caller_locations,catch,eval,exec,exit,exit!,fail,fork,format,gets,global_variables,initialize,initialize_clone,initialize_copy,initialize_dup,instance_variables_to_inspect,iterator?,lambda,load,local_variables,loop,method_missing,open,p,pp,print,printf,proc,putc,puts,raise,rand,readline,readlines,require,require_relative,respond_to_missing?,select,set_trace_func,singleton_method_added,singleton_method_removed,singleton_method_undefined,sleep,spawn,sprintf,srand,syscall,system,test,throw,trace_var,trap,untrace_var,warn
Errno::ENETRESET	i	
Errno::ENETRESET	s	
Errno::ENETRESET	p	
Errno::ENETRESET	c	Errno
Errno::ENETRESET	I	!,!=,!~,<=>,==,===,__id__,__send__,backtrace,backtrace_locations,cause,class,clone,define_singleton_method,detailed_message,display,dup,enum_for,eql?,equal?,errno,exception,extend,freeze,frozen?,full_message,hash,inspect,instance_eval,instance_exec,instance_of?,instance_variable_defined?,instance_variable_get,instance_variable_set,instance_variables,is_a?,itself,kind_of?,message,method,methods,nil?,object_id,private_methods,protected_methods,public_method,public_methods,public_send,remove_instance_variable,respond_to?,send,set_backtrace,singleton_class,singleton_method,singleton_methods,tap,then,to_enum,to_s,yield_self
Errno::ENETRESET	S	!,!=,!~,<,<=,<=>,==,===,>,>=,__id__,__send__,alias_method,allocate,ancestors,attached_object,attr,attr_accessor,attr_reader,attr_writer,autoload,autoload?,class,class_eval,class_exec,class_variable_defined?,class_variable_get,class_variable_set,class_variables,clone,const_defined?,const_get,const_missing,const_set,const_source_location,constants,define_method,define_singleton_method,deprecate_constant,display,dup,enum_for,eql?,equal?,exception,extend,freeze,frozen?,hash,include,include?,included_modules,inspect,instance_eval,instance_exec,instance_method,instance_methods,instance_of?,instance_variable_defined?,instance_variable_get,instance_variable_set,instance_variables,is_a?,itself,kind_of?,method,method_defined?,methods,module_eval,module_exec,name,new,nil?,object_id,prepend,private_class_method,private_constant,private_instance_methods,private_method_defined?,private_methods,protected_instance_methods,protected_method_defined?,protected_methods,public_class_method,public_constant,public_instance_method,public_instance_methods,public_method,public_method_defined?,public_methods,public_send,refinements,remove_class_variable,remove_instance_variable,remove_method,respond_to?,send,set_temporary_name,singleton_class,singleton_class?,singleton_method,singleton_methods,subclasses,superclass,tap,then,to_enum,to_s,to_tty?,undef_method,undefined_instance_methods,yield_self
Errno::ENETRESET	P	Array,Complex,Float,Hash,Integer,Pathname,Rational,String,__callee__,__dir__,__method__,`,abort,at_exit,autoload,autoload?,binding,block_given?,caller,caller_locations,catch,eval,exec,exit,exit!,fail,fork,format,gets,global_variables,initialize,initialize_clone,initialize_copy,initialize_dup,instance_variables_to_inspect,iterator?,lambda,load,local_variables,loop,method_missing,open,p,pp,print,printf,proc,putc,puts,raise,rand,readline,readlines,require,require_relative,respond_to_missing?,select,set_trace_func,singleton_method_added,singleton_method_removed,singleton_method_undefined,sleep,spawn,sprintf,srand,syscall,system,test,throw,trace_var,trap,untrace_var,warn
Errno::ENETUNREACH	i	
Errno::ENETUNREACH	s	
Errno::ENETUNREACH	p	
Errno::ENETUNREACH	c	Errno
Errno::ENETUNREACH	I	!,!=,!~,<=>,==,===,__id__,__send__,backtrace,backtrace_locations,cause,class,clone,define_singleton_method,detailed_message,display,dup,enum_for,eql?,equal?,errno,exception,extend,freeze,frozen?,full_message,hash,inspect,instance_eval,instance_exec,instance_of?,instance_variable_defined?,instance_variable_get,instance_variable_set,instance_variables,is_a?,itself,kind_of?,message,method,methods,nil?,object_id,private_methods,protected_methods,public_method,public_methods,public_send,remove_instance_variable,respond_to?,send,set_backtrace,singleton_class,singleton_method,singleton_methods,tap,then,to_enum,to_s,yield_self
Errno::ENETUNREACH	S	!,!=,!~,<,<=,<=>,==,===,>,>=,__id__,__send__,alias_method,allocate,ancestors,attached_object,attr,attr_accessor,attr_reader,attr_writer,autoload,autoload?,class,class_eval,class_exec,class_variable_defined?,class_variable_get,class_variable_set,class_variables,clone,const_defined?,const_get,const_missing,const_set,const_source_location,constants,define_method,define_singleton_method,deprecate_constant,display,dup,enum_for,eql?,equal?,exception,extend,freeze,frozen?,hash,include,include?,included_modules,inspect,instance_eval,instance_exec,instance_method,instance_methods,instance_of?,instance_variable_defined?,instance_variable_get,instance_variable_set,instance_variables,is_a?,itself,kind_of?,method,method_defined?,methods,module_eval,module_exec,name,new,nil?,object_id,prepend,private_class_method,private_constant,private_instance_methods,private_method_defined?,private_methods,protected_instance_methods,protected_method_defined?,protected_methods,public_class_method,public_constant,public_instance_method,public_instance_methods,public_method,public_method_defined?,public_methods,public_send,refinements,remove_class_variable,remove_instance_variable,remove_method,respond_to?,send,set_temporary_name,singleton_class,singleton_class?,singleton_method,singleton_methods,subclasses,superclass,tap,then,to_enum,to_s,to_tty?,undef_method,undefined_instance_methods,yield_self
Errno::ENETUNREACH	P	Array,Complex,Float,Hash,Integer,Pathname,Rational,String,__callee__,__dir__,__method__,`,abort,at_exit,autoload,autoload?,binding,block_given?,caller,caller_locations,catch,eval,exec,exit,exit!,fail,fork,format,gets,global_variables,initialize,initialize_clone,initialize_copy,initialize_dup,instance_variables_to_inspect,iterator?,lambda,load,local_variables,loop,method_missing,open,p,pp,print,printf,proc,putc,puts,raise,rand,readline,readlines,require,require_relative,respond_to_missing?,select,set_trace_func,singleton_method_added,singleton_method_removed,singleton_method_undefined,sleep,spawn,sprintf,srand,syscall,system,test,throw,trace_var,trap,untrace_var,warn
Errno::ENFILE	i	
Errno::ENFILE	s	
Errno::ENFILE	p	
Errno::ENFILE	c	Errno
Errno::ENFILE	I	!,!=,!~,<=>,==,===,__id__,__send__,backtrace,backtrace_locations,cause,class,clone,define_singleton_method,detailed_message,display,dup,enum_for,eql?,equal?,errno,exception,extend,freeze,frozen?,full_message,hash,inspect,instance_eval,instance_exec,instance_of?,instance_variable_defined?,instance_variable_get,instance_variable_set,instance_variables,is_a?,itself,kind_of?,message,method,methods,nil?,object_id,private_methods,protected_methods,public_method,public_methods,public_send,remove_instance_variable,respond_to?,send,set_backtrace,singleton_class,singleton_method,singleton_methods,tap,then,to_enum,to_s,yield_self
Errno::ENFILE	S	!,!=,!~,<,<=,<=>,==,===,>,>=,__id__,__send__,alias_method,allocate,ancestors,attached_object,attr,attr_accessor,attr_reader,attr_writer,autoload,autoload?,class,class_eval,class_exec,class_variable_defined?,class_variable_get,class_variable_set,class_variables,clone,const_defined?,const_get,const_missing,const_set,const_source_location,constants,define_method,define_singleton_method,deprecate_constant,display,dup,enum_for,eql?,equal?,exception,extend,freeze,frozen?,hash,include,include?,included_modules,inspect,instance_eval,instance_exec,instance_method,instance_methods,instance_of?,instance_variable_defined?,instance_variable_get,instance_variable_set,instance_variables,is_a?,itself,kind_of?,method,method_defined?,methods,module_eval,module_exec,name,new,nil?,object_id,prepend,private_class_method,private_constant,private_instance_methods,private_method_defined?,private_methods,protected_instance_methods,protected_method_defined?,protected_methods,public_class_method,public_constant,public_instance_method,public_instance_methods,public_method,public_method_defined?,public_methods,public_send,refinements,remove_class_variable,remove_instance_variable,remove_method,respond_to?,send,set_temporary_name,singleton_class,singleton_class?,singleton_method,singleton_methods,subclasses,superclass,tap,then,to_enum,to_s,to_tty?,undef_method,undefined_instance_methods,yield_self
Errno::ENFILE	P	Array,Complex,Float,Hash,Integer,Pathname,Rational,String,__callee__,__dir__,__method__,`,abort,at_exit,autoload,autoload?,binding,block_given?,caller,caller_locations,catch,eval,exec,exit,exit!,fail,fork,format,gets,global_variables,initialize,initialize_clone,initialize_copy,initialize_dup,instance_variables_to_inspect,iterator?,lambda,load,local_variables,loop,method_missing,open,p,pp,print,printf,proc,putc,puts,raise,rand,readline,readlines,require,require_relative,respond_to_missing?,select,set_trace_func,singleton_method_added,singleton_method_removed,singleton_method_undefined,sleep,spawn,sprintf,srand,syscall,system,test,throw,trace_var,trap,untrace_var,warn
Errno::ENOATTR	i	
Errno::ENOATTR	s	
Errno::ENOATTR	p	
Errno::ENOATTR	c	Errno
Errno::ENOATTR	I	!,!=,!~,<=>,==,===,__id__,__send__,backtrace,backtrace_locations,cause,class,clone,define_singleton_method,detailed_message,display,dup,enum_for,eql?,equal?,errno,exception,extend,freeze,frozen?,full_message,hash,inspect,instance_eval,instance_exec,instance_of?,instance_variable_defined?,instance_variable_get,instance_variable_set,instance_variables,is_a?,itself,kind_of?,message,method,methods,nil?,object_id,private_methods,protected_methods,public_method,public_methods,public_send,remove_instance_variable,respond_to?,send,set_backtrace,singleton_class,singleton_method,singleton_methods,tap,then,to_enum,to_s,yield_self
Errno::ENOATTR	S	!,!=,!~,<,<=,<=>,==,===,>,>=,__id__,__send__,alias_method,allocate,ancestors,attached_object,attr,attr_accessor,attr_reader,attr_writer,autoload,autoload?,class,class_eval,class_exec,class_variable_defined?,class_variable_get,class_variable_set,class_variables,clone,const_defined?,const_get,const_missing,const_set,const_source_location,constants,define_method,define_singleton_method,deprecate_constant,display,dup,enum_for,eql?,equal?,exception,extend,freeze,frozen?,hash,include,include?,included_modules,inspect,instance_eval,instance_exec,instance_method,instance_methods,instance_of?,instance_variable_defined?,instance_variable_get,instance_variable_set,instance_variables,is_a?,itself,kind_of?,method,method_defined?,methods,module_eval,module_exec,name,new,nil?,object_id,prepend,private_class_method,private_constant,private_instance_methods,private_method_defined?,private_methods,protected_instance_methods,protected_method_defined?,protected_methods,public_class_method,public_constant,public_instance_method,public_instance_methods,public_method,public_method_defined?,public_methods,public_send,refinements,remove_class_variable,remove_instance_variable,remove_method,respond_to?,send,set_temporary_name,singleton_class,singleton_class?,singleton_method,singleton_methods,subclasses,superclass,tap,then,to_enum,to_s,to_tty?,undef_method,undefined_instance_methods,yield_self
Errno::ENOATTR	P	Array,Complex,Float,Hash,Integer,Pathname,Rational,String,__callee__,__dir__,__method__,`,abort,at_exit,autoload,autoload?,binding,block_given?,caller,caller_locations,catch,eval,exec,exit,exit!,fail,fork,format,gets,global_variables,initialize,initialize_clone,initialize_copy,initialize_dup,instance_variables_to_inspect,iterator?,lambda,load,local_variables,loop,method_missing,open,p,pp,print,printf,proc,putc,puts,raise,rand,readline,readlines,require,require_relative,respond_to_missing?,select,set_trace_func,singleton_method_added,singleton_method_removed,singleton_method_undefined,sleep,spawn,sprintf,srand,syscall,system,test,throw,trace_var,trap,untrace_var,warn
Errno::ENOBUFS	i	
Errno::ENOBUFS	s	
Errno::ENOBUFS	p	
Errno::ENOBUFS	c	Errno
Errno::ENOBUFS	I	!,!=,!~,<=>,==,===,__id__,__send__,backtrace,backtrace_locations,cause,class,clone,define_singleton_method,detailed_message,display,dup,enum_for,eql?,equal?,errno,exception,extend,freeze,frozen?,full_message,hash,inspect,instance_eval,instance_exec,instance_of?,instance_variable_defined?,instance_variable_get,instance_variable_set,instance_variables,is_a?,itself,kind_of?,message,method,methods,nil?,object_id,private_methods,protected_methods,public_method,public_methods,public_send,remove_instance_variable,respond_to?,send,set_backtrace,singleton_class,singleton_method,singleton_methods,tap,then,to_enum,to_s,yield_self
Errno::ENOBUFS	S	!,!=,!~,<,<=,<=>,==,===,>,>=,__id__,__send__,alias_method,allocate,ancestors,attached_object,attr,attr_accessor,attr_reader,attr_writer,autoload,autoload?,class,class_eval,class_exec,class_variable_defined?,class_variable_get,class_variable_set,class_variables,clone,const_defined?,const_get,const_missing,const_set,const_source_location,constants,define_method,define_singleton_method,deprecate_constant,display,dup,enum_for,eql?,equal?,exception,extend,freeze,frozen?,hash,include,include?,included_modules,inspect,instance_eval,instance_exec,instance_method,instance_methods,instance_of?,instance_variable_defined?,instance_variable_get,instance_variable_set,instance_variables,is_a?,itself,kind_of?,method,method_defined?,methods,module_eval,module_exec,name,new,nil?,object_id,prepend,private_class_method,private_constant,private_instance_methods,private_method_defined?,private_methods,protected_instance_methods,protected_method_defined?,protected_methods,public_class_method,public_constant,public_instance_method,public_instance_methods,public_method,public_method_defined?,public_methods,public_send,refinements,remove_class_variable,remove_instance_variable,remove_method,respond_to?,send,set_temporary_name,singleton_class,singleton_class?,singleton_method,singleton_methods,subclasses,superclass,tap,then,to_enum,to_s,to_tty?,undef_method,undefined_instance_methods,yield_self
Errno::ENOBUFS	P	Array,Complex,Float,Hash,Integer,Pathname,Rational,String,__callee__,__dir__,__method__,`,abort,at_exit,autoload,autoload?,binding,block_given?,caller,caller_locations,catch,eval,exec,exit,exit!,fail,fork,format,gets,global_variables,initialize,initialize_clone,initialize_copy,initialize_dup,instance_variables_to_inspect,iterator?,lambda,load,local_variables,loop,method_missing,open,p,pp,print,printf,proc,putc,puts,raise,rand,readline,readlines,require,require_relative,respond_to_missing?,select,set_trace_func,singleton_method_added,singleton_method_removed,singleton_method_undefined,sleep,spawn,sprintf,srand,syscall,system,test,throw,trace_var,trap,untrace_var,warn
Errno::ENODATA	i	
Errno::ENODATA	s	
Errno::ENODATA	p	
Errno::ENODATA	c	Errno
Errno::ENODATA	I	!,!=,!~,<=>,==,===,__id__,__send__,backtrace,backtrace_locations,cause,class,clone,define_singleton_method,detailed_message,display,dup,enum_for,eql?,equal?,errno,exception,extend,freeze,frozen?,full_message,hash,inspect,instance_eval,instance_exec,instance_of?,instance_variable_defined?,instance_variable_get,instance_variable_set,instance_variables,is_a?,itself,kind_of?,message,method,methods,nil?,object_id,private_methods,protected_methods,public_method,public_methods,public_send,remove_instance_variable,respond_to?,send,set_backtrace,singleton_class,singleton_method,singleton_methods,tap,then,to_enum,to_s,yield_self
Errno::ENODATA	S	!,!=,!~,<,<=,<=>,==,===,>,>=,__id__,__send__,alias_method,allocate,ancestors,attached_object,attr,attr_accessor,attr_reader,attr_writer,autoload,autoload?,class,class_eval,class_exec,class_variable_defined?,class_variable_get,class_variable_set,class_variables,clone,const_defined?,const_get,const_missing,const_set,const_source_location,constants,define_method,define_singleton_method,deprecate_constant,display,dup,enum_for,eql?,equal?,exception,extend,freeze,frozen?,hash,include,include?,included_modules,inspect,instance_eval,instance_exec,instance_method,instance_methods,instance_of?,instance_variable_defined?,instance_variable_get,instance_variable_set,instance_variables,is_a?,itself,kind_of?,method,method_defined?,methods,module_eval,module_exec,name,new,nil?,object_id,prepend,private_class_method,private_constant,private_instance_methods,private_method_defined?,private_methods,protected_instance_methods,protected_method_defined?,protected_methods,public_class_method,public_constant,public_instance_method,public_instance_methods,public_method,public_method_defined?,public_methods,public_send,refinements,remove_class_variable,remove_instance_variable,remove_method,respond_to?,send,set_temporary_name,singleton_class,singleton_class?,singleton_method,singleton_methods,subclasses,superclass,tap,then,to_enum,to_s,to_tty?,undef_method,undefined_instance_methods,yield_self
Errno::ENODATA	P	Array,Complex,Float,Hash,Integer,Pathname,Rational,String,__callee__,__dir__,__method__,`,abort,at_exit,autoload,autoload?,binding,block_given?,caller,caller_locations,catch,eval,exec,exit,exit!,fail,fork,format,gets,global_variables,initialize,initialize_clone,initialize_copy,initialize_dup,instance_variables_to_inspect,iterator?,lambda,load,local_variables,loop,method_missing,open,p,pp,print,printf,proc,putc,puts,raise,rand,readline,readlines,require,require_relative,respond_to_missing?,select,set_trace_func,singleton_method_added,singleton_method_removed,singleton_method_undefined,sleep,spawn,sprintf,srand,syscall,system,test,throw,trace_var,trap,untrace_var,warn
Errno::ENODEV	i	
Errno::ENODEV	s	
Errno::ENODEV	p	
Errno::ENODEV	c	Errno
Errno::ENODEV	I	!,!=,!~,<=>,==,===,__id__,__send__,backtrace,backtrace_locations,cause,class,clone,define_singleton_method,detailed_message,display,dup,enum_for,eql?,equal?,errno,exception,extend,freeze,frozen?,full_message,hash,inspect,instance_eval,instance_exec,instance_of?,instance_variable_defined?,instance_variable_get,instance_variable_set,instance_variables,is_a?,itself,kind_of?,message,method,methods,nil?,object_id,private_methods,protected_methods,public_method,public_methods,public_send,remove_instance_variable,respond_to?,send,set_backtrace,singleton_class,singleton_method,singleton_methods,tap,then,to_enum,to_s,yield_self
Errno::ENODEV	S	!,!=,!~,<,<=,<=>,==,===,>,>=,__id__,__send__,alias_method,allocate,ancestors,attached_object,attr,attr_accessor,attr_reader,attr_writer,autoload,autoload?,class,class_eval,class_exec,class_variable_defined?,class_variable_get,class_variable_set,class_variables,clone,const_defined?,const_get,const_missing,const_set,const_source_location,constants,define_method,define_singleton_method,deprecate_constant,display,dup,enum_for,eql?,equal?,exception,extend,freeze,frozen?,hash,include,include?,included_modules,inspect,instance_eval,instance_exec,instance_method,instance_methods,instance_of?,instance_variable_defined?,instance_variable_get,instance_variable_set,instance_variables,is_a?,itself,kind_of?,method,method_defined?,methods,module_eval,module_exec,name,new,nil?,object_id,prepend,private_class_method,private_constant,private_instance_methods,private_method_defined?,private_methods,protected_instance_methods,protected_method_defined?,protected_methods,public_class_method,public_constant,public_instance_method,public_instance_methods,public_method,public_method_defined?,public_methods,public_send,refinements,remove_class_variable,remove_instance_variable,remove_method,respond_to?,send,set_temporary_name,singleton_class,singleton_class?,singleton_method,singleton_methods,subclasses,superclass,tap,then,to_enum,to_s,to_tty?,undef_method,undefined_instance_methods,yield_self
Errno::ENODEV	P	Array,Complex,Float,Hash,Integer,Pathname,Rational,String,__callee__,__dir__,__method__,`,abort,at_exit,autoload,autoload?,binding,block_given?,caller,caller_locations,catch,eval,exec,exit,exit!,fail,fork,format,gets,global_variables,initialize,initialize_clone,initialize_copy,initialize_dup,instance_variables_to_inspect,iterator?,lambda,load,local_variables,loop,method_missing,open,p,pp,print,printf,proc,putc,puts,raise,rand,readline,readlines,require,require_relative,respond_to_missing?,select,set_trace_func,singleton_method_added,singleton_method_removed,singleton_method_undefined,sleep,spawn,sprintf,srand,syscall,system,test,throw,trace_var,trap,untrace_var,warn
Errno::ENOENT	i	
Errno::ENOENT	s	
Errno::ENOENT	p	
Errno::ENOENT	c	Errno
Errno::ENOENT	I	!,!=,!~,<=>,==,===,__id__,__send__,backtrace,backtrace_locations,cause,class,clone,define_singleton_method,detailed_message,display,dup,enum_for,eql?,equal?,errno,exception,extend,freeze,frozen?,full_message,hash,inspect,instance_eval,instance_exec,instance_of?,instance_variable_defined?,instance_variable_get,instance_variable_set,instance_variables,is_a?,itself,kind_of?,message,method,methods,nil?,object_id,private_methods,protected_methods,public_method,public_methods,public_send,remove_instance_variable,respond_to?,send,set_backtrace,singleton_class,singleton_method,singleton_methods,tap,then,to_enum,to_s,yield_self
Errno::ENOENT	S	!,!=,!~,<,<=,<=>,==,===,>,>=,__id__,__send__,alias_method,allocate,ancestors,attached_object,attr,attr_accessor,attr_reader,attr_writer,autoload,autoload?,class,class_eval,class_exec,class_variable_defined?,class_variable_get,class_variable_set,class_variables,clone,const_defined?,const_get,const_missing,const_set,const_source_location,constants,define_method,define_singleton_method,deprecate_constant,display,dup,enum_for,eql?,equal?,exception,extend,freeze,frozen?,hash,include,include?,included_modules,inspect,instance_eval,instance_exec,instance_method,instance_methods,instance_of?,instance_variable_defined?,instance_variable_get,instance_variable_set,instance_variables,is_a?,itself,kind_of?,method,method_defined?,methods,module_eval,module_exec,name,new,nil?,object_id,prepend,private_class_method,private_constant,private_instance_methods,private_method_defined?,private_methods,protected_instance_methods,protected_method_defined?,protected_methods,public_class_method,public_constant,public_instance_method,public_instance_methods,public_method,public_method_defined?,public_methods,public_send,refinements,remove_class_variable,remove_instance_variable,remove_method,respond_to?,send,set_temporary_name,singleton_class,singleton_class?,singleton_method,singleton_methods,subclasses,superclass,tap,then,to_enum,to_s,to_tty?,undef_method,undefined_instance_methods,yield_self
Errno::ENOENT	P	Array,Complex,Float,Hash,Integer,Pathname,Rational,String,__callee__,__dir__,__method__,`,abort,at_exit,autoload,autoload?,binding,block_given?,caller,caller_locations,catch,eval,exec,exit,exit!,fail,fork,format,gets,global_variables,initialize,initialize_clone,initialize_copy,initialize_dup,instance_variables_to_inspect,iterator?,lambda,load,local_variables,loop,method_missing,open,p,pp,print,printf,proc,putc,puts,raise,rand,readline,readlines,require,require_relative,respond_to_missing?,select,set_trace_func,singleton_method_added,singleton_method_removed,singleton_method_undefined,sleep,spawn,sprintf,srand,syscall,system,test,throw,trace_var,trap,untrace_var,warn
Errno::ENOEXEC	i	
Errno::ENOEXEC	s	
Errno::ENOEXEC	p	
Errno::ENOEXEC	c	Errno
Errno::ENOEXEC	I	!,!=,!~,<=>,==,===,__id__,__send__,backtrace,backtrace_locations,cause,class,clone,define_singleton_method,detailed_message,display,dup,enum_for,eql?,equal?,errno,exception,extend,freeze,frozen?,full_message,hash,inspect,instance_eval,instance_exec,instance_of?,instance_variable_defined?,instance_variable_get,instance_variable_set,instance_variables,is_a?,itself,kind_of?,message,method,methods,nil?,object_id,private_methods,protected_methods,public_method,public_methods,public_send,remove_instance_variable,respond_to?,send,set_backtrace,singleton_class,singleton_method,singleton_methods,tap,then,to_enum,to_s,yield_self
Errno::ENOEXEC	S	!,!=,!~,<,<=,<=>,==,===,>,>=,__id__,__send__,alias_method,allocate,ancestors,attached_object,attr,attr_accessor,attr_reader,attr_writer,autoload,autoload?,class,class_eval,class_exec,class_variable_defined?,class_variable_get,class_variable_set,class_variables,clone,const_defined?,const_get,const_missing,const_set,const_source_location,constants,define_method,define_singleton_method,deprecate_constant,display,dup,enum_for,eql?,equal?,exception,extend,freeze,frozen?,hash,include,include?,included_modules,inspect,instance_eval,instance_exec,instance_method,instance_methods,instance_of?,instance_variable_defined?,instance_variable_get,instance_variable_set,instance_variables,is_a?,itself,kind_of?,method,method_defined?,methods,module_eval,module_exec,name,new,nil?,object_id,prepend,private_class_method,private_constant,private_instance_methods,private_method_defined?,private_methods,protected_instance_methods,protected_method_defined?,protected_methods,public_class_method,public_constant,public_instance_method,public_instance_methods,public_method,public_method_defined?,public_methods,public_send,refinements,remove_class_variable,remove_instance_variable,remove_method,respond_to?,send,set_temporary_name,singleton_class,singleton_class?,singleton_method,singleton_methods,subclasses,superclass,tap,then,to_enum,to_s,to_tty?,undef_method,undefined_instance_methods,yield_self
Errno::ENOEXEC	P	Array,Complex,Float,Hash,Integer,Pathname,Rational,String,__callee__,__dir__,__method__,`,abort,at_exit,autoload,autoload?,binding,block_given?,caller,caller_locations,catch,eval,exec,exit,exit!,fail,fork,format,gets,global_variables,initialize,initialize_clone,initialize_copy,initialize_dup,instance_variables_to_inspect,iterator?,lambda,load,local_variables,loop,method_missing,open,p,pp,print,printf,proc,putc,puts,raise,rand,readline,readlines,require,require_relative,respond_to_missing?,select,set_trace_func,singleton_method_added,singleton_method_removed,singleton_method_undefined,sleep,spawn,sprintf,srand,syscall,system,test,throw,trace_var,trap,untrace_var,warn
Errno::ENOLCK	i	
Errno::ENOLCK	s	
Errno::ENOLCK	p	
Errno::ENOLCK	c	Errno
Errno::ENOLCK	I	!,!=,!~,<=>,==,===,__id__,__send__,backtrace,backtrace_locations,cause,class,clone,define_singleton_method,detailed_message,display,dup,enum_for,eql?,equal?,errno,exception,extend,freeze,frozen?,full_message,hash,inspect,instance_eval,instance_exec,instance_of?,instance_variable_defined?,instance_variable_get,instance_variable_set,instance_variables,is_a?,itself,kind_of?,message,method,methods,nil?,object_id,private_methods,protected_methods,public_method,public_methods,public_send,remove_instance_variable,respond_to?,send,set_backtrace,singleton_class,singleton_method,singleton_methods,tap,then,to_enum,to_s,yield_self
Errno::ENOLCK	S	!,!=,!~,<,<=,<=>,==,===,>,>=,__id__,__send__,alias_method,allocate,ancestors,attached_object,attr,attr_accessor,attr_reader,attr_writer,autoload,autoload?,class,class_eval,class_exec,class_variable_defined?,class_variable_get,class_variable_set,class_variables,clone,const_defined?,const_get,const_missing,const_set,const_source_location,constants,define_method,define_singleton_method,deprecate_constant,display,dup,enum_for,eql?,equal?,exception,extend,freeze,frozen?,hash,include,include?,included_modules,inspect,instance_eval,instance_exec,instance_method,instance_methods,instance_of?,instance_variable_defined?,instance_variable_get,instance_variable_set,instance_variables,is_a?,itself,kind_of?,method,method_defined?,methods,module_eval,module_exec,name,new,nil?,object_id,prepend,private_class_method,private_constant,private_instance_methods,private_method_defined?,private_methods,protected_instance_methods,protected_method_defined?,protected_methods,public_class_method,public_constant,public_instance_method,public_instance_methods,public_method,public_method_defined?,public_methods,public_send,refinements,remove_class_variable,remove_instance_variable,remove_method,respond_to?,send,set_temporary_name,singleton_class,singleton_class?,singleton_method,singleton_methods,subclasses,superclass,tap,then,to_enum,to_s,to_tty?,undef_method,undefined_instance_methods,yield_self
Errno::ENOLCK	P	Array,Complex,Float,Hash,Integer,Pathname,Rational,String,__callee__,__dir__,__method__,`,abort,at_exit,autoload,autoload?,binding,block_given?,caller,caller_locations,catch,eval,exec,exit,exit!,fail,fork,format,gets,global_variables,initialize,initialize_clone,initialize_copy,initialize_dup,instance_variables_to_inspect,iterator?,lambda,load,local_variables,loop,method_missing,open,p,pp,print,printf,proc,putc,puts,raise,rand,readline,readlines,require,require_relative,respond_to_missing?,select,set_trace_func,singleton_method_added,singleton_method_removed,singleton_method_undefined,sleep,spawn,sprintf,srand,syscall,system,test,throw,trace_var,trap,untrace_var,warn
Errno::ENOLINK	i	
Errno::ENOLINK	s	
Errno::ENOLINK	p	
Errno::ENOLINK	c	Errno
Errno::ENOLINK	I	!,!=,!~,<=>,==,===,__id__,__send__,backtrace,backtrace_locations,cause,class,clone,define_singleton_method,detailed_message,display,dup,enum_for,eql?,equal?,errno,exception,extend,freeze,frozen?,full_message,hash,inspect,instance_eval,instance_exec,instance_of?,instance_variable_defined?,instance_variable_get,instance_variable_set,instance_variables,is_a?,itself,kind_of?,message,method,methods,nil?,object_id,private_methods,protected_methods,public_method,public_methods,public_send,remove_instance_variable,respond_to?,send,set_backtrace,singleton_class,singleton_method,singleton_methods,tap,then,to_enum,to_s,yield_self
Errno::ENOLINK	S	!,!=,!~,<,<=,<=>,==,===,>,>=,__id__,__send__,alias_method,allocate,ancestors,attached_object,attr,attr_accessor,attr_reader,attr_writer,autoload,autoload?,class,class_eval,class_exec,class_variable_defined?,class_variable_get,class_variable_set,class_variables,clone,const_defined?,const_get,const_missing,const_set,const_source_location,constants,define_method,define_singleton_method,deprecate_constant,display,dup,enum_for,eql?,equal?,exception,extend,freeze,frozen?,hash,include,include?,included_modules,inspect,instance_eval,instance_exec,instance_method,instance_methods,instance_of?,instance_variable_defined?,instance_variable_get,instance_variable_set,instance_variables,is_a?,itself,kind_of?,method,method_defined?,methods,module_eval,module_exec,name,new,nil?,object_id,prepend,private_class_method,private_constant,private_instance_methods,private_method_defined?,private_methods,protected_instance_methods,protected_method_defined?,protected_methods,public_class_method,public_constant,public_instance_method,public_instance_methods,public_method,public_method_defined?,public_methods,public_send,refinements,remove_class_variable,remove_instance_variable,remove_method,respond_to?,send,set_temporary_name,singleton_class,singleton_class?,singleton_method,singleton_methods,subclasses,superclass,tap,then,to_enum,to_s,to_tty?,undef_method,undefined_instance_methods,yield_self
Errno::ENOLINK	P	Array,Complex,Float,Hash,Integer,Pathname,Rational,String,__callee__,__dir__,__method__,`,abort,at_exit,autoload,autoload?,binding,block_given?,caller,caller_locations,catch,eval,exec,exit,exit!,fail,fork,format,gets,global_variables,initialize,initialize_clone,initialize_copy,initialize_dup,instance_variables_to_inspect,iterator?,lambda,load,local_variables,loop,method_missing,open,p,pp,print,printf,proc,putc,puts,raise,rand,readline,readlines,require,require_relative,respond_to_missing?,select,set_trace_func,singleton_method_added,singleton_method_removed,singleton_method_undefined,sleep,spawn,sprintf,srand,syscall,system,test,throw,trace_var,trap,untrace_var,warn
Errno::ENOMEM	i	
Errno::ENOMEM	s	
Errno::ENOMEM	p	
Errno::ENOMEM	c	Errno
Errno::ENOMEM	I	!,!=,!~,<=>,==,===,__id__,__send__,backtrace,backtrace_locations,cause,class,clone,define_singleton_method,detailed_message,display,dup,enum_for,eql?,equal?,errno,exception,extend,freeze,frozen?,full_message,hash,inspect,instance_eval,instance_exec,instance_of?,instance_variable_defined?,instance_variable_get,instance_variable_set,instance_variables,is_a?,itself,kind_of?,message,method,methods,nil?,object_id,private_methods,protected_methods,public_method,public_methods,public_send,remove_instance_variable,respond_to?,send,set_backtrace,singleton_class,singleton_method,singleton_methods,tap,then,to_enum,to_s,yield_self
Errno::ENOMEM	S	!,!=,!~,<,<=,<=>,==,===,>,>=,__id__,__send__,alias_method,allocate,ancestors,attached_object,attr,attr_accessor,attr_reader,attr_writer,autoload,autoload?,class,class_eval,class_exec,class_variable_defined?,class_variable_get,class_variable_set,class_variables,clone,const_defined?,const_get,const_missing,const_set,const_source_location,constants,define_method,define_singleton_method,deprecate_constant,display,dup,enum_for,eql?,equal?,exception,extend,freeze,frozen?,hash,include,include?,included_modules,inspect,instance_eval,instance_exec,instance_method,instance_methods,instance_of?,instance_variable_defined?,instance_variable_get,instance_variable_set,instance_variables,is_a?,itself,kind_of?,method,method_defined?,methods,module_eval,module_exec,name,new,nil?,object_id,prepend,private_class_method,private_constant,private_instance_methods,private_method_defined?,private_methods,protected_instance_methods,protected_method_defined?,protected_methods,public_class_method,public_constant,public_instance_method,public_instance_methods,public_method,public_method_defined?,public_methods,public_send,refinements,remove_class_variable,remove_instance_variable,remove_method,respond_to?,send,set_temporary_name,singleton_class,singleton_class?,singleton_method,singleton_methods,subclasses,superclass,tap,then,to_enum,to_s,to_tty?,undef_method,undefined_instance_methods,yield_self
Errno::ENOMEM	P	Array,Complex,Float,Hash,Integer,Pathname,Rational,String,__callee__,__dir__,__method__,`,abort,at_exit,autoload,autoload?,binding,block_given?,caller,caller_locations,catch,eval,exec,exit,exit!,fail,fork,format,gets,global_variables,initialize,initialize_clone,initialize_copy,initialize_dup,instance_variables_to_inspect,iterator?,lambda,load,local_variables,loop,method_missing,open,p,pp,print,printf,proc,putc,puts,raise,rand,readline,readlines,require,require_relative,respond_to_missing?,select,set_trace_func,singleton_method_added,singleton_method_removed,singleton_method_undefined,sleep,spawn,sprintf,srand,syscall,system,test,throw,trace_var,trap,untrace_var,warn
Errno::ENOMSG	i	
Errno::ENOMSG	s	
Errno::ENOMSG	p	
Errno::ENOMSG	c	Errno
Errno::ENOMSG	I	!,!=,!~,<=>,==,===,__id__,__send__,backtrace,backtrace_locations,cause,class,clone,define_singleton_method,detailed_message,display,dup,enum_for,eql?,equal?,errno,exception,extend,freeze,frozen?,full_message,hash,inspect,instance_eval,instance_exec,instance_of?,instance_variable_defined?,instance_variable_get,instance_variable_set,instance_variables,is_a?,itself,kind_of?,message,method,methods,nil?,object_id,private_methods,protected_methods,public_method,public_methods,public_send,remove_instance_variable,respond_to?,send,set_backtrace,singleton_class,singleton_method,singleton_methods,tap,then,to_enum,to_s,yield_self
Errno::ENOMSG	S	!,!=,!~,<,<=,<=>,==,===,>,>=,__id__,__send__,alias_method,allocate,ancestors,attached_object,attr,attr_accessor,attr_reader,attr_writer,autoload,autoload?,class,class_eval,class_exec,class_variable_defined?,class_variable_get,class_variable_set,class_variables,clone,const_defined?,const_get,const_missing,const_set,const_source_location,constants,define_method,define_singleton_method,deprecate_constant,display,dup,enum_for,eql?,equal?,exception,extend,freeze,frozen?,hash,include,include?,included_modules,inspect,instance_eval,instance_exec,instance_method,instance_methods,instance_of?,instance_variable_defined?,instance_variable_get,instance_variable_set,instance_variables,is_a?,itself,kind_of?,method,method_defined?,methods,module_eval,module_exec,name,new,nil?,object_id,prepend,private_class_method,private_constant,private_instance_methods,private_method_defined?,private_methods,protected_instance_methods,protected_method_defined?,protected_methods,public_class_method,public_constant,public_instance_method,public_instance_methods,public_method,public_method_defined?,public_methods,public_send,refinements,remove_class_variable,remove_instance_variable,remove_method,respond_to?,send,set_temporary_name,singleton_class,singleton_class?,singleton_method,singleton_methods,subclasses,superclass,tap,then,to_enum,to_s,to_tty?,undef_method,undefined_instance_methods,yield_self
Errno::ENOMSG	P	Array,Complex,Float,Hash,Integer,Pathname,Rational,String,__callee__,__dir__,__method__,`,abort,at_exit,autoload,autoload?,binding,block_given?,caller,caller_locations,catch,eval,exec,exit,exit!,fail,fork,format,gets,global_variables,initialize,initialize_clone,initialize_copy,initialize_dup,instance_variables_to_inspect,iterator?,lambda,load,local_variables,loop,method_missing,open,p,pp,print,printf,proc,putc,puts,raise,rand,readline,readlines,require,require_relative,respond_to_missing?,select,set_trace_func,singleton_method_added,singleton_method_removed,singleton_method_undefined,sleep,spawn,sprintf,srand,syscall,system,test,throw,trace_var,trap,untrace_var,warn
Errno::ENOPOLICY	i	
Errno::ENOPOLICY	s	
Errno::ENOPOLICY	p	
Errno::ENOPOLICY	c	Errno
Errno::ENOPOLICY	I	!,!=,!~,<=>,==,===,__id__,__send__,backtrace,backtrace_locations,cause,class,clone,define_singleton_method,detailed_message,display,dup,enum_for,eql?,equal?,errno,exception,extend,freeze,frozen?,full_message,hash,inspect,instance_eval,instance_exec,instance_of?,instance_variable_defined?,instance_variable_get,instance_variable_set,instance_variables,is_a?,itself,kind_of?,message,method,methods,nil?,object_id,private_methods,protected_methods,public_method,public_methods,public_send,remove_instance_variable,respond_to?,send,set_backtrace,singleton_class,singleton_method,singleton_methods,tap,then,to_enum,to_s,yield_self
Errno::ENOPOLICY	S	!,!=,!~,<,<=,<=>,==,===,>,>=,__id__,__send__,alias_method,allocate,ancestors,attached_object,attr,attr_accessor,attr_reader,attr_writer,autoload,autoload?,class,class_eval,class_exec,class_variable_defined?,class_variable_get,class_variable_set,class_variables,clone,const_defined?,const_get,const_missing,const_set,const_source_location,constants,define_method,define_singleton_method,deprecate_constant,display,dup,enum_for,eql?,equal?,exception,extend,freeze,frozen?,hash,include,include?,included_modules,inspect,instance_eval,instance_exec,instance_method,instance_methods,instance_of?,instance_variable_defined?,instance_variable_get,instance_variable_set,instance_variables,is_a?,itself,kind_of?,method,method_defined?,methods,module_eval,module_exec,name,new,nil?,object_id,prepend,private_class_method,private_constant,private_instance_methods,private_method_defined?,private_methods,protected_instance_methods,protected_method_defined?,protected_methods,public_class_method,public_constant,public_instance_method,public_instance_methods,public_method,public_method_defined?,public_methods,public_send,refinements,remove_class_variable,remove_instance_variable,remove_method,respond_to?,send,set_temporary_name,singleton_class,singleton_class?,singleton_method,singleton_methods,subclasses,superclass,tap,then,to_enum,to_s,to_tty?,undef_method,undefined_instance_methods,yield_self
Errno::ENOPOLICY	P	Array,Complex,Float,Hash,Integer,Pathname,Rational,String,__callee__,__dir__,__method__,`,abort,at_exit,autoload,autoload?,binding,block_given?,caller,caller_locations,catch,eval,exec,exit,exit!,fail,fork,format,gets,global_variables,initialize,initialize_clone,initialize_copy,initialize_dup,instance_variables_to_inspect,iterator?,lambda,load,local_variables,loop,method_missing,open,p,pp,print,printf,proc,putc,puts,raise,rand,readline,readlines,require,require_relative,respond_to_missing?,select,set_trace_func,singleton_method_added,singleton_method_removed,singleton_method_undefined,sleep,spawn,sprintf,srand,syscall,system,test,throw,trace_var,trap,untrace_var,warn
Errno::ENOPROTOOPT	i	
Errno::ENOPROTOOPT	s	
Errno::ENOPROTOOPT	p	
Errno::ENOPROTOOPT	c	Errno
Errno::ENOPROTOOPT	I	!,!=,!~,<=>,==,===,__id__,__send__,backtrace,backtrace_locations,cause,class,clone,define_singleton_method,detailed_message,display,dup,enum_for,eql?,equal?,errno,exception,extend,freeze,frozen?,full_message,hash,inspect,instance_eval,instance_exec,instance_of?,instance_variable_defined?,instance_variable_get,instance_variable_set,instance_variables,is_a?,itself,kind_of?,message,method,methods,nil?,object_id,private_methods,protected_methods,public_method,public_methods,public_send,remove_instance_variable,respond_to?,send,set_backtrace,singleton_class,singleton_method,singleton_methods,tap,then,to_enum,to_s,yield_self
Errno::ENOPROTOOPT	S	!,!=,!~,<,<=,<=>,==,===,>,>=,__id__,__send__,alias_method,allocate,ancestors,attached_object,attr,attr_accessor,attr_reader,attr_writer,autoload,autoload?,class,class_eval,class_exec,class_variable_defined?,class_variable_get,class_variable_set,class_variables,clone,const_defined?,const_get,const_missing,const_set,const_source_location,constants,define_method,define_singleton_method,deprecate_constant,display,dup,enum_for,eql?,equal?,exception,extend,freeze,frozen?,hash,include,include?,included_modules,inspect,instance_eval,instance_exec,instance_method,instance_methods,instance_of?,instance_variable_defined?,instance_variable_get,instance_variable_set,instance_variables,is_a?,itself,kind_of?,method,method_defined?,methods,module_eval,module_exec,name,new,nil?,object_id,prepend,private_class_method,private_constant,private_instance_methods,private_method_defined?,private_methods,protected_instance_methods,protected_method_defined?,protected_methods,public_class_method,public_constant,public_instance_method,public_instance_methods,public_method,public_method_defined?,public_methods,public_send,refinements,remove_class_variable,remove_instance_variable,remove_method,respond_to?,send,set_temporary_name,singleton_class,singleton_class?,singleton_method,singleton_methods,subclasses,superclass,tap,then,to_enum,to_s,to_tty?,undef_method,undefined_instance_methods,yield_self
Errno::ENOPROTOOPT	P	Array,Complex,Float,Hash,Integer,Pathname,Rational,String,__callee__,__dir__,__method__,`,abort,at_exit,autoload,autoload?,binding,block_given?,caller,caller_locations,catch,eval,exec,exit,exit!,fail,fork,format,gets,global_variables,initialize,initialize_clone,initialize_copy,initialize_dup,instance_variables_to_inspect,iterator?,lambda,load,local_variables,loop,method_missing,open,p,pp,print,printf,proc,putc,puts,raise,rand,readline,readlines,require,require_relative,respond_to_missing?,select,set_trace_func,singleton_method_added,singleton_method_removed,singleton_method_undefined,sleep,spawn,sprintf,srand,syscall,system,test,throw,trace_var,trap,untrace_var,warn
Errno::ENOSPC	i	
Errno::ENOSPC	s	
Errno::ENOSPC	p	
Errno::ENOSPC	c	Errno
Errno::ENOSPC	I	!,!=,!~,<=>,==,===,__id__,__send__,backtrace,backtrace_locations,cause,class,clone,define_singleton_method,detailed_message,display,dup,enum_for,eql?,equal?,errno,exception,extend,freeze,frozen?,full_message,hash,inspect,instance_eval,instance_exec,instance_of?,instance_variable_defined?,instance_variable_get,instance_variable_set,instance_variables,is_a?,itself,kind_of?,message,method,methods,nil?,object_id,private_methods,protected_methods,public_method,public_methods,public_send,remove_instance_variable,respond_to?,send,set_backtrace,singleton_class,singleton_method,singleton_methods,tap,then,to_enum,to_s,yield_self
Errno::ENOSPC	S	!,!=,!~,<,<=,<=>,==,===,>,>=,__id__,__send__,alias_method,allocate,ancestors,attached_object,attr,attr_accessor,attr_reader,attr_writer,autoload,autoload?,class,class_eval,class_exec,class_variable_defined?,class_variable_get,class_variable_set,class_variables,clone,const_defined?,const_get,const_missing,const_set,const_source_location,constants,define_method,define_singleton_method,deprecate_constant,display,dup,enum_for,eql?,equal?,exception,extend,freeze,frozen?,hash,include,include?,included_modules,inspect,instance_eval,instance_exec,instance_method,instance_methods,instance_of?,instance_variable_defined?,instance_variable_get,instance_variable_set,instance_variables,is_a?,itself,kind_of?,method,method_defined?,methods,module_eval,module_exec,name,new,nil?,object_id,prepend,private_class_method,private_constant,private_instance_methods,private_method_defined?,private_methods,protected_instance_methods,protected_method_defined?,protected_methods,public_class_method,public_constant,public_instance_method,public_instance_methods,public_method,public_method_defined?,public_methods,public_send,refinements,remove_class_variable,remove_instance_variable,remove_method,respond_to?,send,set_temporary_name,singleton_class,singleton_class?,singleton_method,singleton_methods,subclasses,superclass,tap,then,to_enum,to_s,to_tty?,undef_method,undefined_instance_methods,yield_self
Errno::ENOSPC	P	Array,Complex,Float,Hash,Integer,Pathname,Rational,String,__callee__,__dir__,__method__,`,abort,at_exit,autoload,autoload?,binding,block_given?,caller,caller_locations,catch,eval,exec,exit,exit!,fail,fork,format,gets,global_variables,initialize,initialize_clone,initialize_copy,initialize_dup,instance_variables_to_inspect,iterator?,lambda,load,local_variables,loop,method_missing,open,p,pp,print,printf,proc,putc,puts,raise,rand,readline,readlines,require,require_relative,respond_to_missing?,select,set_trace_func,singleton_method_added,singleton_method_removed,singleton_method_undefined,sleep,spawn,sprintf,srand,syscall,system,test,throw,trace_var,trap,untrace_var,warn
Errno::ENOSR	i	
Errno::ENOSR	s	
Errno::ENOSR	p	
Errno::ENOSR	c	Errno
Errno::ENOSR	I	!,!=,!~,<=>,==,===,__id__,__send__,backtrace,backtrace_locations,cause,class,clone,define_singleton_method,detailed_message,display,dup,enum_for,eql?,equal?,errno,exception,extend,freeze,frozen?,full_message,hash,inspect,instance_eval,instance_exec,instance_of?,instance_variable_defined?,instance_variable_get,instance_variable_set,instance_variables,is_a?,itself,kind_of?,message,method,methods,nil?,object_id,private_methods,protected_methods,public_method,public_methods,public_send,remove_instance_variable,respond_to?,send,set_backtrace,singleton_class,singleton_method,singleton_methods,tap,then,to_enum,to_s,yield_self
Errno::ENOSR	S	!,!=,!~,<,<=,<=>,==,===,>,>=,__id__,__send__,alias_method,allocate,ancestors,attached_object,attr,attr_accessor,attr_reader,attr_writer,autoload,autoload?,class,class_eval,class_exec,class_variable_defined?,class_variable_get,class_variable_set,class_variables,clone,const_defined?,const_get,const_missing,const_set,const_source_location,constants,define_method,define_singleton_method,deprecate_constant,display,dup,enum_for,eql?,equal?,exception,extend,freeze,frozen?,hash,include,include?,included_modules,inspect,instance_eval,instance_exec,instance_method,instance_methods,instance_of?,instance_variable_defined?,instance_variable_get,instance_variable_set,instance_variables,is_a?,itself,kind_of?,method,method_defined?,methods,module_eval,module_exec,name,new,nil?,object_id,prepend,private_class_method,private_constant,private_instance_methods,private_method_defined?,private_methods,protected_instance_methods,protected_method_defined?,protected_methods,public_class_method,public_constant,public_instance_method,public_instance_methods,public_method,public_method_defined?,public_methods,public_send,refinements,remove_class_variable,remove_instance_variable,remove_method,respond_to?,send,set_temporary_name,singleton_class,singleton_class?,singleton_method,singleton_methods,subclasses,superclass,tap,then,to_enum,to_s,to_tty?,undef_method,undefined_instance_methods,yield_self
Errno::ENOSR	P	Array,Complex,Float,Hash,Integer,Pathname,Rational,String,__callee__,__dir__,__method__,`,abort,at_exit,autoload,autoload?,binding,block_given?,caller,caller_locations,catch,eval,exec,exit,exit!,fail,fork,format,gets,global_variables,initialize,initialize_clone,initialize_copy,initialize_dup,instance_variables_to_inspect,iterator?,lambda,load,local_variables,loop,method_missing,open,p,pp,print,printf,proc,putc,puts,raise,rand,readline,readlines,require,require_relative,respond_to_missing?,select,set_trace_func,singleton_method_added,singleton_method_removed,singleton_method_undefined,sleep,spawn,sprintf,srand,syscall,system,test,throw,trace_var,trap,untrace_var,warn
Errno::ENOSTR	i	
Errno::ENOSTR	s	
Errno::ENOSTR	p	
Errno::ENOSTR	c	Errno
Errno::ENOSTR	I	!,!=,!~,<=>,==,===,__id__,__send__,backtrace,backtrace_locations,cause,class,clone,define_singleton_method,detailed_message,display,dup,enum_for,eql?,equal?,errno,exception,extend,freeze,frozen?,full_message,hash,inspect,instance_eval,instance_exec,instance_of?,instance_variable_defined?,instance_variable_get,instance_variable_set,instance_variables,is_a?,itself,kind_of?,message,method,methods,nil?,object_id,private_methods,protected_methods,public_method,public_methods,public_send,remove_instance_variable,respond_to?,send,set_backtrace,singleton_class,singleton_method,singleton_methods,tap,then,to_enum,to_s,yield_self
Errno::ENOSTR	S	!,!=,!~,<,<=,<=>,==,===,>,>=,__id__,__send__,alias_method,allocate,ancestors,attached_object,attr,attr_accessor,attr_reader,attr_writer,autoload,autoload?,class,class_eval,class_exec,class_variable_defined?,class_variable_get,class_variable_set,class_variables,clone,const_defined?,const_get,const_missing,const_set,const_source_location,constants,define_method,define_singleton_method,deprecate_constant,display,dup,enum_for,eql?,equal?,exception,extend,freeze,frozen?,hash,include,include?,included_modules,inspect,instance_eval,instance_exec,instance_method,instance_methods,instance_of?,instance_variable_defined?,instance_variable_get,instance_variable_set,instance_variables,is_a?,itself,kind_of?,method,method_defined?,methods,module_eval,module_exec,name,new,nil?,object_id,prepend,private_class_method,private_constant,private_instance_methods,private_method_defined?,private_methods,protected_instance_methods,protected_method_defined?,protected_methods,public_class_method,public_constant,public_instance_method,public_instance_methods,public_method,public_method_defined?,public_methods,public_send,refinements,remove_class_variable,remove_instance_variable,remove_method,respond_to?,send,set_temporary_name,singleton_class,singleton_class?,singleton_method,singleton_methods,subclasses,superclass,tap,then,to_enum,to_s,to_tty?,undef_method,undefined_instance_methods,yield_self
Errno::ENOSTR	P	Array,Complex,Float,Hash,Integer,Pathname,Rational,String,__callee__,__dir__,__method__,`,abort,at_exit,autoload,autoload?,binding,block_given?,caller,caller_locations,catch,eval,exec,exit,exit!,fail,fork,format,gets,global_variables,initialize,initialize_clone,initialize_copy,initialize_dup,instance_variables_to_inspect,iterator?,lambda,load,local_variables,loop,method_missing,open,p,pp,print,printf,proc,putc,puts,raise,rand,readline,readlines,require,require_relative,respond_to_missing?,select,set_trace_func,singleton_method_added,singleton_method_removed,singleton_method_undefined,sleep,spawn,sprintf,srand,syscall,system,test,throw,trace_var,trap,untrace_var,warn
Errno::ENOSYS	i	
Errno::ENOSYS	s	
Errno::ENOSYS	p	
Errno::ENOSYS	c	Errno
Errno::ENOSYS	I	!,!=,!~,<=>,==,===,__id__,__send__,backtrace,backtrace_locations,cause,class,clone,define_singleton_method,detailed_message,display,dup,enum_for,eql?,equal?,errno,exception,extend,freeze,frozen?,full_message,hash,inspect,instance_eval,instance_exec,instance_of?,instance_variable_defined?,instance_variable_get,instance_variable_set,instance_variables,is_a?,itself,kind_of?,message,method,methods,nil?,object_id,private_methods,protected_methods,public_method,public_methods,public_send,remove_instance_variable,respond_to?,send,set_backtrace,singleton_class,singleton_method,singleton_methods,tap,then,to_enum,to_s,yield_self
Errno::ENOSYS	S	!,!=,!~,<,<=,<=>,==,===,>,>=,__id__,__send__,alias_method,allocate,ancestors,attached_object,attr,attr_accessor,attr_reader,attr_writer,autoload,autoload?,class,class_eval,class_exec,class_variable_defined?,class_variable_get,class_variable_set,class_variables,clone,const_defined?,const_get,const_missing,const_set,const_source_location,constants,define_method,define_singleton_method,deprecate_constant,display,dup,enum_for,eql?,equal?,exception,extend,freeze,frozen?,hash,include,include?,included_modules,inspect,instance_eval,instance_exec,instance_method,instance_methods,instance_of?,instance_variable_defined?,instance_variable_get,instance_variable_set,instance_variables,is_a?,itself,kind_of?,method,method_defined?,methods,module_eval,module_exec,name,new,nil?,object_id,prepend,private_class_method,private_constant,private_instance_methods,private_method_defined?,private_methods,protected_instance_methods,protected_method_defined?,protected_methods,public_class_method,public_constant,public_instance_method,public_instance_methods,public_method,public_method_defined?,public_methods,public_send,refinements,remove_class_variable,remove_instance_variable,remove_method,respond_to?,send,set_temporary_name,singleton_class,singleton_class?,singleton_method,singleton_methods,subclasses,superclass,tap,then,to_enum,to_s,to_tty?,undef_method,undefined_instance_methods,yield_self
Errno::ENOSYS	P	Array,Complex,Float,Hash,Integer,Pathname,Rational,String,__callee__,__dir__,__method__,`,abort,at_exit,autoload,autoload?,binding,block_given?,caller,caller_locations,catch,eval,exec,exit,exit!,fail,fork,format,gets,global_variables,initialize,initialize_clone,initialize_copy,initialize_dup,instance_variables_to_inspect,iterator?,lambda,load,local_variables,loop,method_missing,open,p,pp,print,printf,proc,putc,puts,raise,rand,readline,readlines,require,require_relative,respond_to_missing?,select,set_trace_func,singleton_method_added,singleton_method_removed,singleton_method_undefined,sleep,spawn,sprintf,srand,syscall,system,test,throw,trace_var,trap,untrace_var,warn
Errno::ENOTBLK	i	
Errno::ENOTBLK	s	
Errno::ENOTBLK	p	
Errno::ENOTBLK	c	Errno
Errno::ENOTBLK	I	!,!=,!~,<=>,==,===,__id__,__send__,backtrace,backtrace_locations,cause,class,clone,define_singleton_method,detailed_message,display,dup,enum_for,eql?,equal?,errno,exception,extend,freeze,frozen?,full_message,hash,inspect,instance_eval,instance_exec,instance_of?,instance_variable_defined?,instance_variable_get,instance_variable_set,instance_variables,is_a?,itself,kind_of?,message,method,methods,nil?,object_id,private_methods,protected_methods,public_method,public_methods,public_send,remove_instance_variable,respond_to?,send,set_backtrace,singleton_class,singleton_method,singleton_methods,tap,then,to_enum,to_s,yield_self
Errno::ENOTBLK	S	!,!=,!~,<,<=,<=>,==,===,>,>=,__id__,__send__,alias_method,allocate,ancestors,attached_object,attr,attr_accessor,attr_reader,attr_writer,autoload,autoload?,class,class_eval,class_exec,class_variable_defined?,class_variable_get,class_variable_set,class_variables,clone,const_defined?,const_get,const_missing,const_set,const_source_location,constants,define_method,define_singleton_method,deprecate_constant,display,dup,enum_for,eql?,equal?,exception,extend,freeze,frozen?,hash,include,include?,included_modules,inspect,instance_eval,instance_exec,instance_method,instance_methods,instance_of?,instance_variable_defined?,instance_variable_get,instance_variable_set,instance_variables,is_a?,itself,kind_of?,method,method_defined?,methods,module_eval,module_exec,name,new,nil?,object_id,prepend,private_class_method,private_constant,private_instance_methods,private_method_defined?,private_methods,protected_instance_methods,protected_method_defined?,protected_methods,public_class_method,public_constant,public_instance_method,public_instance_methods,public_method,public_method_defined?,public_methods,public_send,refinements,remove_class_variable,remove_instance_variable,remove_method,respond_to?,send,set_temporary_name,singleton_class,singleton_class?,singleton_method,singleton_methods,subclasses,superclass,tap,then,to_enum,to_s,to_tty?,undef_method,undefined_instance_methods,yield_self
Errno::ENOTBLK	P	Array,Complex,Float,Hash,Integer,Pathname,Rational,String,__callee__,__dir__,__method__,`,abort,at_exit,autoload,autoload?,binding,block_given?,caller,caller_locations,catch,eval,exec,exit,exit!,fail,fork,format,gets,global_variables,initialize,initialize_clone,initialize_copy,initialize_dup,instance_variables_to_inspect,iterator?,lambda,load,local_variables,loop,method_missing,open,p,pp,print,printf,proc,putc,puts,raise,rand,readline,readlines,require,require_relative,respond_to_missing?,select,set_trace_func,singleton_method_added,singleton_method_removed,singleton_method_undefined,sleep,spawn,sprintf,srand,syscall,system,test,throw,trace_var,trap,untrace_var,warn
Errno::ENOTCONN	i	
Errno::ENOTCONN	s	
Errno::ENOTCONN	p	
Errno::ENOTCONN	c	Errno
Errno::ENOTCONN	I	!,!=,!~,<=>,==,===,__id__,__send__,backtrace,backtrace_locations,cause,class,clone,define_singleton_method,detailed_message,display,dup,enum_for,eql?,equal?,errno,exception,extend,freeze,frozen?,full_message,hash,inspect,instance_eval,instance_exec,instance_of?,instance_variable_defined?,instance_variable_get,instance_variable_set,instance_variables,is_a?,itself,kind_of?,message,method,methods,nil?,object_id,private_methods,protected_methods,public_method,public_methods,public_send,remove_instance_variable,respond_to?,send,set_backtrace,singleton_class,singleton_method,singleton_methods,tap,then,to_enum,to_s,yield_self
Errno::ENOTCONN	S	!,!=,!~,<,<=,<=>,==,===,>,>=,__id__,__send__,alias_method,allocate,ancestors,attached_object,attr,attr_accessor,attr_reader,attr_writer,autoload,autoload?,class,class_eval,class_exec,class_variable_defined?,class_variable_get,class_variable_set,class_variables,clone,const_defined?,const_get,const_missing,const_set,const_source_location,constants,define_method,define_singleton_method,deprecate_constant,display,dup,enum_for,eql?,equal?,exception,extend,freeze,frozen?,hash,include,include?,included_modules,inspect,instance_eval,instance_exec,instance_method,instance_methods,instance_of?,instance_variable_defined?,instance_variable_get,instance_variable_set,instance_variables,is_a?,itself,kind_of?,method,method_defined?,methods,module_eval,module_exec,name,new,nil?,object_id,prepend,private_class_method,private_constant,private_instance_methods,private_method_defined?,private_methods,protected_instance_methods,protected_method_defined?,protected_methods,public_class_method,public_constant,public_instance_method,public_instance_methods,public_method,public_method_defined?,public_methods,public_send,refinements,remove_class_variable,remove_instance_variable,remove_method,respond_to?,send,set_temporary_name,singleton_class,singleton_class?,singleton_method,singleton_methods,subclasses,superclass,tap,then,to_enum,to_s,to_tty?,undef_method,undefined_instance_methods,yield_self
Errno::ENOTCONN	P	Array,Complex,Float,Hash,Integer,Pathname,Rational,String,__callee__,__dir__,__method__,`,abort,at_exit,autoload,autoload?,binding,block_given?,caller,caller_locations,catch,eval,exec,exit,exit!,fail,fork,format,gets,global_variables,initialize,initialize_clone,initialize_copy,initialize_dup,instance_variables_to_inspect,iterator?,lambda,load,local_variables,loop,method_missing,open,p,pp,print,printf,proc,putc,puts,raise,rand,readline,readlines,require,require_relative,respond_to_missing?,select,set_trace_func,singleton_method_added,singleton_method_removed,singleton_method_undefined,sleep,spawn,sprintf,srand,syscall,system,test,throw,trace_var,trap,untrace_var,warn
Errno::ENOTDIR	i	
Errno::ENOTDIR	s	
Errno::ENOTDIR	p	
Errno::ENOTDIR	c	Errno
Errno::ENOTDIR	I	!,!=,!~,<=>,==,===,__id__,__send__,backtrace,backtrace_locations,cause,class,clone,define_singleton_method,detailed_message,display,dup,enum_for,eql?,equal?,errno,exception,extend,freeze,frozen?,full_message,hash,inspect,instance_eval,instance_exec,instance_of?,instance_variable_defined?,instance_variable_get,instance_variable_set,instance_variables,is_a?,itself,kind_of?,message,method,methods,nil?,object_id,private_methods,protected_methods,public_method,public_methods,public_send,remove_instance_variable,respond_to?,send,set_backtrace,singleton_class,singleton_method,singleton_methods,tap,then,to_enum,to_s,yield_self
Errno::ENOTDIR	S	!,!=,!~,<,<=,<=>,==,===,>,>=,__id__,__send__,alias_method,allocate,ancestors,attached_object,attr,attr_accessor,attr_reader,attr_writer,autoload,autoload?,class,class_eval,class_exec,class_variable_defined?,class_variable_get,class_variable_set,class_variables,clone,const_defined?,const_get,const_missing,const_set,const_source_location,constants,define_method,define_singleton_method,deprecate_constant,display,dup,enum_for,eql?,equal?,exception,extend,freeze,frozen?,hash,include,include?,included_modules,inspect,instance_eval,instance_exec,instance_method,instance_methods,instance_of?,instance_variable_defined?,instance_variable_get,instance_variable_set,instance_variables,is_a?,itself,kind_of?,method,method_defined?,methods,module_eval,module_exec,name,new,nil?,object_id,prepend,private_class_method,private_constant,private_instance_methods,private_method_defined?,private_methods,protected_instance_methods,protected_method_defined?,protected_methods,public_class_method,public_constant,public_instance_method,public_instance_methods,public_method,public_method_defined?,public_methods,public_send,refinements,remove_class_variable,remove_instance_variable,remove_method,respond_to?,send,set_temporary_name,singleton_class,singleton_class?,singleton_method,singleton_methods,subclasses,superclass,tap,then,to_enum,to_s,to_tty?,undef_method,undefined_instance_methods,yield_self
Errno::ENOTDIR	P	Array,Complex,Float,Hash,Integer,Pathname,Rational,String,__callee__,__dir__,__method__,`,abort,at_exit,autoload,autoload?,binding,block_given?,caller,caller_locations,catch,eval,exec,exit,exit!,fail,fork,format,gets,global_variables,initialize,initialize_clone,initialize_copy,initialize_dup,instance_variables_to_inspect,iterator?,lambda,load,local_variables,loop,method_missing,open,p,pp,print,printf,proc,putc,puts,raise,rand,readline,readlines,require,require_relative,respond_to_missing?,select,set_trace_func,singleton_method_added,singleton_method_removed,singleton_method_undefined,sleep,spawn,sprintf,srand,syscall,system,test,throw,trace_var,trap,untrace_var,warn
Errno::ENOTEMPTY	i	
Errno::ENOTEMPTY	s	
Errno::ENOTEMPTY	p	
Errno::ENOTEMPTY	c	Errno
Errno::ENOTEMPTY	I	!,!=,!~,<=>,==,===,__id__,__send__,backtrace,backtrace_locations,cause,class,clone,define_singleton_method,detailed_message,display,dup,enum_for,eql?,equal?,errno,exception,extend,freeze,frozen?,full_message,hash,inspect,instance_eval,instance_exec,instance_of?,instance_variable_defined?,instance_variable_get,instance_variable_set,instance_variables,is_a?,itself,kind_of?,message,method,methods,nil?,object_id,private_methods,protected_methods,public_method,public_methods,public_send,remove_instance_variable,respond_to?,send,set_backtrace,singleton_class,singleton_method,singleton_methods,tap,then,to_enum,to_s,yield_self
Errno::ENOTEMPTY	S	!,!=,!~,<,<=,<=>,==,===,>,>=,__id__,__send__,alias_method,allocate,ancestors,attached_object,attr,attr_accessor,attr_reader,attr_writer,autoload,autoload?,class,class_eval,class_exec,class_variable_defined?,class_variable_get,class_variable_set,class_variables,clone,const_defined?,const_get,const_missing,const_set,const_source_location,constants,define_method,define_singleton_method,deprecate_constant,display,dup,enum_for,eql?,equal?,exception,extend,freeze,frozen?,hash,include,include?,included_modules,inspect,instance_eval,instance_exec,instance_method,instance_methods,instance_of?,instance_variable_defined?,instance_variable_get,instance_variable_set,instance_variables,is_a?,itself,kind_of?,method,method_defined?,methods,module_eval,module_exec,name,new,nil?,object_id,prepend,private_class_method,private_constant,private_instance_methods,private_method_defined?,private_methods,protected_instance_methods,protected_method_defined?,protected_methods,public_class_method,public_constant,public_instance_method,public_instance_methods,public_method,public_method_defined?,public_methods,public_send,refinements,remove_class_variable,remove_instance_variable,remove_method,respond_to?,send,set_temporary_name,singleton_class,singleton_class?,singleton_method,singleton_methods,subclasses,superclass,tap,then,to_enum,to_s,to_tty?,undef_method,undefined_instance_methods,yield_self
Errno::ENOTEMPTY	P	Array,Complex,Float,Hash,Integer,Pathname,Rational,String,__callee__,__dir__,__method__,`,abort,at_exit,autoload,autoload?,binding,block_given?,caller,caller_locations,catch,eval,exec,exit,exit!,fail,fork,format,gets,global_variables,initialize,initialize_clone,initialize_copy,initialize_dup,instance_variables_to_inspect,iterator?,lambda,load,local_variables,loop,method_missing,open,p,pp,print,printf,proc,putc,puts,raise,rand,readline,readlines,require,require_relative,respond_to_missing?,select,set_trace_func,singleton_method_added,singleton_method_removed,singleton_method_undefined,sleep,spawn,sprintf,srand,syscall,system,test,throw,trace_var,trap,untrace_var,warn
Errno::ENOTRECOVERABLE	i	
Errno::ENOTRECOVERABLE	s	
Errno::ENOTRECOVERABLE	p	
Errno::ENOTRECOVERABLE	c	Errno
Errno::ENOTRECOVERABLE	I	!,!=,!~,<=>,==,===,__id__,__send__,backtrace,backtrace_locations,cause,class,clone,define_singleton_method,detailed_message,display,dup,enum_for,eql?,equal?,errno,exception,extend,freeze,frozen?,full_message,hash,inspect,instance_eval,instance_exec,instance_of?,instance_variable_defined?,instance_variable_get,instance_variable_set,instance_variables,is_a?,itself,kind_of?,message,method,methods,nil?,object_id,private_methods,protected_methods,public_method,public_methods,public_send,remove_instance_variable,respond_to?,send,set_backtrace,singleton_class,singleton_method,singleton_methods,tap,then,to_enum,to_s,yield_self
Errno::ENOTRECOVERABLE	S	!,!=,!~,<,<=,<=>,==,===,>,>=,__id__,__send__,alias_method,allocate,ancestors,attached_object,attr,attr_accessor,attr_reader,attr_writer,autoload,autoload?,class,class_eval,class_exec,class_variable_defined?,class_variable_get,class_variable_set,class_variables,clone,const_defined?,const_get,const_missing,const_set,const_source_location,constants,define_method,define_singleton_method,deprecate_constant,display,dup,enum_for,eql?,equal?,exception,extend,freeze,frozen?,hash,include,include?,included_modules,inspect,instance_eval,instance_exec,instance_method,instance_methods,instance_of?,instance_variable_defined?,instance_variable_get,instance_variable_set,instance_variables,is_a?,itself,kind_of?,method,method_defined?,methods,module_eval,module_exec,name,new,nil?,object_id,prepend,private_class_method,private_constant,private_instance_methods,private_method_defined?,private_methods,protected_instance_methods,protected_method_defined?,protected_methods,public_class_method,public_constant,public_instance_method,public_instance_methods,public_method,public_method_defined?,public_methods,public_send,refinements,remove_class_variable,remove_instance_variable,remove_method,respond_to?,send,set_temporary_name,singleton_class,singleton_class?,singleton_method,singleton_methods,subclasses,superclass,tap,then,to_enum,to_s,to_tty?,undef_method,undefined_instance_methods,yield_self
Errno::ENOTRECOVERABLE	P	Array,Complex,Float,Hash,Integer,Pathname,Rational,String,__callee__,__dir__,__method__,`,abort,at_exit,autoload,autoload?,binding,block_given?,caller,caller_locations,catch,eval,exec,exit,exit!,fail,fork,format,gets,global_variables,initialize,initialize_clone,initialize_copy,initialize_dup,instance_variables_to_inspect,iterator?,lambda,load,local_variables,loop,method_missing,open,p,pp,print,printf,proc,putc,puts,raise,rand,readline,readlines,require,require_relative,respond_to_missing?,select,set_trace_func,singleton_method_added,singleton_method_removed,singleton_method_undefined,sleep,spawn,sprintf,srand,syscall,system,test,throw,trace_var,trap,untrace_var,warn
Errno::ENOTSOCK	i	
Errno::ENOTSOCK	s	
Errno::ENOTSOCK	p	
Errno::ENOTSOCK	c	Errno
Errno::ENOTSOCK	I	!,!=,!~,<=>,==,===,__id__,__send__,backtrace,backtrace_locations,cause,class,clone,define_singleton_method,detailed_message,display,dup,enum_for,eql?,equal?,errno,exception,extend,freeze,frozen?,full_message,hash,inspect,instance_eval,instance_exec,instance_of?,instance_variable_defined?,instance_variable_get,instance_variable_set,instance_variables,is_a?,itself,kind_of?,message,method,methods,nil?,object_id,private_methods,protected_methods,public_method,public_methods,public_send,remove_instance_variable,respond_to?,send,set_backtrace,singleton_class,singleton_method,singleton_methods,tap,then,to_enum,to_s,yield_self
Errno::ENOTSOCK	S	!,!=,!~,<,<=,<=>,==,===,>,>=,__id__,__send__,alias_method,allocate,ancestors,attached_object,attr,attr_accessor,attr_reader,attr_writer,autoload,autoload?,class,class_eval,class_exec,class_variable_defined?,class_variable_get,class_variable_set,class_variables,clone,const_defined?,const_get,const_missing,const_set,const_source_location,constants,define_method,define_singleton_method,deprecate_constant,display,dup,enum_for,eql?,equal?,exception,extend,freeze,frozen?,hash,include,include?,included_modules,inspect,instance_eval,instance_exec,instance_method,instance_methods,instance_of?,instance_variable_defined?,instance_variable_get,instance_variable_set,instance_variables,is_a?,itself,kind_of?,method,method_defined?,methods,module_eval,module_exec,name,new,nil?,object_id,prepend,private_class_method,private_constant,private_instance_methods,private_method_defined?,private_methods,protected_instance_methods,protected_method_defined?,protected_methods,public_class_method,public_constant,public_instance_method,public_instance_methods,public_method,public_method_defined?,public_methods,public_send,refinements,remove_class_variable,remove_instance_variable,remove_method,respond_to?,send,set_temporary_name,singleton_class,singleton_class?,singleton_method,singleton_methods,subclasses,superclass,tap,then,to_enum,to_s,to_tty?,undef_method,undefined_instance_methods,yield_self
Errno::ENOTSOCK	P	Array,Complex,Float,Hash,Integer,Pathname,Rational,String,__callee__,__dir__,__method__,`,abort,at_exit,autoload,autoload?,binding,block_given?,caller,caller_locations,catch,eval,exec,exit,exit!,fail,fork,format,gets,global_variables,initialize,initialize_clone,initialize_copy,initialize_dup,instance_variables_to_inspect,iterator?,lambda,load,local_variables,loop,method_missing,open,p,pp,print,printf,proc,putc,puts,raise,rand,readline,readlines,require,require_relative,respond_to_missing?,select,set_trace_func,singleton_method_added,singleton_method_removed,singleton_method_undefined,sleep,spawn,sprintf,srand,syscall,system,test,throw,trace_var,trap,untrace_var,warn
Errno::ENOTSUP	i	
Errno::ENOTSUP	s	
Errno::ENOTSUP	p	
Errno::ENOTSUP	c	Errno
Errno::ENOTSUP	I	!,!=,!~,<=>,==,===,__id__,__send__,backtrace,backtrace_locations,cause,class,clone,define_singleton_method,detailed_message,display,dup,enum_for,eql?,equal?,errno,exception,extend,freeze,frozen?,full_message,hash,inspect,instance_eval,instance_exec,instance_of?,instance_variable_defined?,instance_variable_get,instance_variable_set,instance_variables,is_a?,itself,kind_of?,message,method,methods,nil?,object_id,private_methods,protected_methods,public_method,public_methods,public_send,remove_instance_variable,respond_to?,send,set_backtrace,singleton_class,singleton_method,singleton_methods,tap,then,to_enum,to_s,yield_self
Errno::ENOTSUP	S	!,!=,!~,<,<=,<=>,==,===,>,>=,__id__,__send__,alias_method,allocate,ancestors,attached_object,attr,attr_accessor,attr_reader,attr_writer,autoload,autoload?,class,class_eval,class_exec,class_variable_defined?,class_variable_get,class_variable_set,class_variables,clone,const_defined?,const_get,const_missing,const_set,const_source_location,constants,define_method,define_singleton_method,deprecate_constant,display,dup,enum_for,eql?,equal?,exception,extend,freeze,frozen?,hash,include,include?,included_modules,inspect,instance_eval,instance_exec,instance_method,instance_methods,instance_of?,instance_variable_defined?,instance_variable_get,instance_variable_set,instance_variables,is_a?,itself,kind_of?,method,method_defined?,methods,module_eval,module_exec,name,new,nil?,object_id,prepend,private_class_method,private_constant,private_instance_methods,private_method_defined?,private_methods,protected_instance_methods,protected_method_defined?,protected_methods,public_class_method,public_constant,public_instance_method,public_instance_methods,public_method,public_method_defined?,public_methods,public_send,refinements,remove_class_variable,remove_instance_variable,remove_method,respond_to?,send,set_temporary_name,singleton_class,singleton_class?,singleton_method,singleton_methods,subclasses,superclass,tap,then,to_enum,to_s,to_tty?,undef_method,undefined_instance_methods,yield_self
Errno::ENOTSUP	P	Array,Complex,Float,Hash,Integer,Pathname,Rational,String,__callee__,__dir__,__method__,`,abort,at_exit,autoload,autoload?,binding,block_given?,caller,caller_locations,catch,eval,exec,exit,exit!,fail,fork,format,gets,global_variables,initialize,initialize_clone,initialize_copy,initialize_dup,instance_variables_to_inspect,iterator?,lambda,load,local_variables,loop,method_missing,open,p,pp,print,printf,proc,putc,puts,raise,rand,readline,readlines,require,require_relative,respond_to_missing?,select,set_trace_func,singleton_method_added,singleton_method_removed,singleton_method_undefined,sleep,spawn,sprintf,srand,syscall,system,test,throw,trace_var,trap,untrace_var,warn
Errno::ENOTTY	i	
Errno::ENOTTY	s	
Errno::ENOTTY	p	
Errno::ENOTTY	c	Errno
Errno::ENOTTY	I	!,!=,!~,<=>,==,===,__id__,__send__,backtrace,backtrace_locations,cause,class,clone,define_singleton_method,detailed_message,display,dup,enum_for,eql?,equal?,errno,exception,extend,freeze,frozen?,full_message,hash,inspect,instance_eval,instance_exec,instance_of?,instance_variable_defined?,instance_variable_get,instance_variable_set,instance_variables,is_a?,itself,kind_of?,message,method,methods,nil?,object_id,private_methods,protected_methods,public_method,public_methods,public_send,remove_instance_variable,respond_to?,send,set_backtrace,singleton_class,singleton_method,singleton_methods,tap,then,to_enum,to_s,yield_self
Errno::ENOTTY	S	!,!=,!~,<,<=,<=>,==,===,>,>=,__id__,__send__,alias_method,allocate,ancestors,attached_object,attr,attr_accessor,attr_reader,attr_writer,autoload,autoload?,class,class_eval,class_exec,class_variable_defined?,class_variable_get,class_variable_set,class_variables,clone,const_defined?,const_get,const_missing,const_set,const_source_location,constants,define_method,define_singleton_method,deprecate_constant,display,dup,enum_for,eql?,equal?,exception,extend,freeze,frozen?,hash,include,include?,included_modules,inspect,instance_eval,instance_exec,instance_method,instance_methods,instance_of?,instance_variable_defined?,instance_variable_get,instance_variable_set,instance_variables,is_a?,itself,kind_of?,method,method_defined?,methods,module_eval,module_exec,name,new,nil?,object_id,prepend,private_class_method,private_constant,private_instance_methods,private_method_defined?,private_methods,protected_instance_methods,protected_method_defined?,protected_methods,public_class_method,public_constant,public_instance_method,public_instance_methods,public_method,public_method_defined?,public_methods,public_send,refinements,remove_class_variable,remove_instance_variable,remove_method,respond_to?,send,set_temporary_name,singleton_class,singleton_class?,singleton_method,singleton_methods,subclasses,superclass,tap,then,to_enum,to_s,to_tty?,undef_method,undefined_instance_methods,yield_self
Errno::ENOTTY	P	Array,Complex,Float,Hash,Integer,Pathname,Rational,String,__callee__,__dir__,__method__,`,abort,at_exit,autoload,autoload?,binding,block_given?,caller,caller_locations,catch,eval,exec,exit,exit!,fail,fork,format,gets,global_variables,initialize,initialize_clone,initialize_copy,initialize_dup,instance_variables_to_inspect,iterator?,lambda,load,local_variables,loop,method_missing,open,p,pp,print,printf,proc,putc,puts,raise,rand,readline,readlines,require,require_relative,respond_to_missing?,select,set_trace_func,singleton_method_added,singleton_method_removed,singleton_method_undefined,sleep,spawn,sprintf,srand,syscall,system,test,throw,trace_var,trap,untrace_var,warn
Errno::ENXIO	i	
Errno::ENXIO	s	
Errno::ENXIO	p	
Errno::ENXIO	c	Errno
Errno::ENXIO	I	!,!=,!~,<=>,==,===,__id__,__send__,backtrace,backtrace_locations,cause,class,clone,define_singleton_method,detailed_message,display,dup,enum_for,eql?,equal?,errno,exception,extend,freeze,frozen?,full_message,hash,inspect,instance_eval,instance_exec,instance_of?,instance_variable_defined?,instance_variable_get,instance_variable_set,instance_variables,is_a?,itself,kind_of?,message,method,methods,nil?,object_id,private_methods,protected_methods,public_method,public_methods,public_send,remove_instance_variable,respond_to?,send,set_backtrace,singleton_class,singleton_method,singleton_methods,tap,then,to_enum,to_s,yield_self
Errno::ENXIO	S	!,!=,!~,<,<=,<=>,==,===,>,>=,__id__,__send__,alias_method,allocate,ancestors,attached_object,attr,attr_accessor,attr_reader,attr_writer,autoload,autoload?,class,class_eval,class_exec,class_variable_defined?,class_variable_get,class_variable_set,class_variables,clone,const_defined?,const_get,const_missing,const_set,const_source_location,constants,define_method,define_singleton_method,deprecate_constant,display,dup,enum_for,eql?,equal?,exception,extend,freeze,frozen?,hash,include,include?,included_modules,inspect,instance_eval,instance_exec,instance_method,instance_methods,instance_of?,instance_variable_defined?,instance_variable_get,instance_variable_set,instance_variables,is_a?,itself,kind_of?,method,method_defined?,methods,module_eval,module_exec,name,new,nil?,object_id,prepend,private_class_method,private_constant,private_instance_methods,private_method_defined?,private_methods,protected_instance_methods,protected_method_defined?,protected_methods,public_class_method,public_constant,public_instance_method,public_instance_methods,public_method,public_method_defined?,public_methods,public_send,refinements,remove_class_variable,remove_instance_variable,remove_method,respond_to?,send,set_temporary_name,singleton_class,singleton_class?,singleton_method,singleton_methods,subclasses,superclass,tap,then,to_enum,to_s,to_tty?,undef_method,undefined_instance_methods,yield_self
Errno::ENXIO	P	Array,Complex,Float,Hash,Integer,Pathname,Rational,String,__callee__,__dir__,__method__,`,abort,at_exit,autoload,autoload?,binding,block_given?,caller,caller_locations,catch,eval,exec,exit,exit!,fail,fork,format,gets,global_variables,initialize,initialize_clone,initialize_copy,initialize_dup,instance_variables_to_inspect,iterator?,lambda,load,local_variables,loop,method_missing,open,p,pp,print,printf,proc,putc,puts,raise,rand,readline,readlines,require,require_relative,respond_to_missing?,select,set_trace_func,singleton_method_added,singleton_method_removed,singleton_method_undefined,sleep,spawn,sprintf,srand,syscall,system,test,throw,trace_var,trap,untrace_var,warn
Errno::EOPNOTSUPP	i	
Errno::EOPNOTSUPP	s	
Errno::EOPNOTSUPP	p	
Errno::EOPNOTSUPP	c	Errno
Errno::EOPNOTSUPP	I	!,!=,!~,<=>,==,===,__id__,__send__,backtrace,backtrace_locations,cause,class,clone,define_singleton_method,detailed_message,display,dup,enum_for,eql?,equal?,errno,exception,extend,freeze,frozen?,full_message,hash,inspect,instance_eval,instance_exec,instance_of?,instance_variable_defined?,instance_variable_get,instance_variable_set,instance_variables,is_a?,itself,kind_of?,message,method,methods,nil?,object_id,private_methods,protected_methods,public_method,public_methods,public_send,remove_instance_variable,respond_to?,send,set_backtrace,singleton_class,singleton_method,singleton_methods,tap,then,to_enum,to_s,yield_self
Errno::EOPNOTSUPP	S	!,!=,!~,<,<=,<=>,==,===,>,>=,__id__,__send__,alias_method,allocate,ancestors,attached_object,attr,attr_accessor,attr_reader,attr_writer,autoload,autoload?,class,class_eval,class_exec,class_variable_defined?,class_variable_get,class_variable_set,class_variables,clone,const_defined?,const_get,const_missing,const_set,const_source_location,constants,define_method,define_singleton_method,deprecate_constant,display,dup,enum_for,eql?,equal?,exception,extend,freeze,frozen?,hash,include,include?,included_modules,inspect,instance_eval,instance_exec,instance_method,instance_methods,instance_of?,instance_variable_defined?,instance_variable_get,instance_variable_set,instance_variables,is_a?,itself,kind_of?,method,method_defined?,methods,module_eval,module_exec,name,new,nil?,object_id,prepend,private_class_method,private_constant,private_instance_methods,private_method_defined?,private_methods,protected_instance_methods,protected_method_defined?,protected_methods,public_class_method,public_constant,public_instance_method,public_instance_methods,public_method,public_method_defined?,public_methods,public_send,refinements,remove_class_variable,remove_instance_variable,remove_method,respond_to?,send,set_temporary_name,singleton_class,singleton_class?,singleton_method,singleton_methods,subclasses,superclass,tap,then,to_enum,to_s,to_tty?,undef_method,undefined_instance_methods,yield_self
Errno::EOPNOTSUPP	P	Array,Complex,Float,Hash,Integer,Pathname,Rational,String,__callee__,__dir__,__method__,`,abort,at_exit,autoload,autoload?,binding,block_given?,caller,caller_locations,catch,eval,exec,exit,exit!,fail,fork,format,gets,global_variables,initialize,initialize_clone,initialize_copy,initialize_dup,instance_variables_to_inspect,iterator?,lambda,load,local_variables,loop,method_missing,open,p,pp,print,printf,proc,putc,puts,raise,rand,readline,readlines,require,require_relative,respond_to_missing?,select,set_trace_func,singleton_method_added,singleton_method_removed,singleton_method_undefined,sleep,spawn,sprintf,srand,syscall,system,test,throw,trace_var,trap,untrace_var,warn
Errno::EOVERFLOW	i	
Errno::EOVERFLOW	s	
Errno::EOVERFLOW	p	
Errno::EOVERFLOW	c	Errno
Errno::EOVERFLOW	I	!,!=,!~,<=>,==,===,__id__,__send__,backtrace,backtrace_locations,cause,class,clone,define_singleton_method,detailed_message,display,dup,enum_for,eql?,equal?,errno,exception,extend,freeze,frozen?,full_message,hash,inspect,instance_eval,instance_exec,instance_of?,instance_variable_defined?,instance_variable_get,instance_variable_set,instance_variables,is_a?,itself,kind_of?,message,method,methods,nil?,object_id,private_methods,protected_methods,public_method,public_methods,public_send,remove_instance_variable,respond_to?,send,set_backtrace,singleton_class,singleton_method,singleton_methods,tap,then,to_enum,to_s,yield_self
Errno::EOVERFLOW	S	!,!=,!~,<,<=,<=>,==,===,>,>=,__id__,__send__,alias_method,allocate,ancestors,attached_object,attr,attr_accessor,attr_reader,attr_writer,autoload,autoload?,class,class_eval,class_exec,class_variable_defined?,class_variable_get,class_variable_set,class_variables,clone,const_defined?,const_get,const_missing,const_set,const_source_location,constants,define_method,define_singleton_method,deprecate_constant,display,dup,enum_for,eql?,equal?,exception,extend,freeze,frozen?,hash,include,include?,included_modules,inspect,instance_eval,instance_exec,instance_method,instance_methods,instance_of?,instance_variable_defined?,instance_variable_get,instance_variable_set,instance_variables,is_a?,itself,kind_of?,method,method_defined?,methods,module_eval,module_exec,name,new,nil?,object_id,prepend,private_class_method,private_constant,private_instance_methods,private_method_defined?,private_methods,protected_instance_methods,protected_method_defined?,protected_methods,public_class_method,public_constant,public_instance_method,public_instance_methods,public_method,public_method_defined?,public_methods,public_send,refinements,remove_class_variable,remove_instance_variable,remove_method,respond_to?,send,set_temporary_name,singleton_class,singleton_class?,singleton_method,singleton_methods,subclasses,superclass,tap,then,to_enum,to_s,to_tty?,undef_method,undefined_instance_methods,yield_self
Errno::EOVERFLOW	P	Array,Complex,Float,Hash,Integer,Pathname,Rational,String,__callee__,__dir__,__method__,`,abort,at_exit,autoload,autoload?,binding,block_given?,caller,caller_locations,catch,eval,exec,exit,exit!,fail,fork,format,gets,global_variables,initialize,initialize_clone,initialize_copy,initialize_dup,instance_variables_to_inspect,iterator?,lambda,load,local_variables,loop,method_missing,open,p,pp,print,printf,proc,putc,puts,raise,rand,readline,readlines,require,require_relative,respond_to_missing?,select,set_trace_func,singleton_method_added,singleton_method_removed,singleton_method_undefined,sleep,spawn,sprintf,srand,syscall,system,test,throw,trace_var,trap,untrace_var,warn
Errno::EOWNERDEAD	i	
Errno::EOWNERDEAD	s	
Errno::EOWNERDEAD	p	
Errno::EOWNERDEAD	c	Errno
Errno::EOWNERDEAD	I	!,!=,!~,<=>,==,===,__id__,__send__,backtrace,backtrace_locations,cause,class,clone,define_singleton_method,detailed_message,display,dup,enum_for,eql?,equal?,errno,exception,extend,freeze,frozen?,full_message,hash,inspect,instance_eval,instance_exec,instance_of?,instance_variable_defined?,instance_variable_get,instance_variable_set,instance_variables,is_a?,itself,kind_of?,message,method,methods,nil?,object_id,private_methods,protected_methods,public_method,public_methods,public_send,remove_instance_variable,respond_to?,send,set_backtrace,singleton_class,singleton_method,singleton_methods,tap,then,to_enum,to_s,yield_self
Errno::EOWNERDEAD	S	!,!=,!~,<,<=,<=>,==,===,>,>=,__id__,__send__,alias_method,allocate,ancestors,attached_object,attr,attr_accessor,attr_reader,attr_writer,autoload,autoload?,class,class_eval,class_exec,class_variable_defined?,class_variable_get,class_variable_set,class_variables,clone,const_defined?,const_get,const_missing,const_set,const_source_location,constants,define_method,define_singleton_method,deprecate_constant,display,dup,enum_for,eql?,equal?,exception,extend,freeze,frozen?,hash,include,include?,included_modules,inspect,instance_eval,instance_exec,instance_method,instance_methods,instance_of?,instance_variable_defined?,instance_variable_get,instance_variable_set,instance_variables,is_a?,itself,kind_of?,method,method_defined?,methods,module_eval,module_exec,name,new,nil?,object_id,prepend,private_class_method,private_constant,private_instance_methods,private_method_defined?,private_methods,protected_instance_methods,protected_method_defined?,protected_methods,public_class_method,public_constant,public_instance_method,public_instance_methods,public_method,public_method_defined?,public_methods,public_send,refinements,remove_class_variable,remove_instance_variable,remove_method,respond_to?,send,set_temporary_name,singleton_class,singleton_class?,singleton_method,singleton_methods,subclasses,superclass,tap,then,to_enum,to_s,to_tty?,undef_method,undefined_instance_methods,yield_self
Errno::EOWNERDEAD	P	Array,Complex,Float,Hash,Integer,Pathname,Rational,String,__callee__,__dir__,__method__,`,abort,at_exit,autoload,autoload?,binding,block_given?,caller,caller_locations,catch,eval,exec,exit,exit!,fail,fork,format,gets,global_variables,initialize,initialize_clone,initialize_copy,initialize_dup,instance_variables_to_inspect,iterator?,lambda,load,local_variables,loop,method_missing,open,p,pp,print,printf,proc,putc,puts,raise,rand,readline,readlines,require,require_relative,respond_to_missing?,select,set_trace_func,singleton_method_added,singleton_method_removed,singleton_method_undefined,sleep,spawn,sprintf,srand,syscall,system,test,throw,trace_var,trap,untrace_var,warn
Errno::EPERM	i	
Errno::EPERM	s	
Errno::EPERM	p	
Errno::EPERM	c	Errno
Errno::EPERM	I	!,!=,!~,<=>,==,===,__id__,__send__,backtrace,backtrace_locations,cause,class,clone,define_singleton_method,detailed_message,display,dup,enum_for,eql?,equal?,errno,exception,extend,freeze,frozen?,full_message,hash,inspect,instance_eval,instance_exec,instance_of?,instance_variable_defined?,instance_variable_get,instance_variable_set,instance_variables,is_a?,itself,kind_of?,message,method,methods,nil?,object_id,private_methods,protected_methods,public_method,public_methods,public_send,remove_instance_variable,respond_to?,send,set_backtrace,singleton_class,singleton_method,singleton_methods,tap,then,to_enum,to_s,yield_self
Errno::EPERM	S	!,!=,!~,<,<=,<=>,==,===,>,>=,__id__,__send__,alias_method,allocate,ancestors,attached_object,attr,attr_accessor,attr_reader,attr_writer,autoload,autoload?,class,class_eval,class_exec,class_variable_defined?,class_variable_get,class_variable_set,class_variables,clone,const_defined?,const_get,const_missing,const_set,const_source_location,constants,define_method,define_singleton_method,deprecate_constant,display,dup,enum_for,eql?,equal?,exception,extend,freeze,frozen?,hash,include,include?,included_modules,inspect,instance_eval,instance_exec,instance_method,instance_methods,instance_of?,instance_variable_defined?,instance_variable_get,instance_variable_set,instance_variables,is_a?,itself,kind_of?,method,method_defined?,methods,module_eval,module_exec,name,new,nil?,object_id,prepend,private_class_method,private_constant,private_instance_methods,private_method_defined?,private_methods,protected_instance_methods,protected_method_defined?,protected_methods,public_class_method,public_constant,public_instance_method,public_instance_methods,public_method,public_method_defined?,public_methods,public_send,refinements,remove_class_variable,remove_instance_variable,remove_method,respond_to?,send,set_temporary_name,singleton_class,singleton_class?,singleton_method,singleton_methods,subclasses,superclass,tap,then,to_enum,to_s,to_tty?,undef_method,undefined_instance_methods,yield_self
Errno::EPERM	P	Array,Complex,Float,Hash,Integer,Pathname,Rational,String,__callee__,__dir__,__method__,`,abort,at_exit,autoload,autoload?,binding,block_given?,caller,caller_locations,catch,eval,exec,exit,exit!,fail,fork,format,gets,global_variables,initialize,initialize_clone,initialize_copy,initialize_dup,instance_variables_to_inspect,iterator?,lambda,load,local_variables,loop,method_missing,open,p,pp,print,printf,proc,putc,puts,raise,rand,readline,readlines,require,require_relative,respond_to_missing?,select,set_trace_func,singleton_method_added,singleton_method_removed,singleton_method_undefined,sleep,spawn,sprintf,srand,syscall,system,test,throw,trace_var,trap,untrace_var,warn
Errno::EPFNOSUPPORT	i	
Errno::EPFNOSUPPORT	s	
Errno::EPFNOSUPPORT	p	
Errno::EPFNOSUPPORT	c	Errno
Errno::EPFNOSUPPORT	I	!,!=,!~,<=>,==,===,__id__,__send__,backtrace,backtrace_locations,cause,class,clone,define_singleton_method,detailed_message,display,dup,enum_for,eql?,equal?,errno,exception,extend,freeze,frozen?,full_message,hash,inspect,instance_eval,instance_exec,instance_of?,instance_variable_defined?,instance_variable_get,instance_variable_set,instance_variables,is_a?,itself,kind_of?,message,method,methods,nil?,object_id,private_methods,protected_methods,public_method,public_methods,public_send,remove_instance_variable,respond_to?,send,set_backtrace,singleton_class,singleton_method,singleton_methods,tap,then,to_enum,to_s,yield_self
Errno::EPFNOSUPPORT	S	!,!=,!~,<,<=,<=>,==,===,>,>=,__id__,__send__,alias_method,allocate,ancestors,attached_object,attr,attr_accessor,attr_reader,attr_writer,autoload,autoload?,class,class_eval,class_exec,class_variable_defined?,class_variable_get,class_variable_set,class_variables,clone,const_defined?,const_get,const_missing,const_set,const_source_location,constants,define_method,define_singleton_method,deprecate_constant,display,dup,enum_for,eql?,equal?,exception,extend,freeze,frozen?,hash,include,include?,included_modules,inspect,instance_eval,instance_exec,instance_method,instance_methods,instance_of?,instance_variable_defined?,instance_variable_get,instance_variable_set,instance_variables,is_a?,itself,kind_of?,method,method_defined?,methods,module_eval,module_exec,name,new,nil?,object_id,prepend,private_class_method,private_constant,private_instance_methods,private_method_defined?,private_methods,protected_instance_methods,protected_method_defined?,protected_methods,public_class_method,public_constant,public_instance_method,public_instance_methods,public_method,public_method_defined?,public_methods,public_send,refinements,remove_class_variable,remove_instance_variable,remove_method,respond_to?,send,set_temporary_name,singleton_class,singleton_class?,singleton_method,singleton_methods,subclasses,superclass,tap,then,to_enum,to_s,to_tty?,undef_method,undefined_instance_methods,yield_self
Errno::EPFNOSUPPORT	P	Array,Complex,Float,Hash,Integer,Pathname,Rational,String,__callee__,__dir__,__method__,`,abort,at_exit,autoload,autoload?,binding,block_given?,caller,caller_locations,catch,eval,exec,exit,exit!,fail,fork,format,gets,global_variables,initialize,initialize_clone,initialize_copy,initialize_dup,instance_variables_to_inspect,iterator?,lambda,load,local_variables,loop,method_missing,open,p,pp,print,printf,proc,putc,puts,raise,rand,readline,readlines,require,require_relative,respond_to_missing?,select,set_trace_func,singleton_method_added,singleton_method_removed,singleton_method_undefined,sleep,spawn,sprintf,srand,syscall,system,test,throw,trace_var,trap,untrace_var,warn
Errno::EPIPE	i	
Errno::EPIPE	s	
Errno::EPIPE	p	
Errno::EPIPE	c	Errno
Errno::EPIPE	I	!,!=,!~,<=>,==,===,__id__,__send__,backtrace,backtrace_locations,cause,class,clone,define_singleton_method,detailed_message,display,dup,enum_for,eql?,equal?,errno,exception,extend,freeze,frozen?,full_message,hash,inspect,instance_eval,instance_exec,instance_of?,instance_variable_defined?,instance_variable_get,instance_variable_set,instance_variables,is_a?,itself,kind_of?,message,method,methods,nil?,object_id,private_methods,protected_methods,public_method,public_methods,public_send,remove_instance_variable,respond_to?,send,set_backtrace,singleton_class,singleton_method,singleton_methods,tap,then,to_enum,to_s,yield_self
Errno::EPIPE	S	!,!=,!~,<,<=,<=>,==,===,>,>=,__id__,__send__,alias_method,allocate,ancestors,attached_object,attr,attr_accessor,attr_reader,attr_writer,autoload,autoload?,class,class_eval,class_exec,class_variable_defined?,class_variable_get,class_variable_set,class_variables,clone,const_defined?,const_get,const_missing,const_set,const_source_location,constants,define_method,define_singleton_method,deprecate_constant,display,dup,enum_for,eql?,equal?,exception,extend,freeze,frozen?,hash,include,include?,included_modules,inspect,instance_eval,instance_exec,instance_method,instance_methods,instance_of?,instance_variable_defined?,instance_variable_get,instance_variable_set,instance_variables,is_a?,itself,kind_of?,method,method_defined?,methods,module_eval,module_exec,name,new,nil?,object_id,prepend,private_class_method,private_constant,private_instance_methods,private_method_defined?,private_methods,protected_instance_methods,protected_method_defined?,protected_methods,public_class_method,public_constant,public_instance_method,public_instance_methods,public_method,public_method_defined?,public_methods,public_send,refinements,remove_class_variable,remove_instance_variable,remove_method,respond_to?,send,set_temporary_name,singleton_class,singleton_class?,singleton_method,singleton_methods,subclasses,superclass,tap,then,to_enum,to_s,to_tty?,undef_method,undefined_instance_methods,yield_self
Errno::EPIPE	P	Array,Complex,Float,Hash,Integer,Pathname,Rational,String,__callee__,__dir__,__method__,`,abort,at_exit,autoload,autoload?,binding,block_given?,caller,caller_locations,catch,eval,exec,exit,exit!,fail,fork,format,gets,global_variables,initialize,initialize_clone,initialize_copy,initialize_dup,instance_variables_to_inspect,iterator?,lambda,load,local_variables,loop,method_missing,open,p,pp,print,printf,proc,putc,puts,raise,rand,readline,readlines,require,require_relative,respond_to_missing?,select,set_trace_func,singleton_method_added,singleton_method_removed,singleton_method_undefined,sleep,spawn,sprintf,srand,syscall,system,test,throw,trace_var,trap,untrace_var,warn
Errno::EPROCLIM	i	
Errno::EPROCLIM	s	
Errno::EPROCLIM	p	
Errno::EPROCLIM	c	Errno
Errno::EPROCLIM	I	!,!=,!~,<=>,==,===,__id__,__send__,backtrace,backtrace_locations,cause,class,clone,define_singleton_method,detailed_message,display,dup,enum_for,eql?,equal?,errno,exception,extend,freeze,frozen?,full_message,hash,inspect,instance_eval,instance_exec,instance_of?,instance_variable_defined?,instance_variable_get,instance_variable_set,instance_variables,is_a?,itself,kind_of?,message,method,methods,nil?,object_id,private_methods,protected_methods,public_method,public_methods,public_send,remove_instance_variable,respond_to?,send,set_backtrace,singleton_class,singleton_method,singleton_methods,tap,then,to_enum,to_s,yield_self
Errno::EPROCLIM	S	!,!=,!~,<,<=,<=>,==,===,>,>=,__id__,__send__,alias_method,allocate,ancestors,attached_object,attr,attr_accessor,attr_reader,attr_writer,autoload,autoload?,class,class_eval,class_exec,class_variable_defined?,class_variable_get,class_variable_set,class_variables,clone,const_defined?,const_get,const_missing,const_set,const_source_location,constants,define_method,define_singleton_method,deprecate_constant,display,dup,enum_for,eql?,equal?,exception,extend,freeze,frozen?,hash,include,include?,included_modules,inspect,instance_eval,instance_exec,instance_method,instance_methods,instance_of?,instance_variable_defined?,instance_variable_get,instance_variable_set,instance_variables,is_a?,itself,kind_of?,method,method_defined?,methods,module_eval,module_exec,name,new,nil?,object_id,prepend,private_class_method,private_constant,private_instance_methods,private_method_defined?,private_methods,protected_instance_methods,protected_method_defined?,protected_methods,public_class_method,public_constant,public_instance_method,public_instance_methods,public_method,public_method_defined?,public_methods,public_send,refinements,remove_class_variable,remove_instance_variable,remove_method,respond_to?,send,set_temporary_name,singleton_class,singleton_class?,singleton_method,singleton_methods,subclasses,superclass,tap,then,to_enum,to_s,to_tty?,undef_method,undefined_instance_methods,yield_self
Errno::EPROCLIM	P	Array,Complex,Float,Hash,Integer,Pathname,Rational,String,__callee__,__dir__,__method__,`,abort,at_exit,autoload,autoload?,binding,block_given?,caller,caller_locations,catch,eval,exec,exit,exit!,fail,fork,format,gets,global_variables,initialize,initialize_clone,initialize_copy,initialize_dup,instance_variables_to_inspect,iterator?,lambda,load,local_variables,loop,method_missing,open,p,pp,print,printf,proc,putc,puts,raise,rand,readline,readlines,require,require_relative,respond_to_missing?,select,set_trace_func,singleton_method_added,singleton_method_removed,singleton_method_undefined,sleep,spawn,sprintf,srand,syscall,system,test,throw,trace_var,trap,untrace_var,warn
Errno::EPROCUNAVAIL	i	
Errno::EPROCUNAVAIL	s	
Errno::EPROCUNAVAIL	p	
Errno::EPROCUNAVAIL	c	Errno
Errno::EPROCUNAVAIL	I	!,!=,!~,<=>,==,===,__id__,__send__,backtrace,backtrace_locations,cause,class,clone,define_singleton_method,detailed_message,display,dup,enum_for,eql?,equal?,errno,exception,extend,freeze,frozen?,full_message,hash,inspect,instance_eval,instance_exec,instance_of?,instance_variable_defined?,instance_variable_get,instance_variable_set,instance_variables,is_a?,itself,kind_of?,message,method,methods,nil?,object_id,private_methods,protected_methods,public_method,public_methods,public_send,remove_instance_variable,respond_to?,send,set_backtrace,singleton_class,singleton_method,singleton_methods,tap,then,to_enum,to_s,yield_self
Errno::EPROCUNAVAIL	S	!,!=,!~,<,<=,<=>,==,===,>,>=,__id__,__send__,alias_method,allocate,ancestors,attached_object,attr,attr_accessor,attr_reader,attr_writer,autoload,autoload?,class,class_eval,class_exec,class_variable_defined?,class_variable_get,class_variable_set,class_variables,clone,const_defined?,const_get,const_missing,const_set,const_source_location,constants,define_method,define_singleton_method,deprecate_constant,display,dup,enum_for,eql?,equal?,exception,extend,freeze,frozen?,hash,include,include?,included_modules,inspect,instance_eval,instance_exec,instance_method,instance_methods,instance_of?,instance_variable_defined?,instance_variable_get,instance_variable_set,instance_variables,is_a?,itself,kind_of?,method,method_defined?,methods,module_eval,module_exec,name,new,nil?,object_id,prepend,private_class_method,private_constant,private_instance_methods,private_method_defined?,private_methods,protected_instance_methods,protected_method_defined?,protected_methods,public_class_method,public_constant,public_instance_method,public_instance_methods,public_method,public_method_defined?,public_methods,public_send,refinements,remove_class_variable,remove_instance_variable,remove_method,respond_to?,send,set_temporary_name,singleton_class,singleton_class?,singleton_method,singleton_methods,subclasses,superclass,tap,then,to_enum,to_s,to_tty?,undef_method,undefined_instance_methods,yield_self
Errno::EPROCUNAVAIL	P	Array,Complex,Float,Hash,Integer,Pathname,Rational,String,__callee__,__dir__,__method__,`,abort,at_exit,autoload,autoload?,binding,block_given?,caller,caller_locations,catch,eval,exec,exit,exit!,fail,fork,format,gets,global_variables,initialize,initialize_clone,initialize_copy,initialize_dup,instance_variables_to_inspect,iterator?,lambda,load,local_variables,loop,method_missing,open,p,pp,print,printf,proc,putc,puts,raise,rand,readline,readlines,require,require_relative,respond_to_missing?,select,set_trace_func,singleton_method_added,singleton_method_removed,singleton_method_undefined,sleep,spawn,sprintf,srand,syscall,system,test,throw,trace_var,trap,untrace_var,warn
Errno::EPROGMISMATCH	i	
Errno::EPROGMISMATCH	s	
Errno::EPROGMISMATCH	p	
Errno::EPROGMISMATCH	c	Errno
Errno::EPROGMISMATCH	I	!,!=,!~,<=>,==,===,__id__,__send__,backtrace,backtrace_locations,cause,class,clone,define_singleton_method,detailed_message,display,dup,enum_for,eql?,equal?,errno,exception,extend,freeze,frozen?,full_message,hash,inspect,instance_eval,instance_exec,instance_of?,instance_variable_defined?,instance_variable_get,instance_variable_set,instance_variables,is_a?,itself,kind_of?,message,method,methods,nil?,object_id,private_methods,protected_methods,public_method,public_methods,public_send,remove_instance_variable,respond_to?,send,set_backtrace,singleton_class,singleton_method,singleton_methods,tap,then,to_enum,to_s,yield_self
Errno::EPROGMISMATCH	S	!,!=,!~,<,<=,<=>,==,===,>,>=,__id__,__send__,alias_method,allocate,ancestors,attached_object,attr,attr_accessor,attr_reader,attr_writer,autoload,autoload?,class,class_eval,class_exec,class_variable_defined?,class_variable_get,class_variable_set,class_variables,clone,const_defined?,const_get,const_missing,const_set,const_source_location,constants,define_method,define_singleton_method,deprecate_constant,display,dup,enum_for,eql?,equal?,exception,extend,freeze,frozen?,hash,include,include?,included_modules,inspect,instance_eval,instance_exec,instance_method,instance_methods,instance_of?,instance_variable_defined?,instance_variable_get,instance_variable_set,instance_variables,is_a?,itself,kind_of?,method,method_defined?,methods,module_eval,module_exec,name,new,nil?,object_id,prepend,private_class_method,private_constant,private_instance_methods,private_method_defined?,private_methods,protected_instance_methods,protected_method_defined?,protected_methods,public_class_method,public_constant,public_instance_method,public_instance_methods,public_method,public_method_defined?,public_methods,public_send,refinements,remove_class_variable,remove_instance_variable,remove_method,respond_to?,send,set_temporary_name,singleton_class,singleton_class?,singleton_method,singleton_methods,subclasses,superclass,tap,then,to_enum,to_s,to_tty?,undef_method,undefined_instance_methods,yield_self
Errno::EPROGMISMATCH	P	Array,Complex,Float,Hash,Integer,Pathname,Rational,String,__callee__,__dir__,__method__,`,abort,at_exit,autoload,autoload?,binding,block_given?,caller,caller_locations,catch,eval,exec,exit,exit!,fail,fork,format,gets,global_variables,initialize,initialize_clone,initialize_copy,initialize_dup,instance_variables_to_inspect,iterator?,lambda,load,local_variables,loop,method_missing,open,p,pp,print,printf,proc,putc,puts,raise,rand,readline,readlines,require,require_relative,respond_to_missing?,select,set_trace_func,singleton_method_added,singleton_method_removed,singleton_method_undefined,sleep,spawn,sprintf,srand,syscall,system,test,throw,trace_var,trap,untrace_var,warn
Errno::EPROGUNAVAIL	i	
Errno::EPROGUNAVAIL	s	
Errno::EPROGUNAVAIL	p	
Errno::EPROGUNAVAIL	c	Errno
Errno::EPROGUNAVAIL	I	!,!=,!~,<=>,==,===,__id__,__send__,backtrace,backtrace_locations,cause,class,clone,define_singleton_method,detailed_message,display,dup,enum_for,eql?,equal?,errno,exception,extend,freeze,frozen?,full_message,hash,inspect,instance_eval,instance_exec,instance_of?,instance_variable_defined?,instance_variable_get,instance_variable_set,instance_variables,is_a?,itself,kind_of?,message,method,methods,nil?,object_id,private_methods,protected_methods,public_method,public_methods,public_send,remove_instance_variable,respond_to?,send,set_backtrace,singleton_class,singleton_method,singleton_methods,tap,then,to_enum,to_s,yield_self
Errno::EPROGUNAVAIL	S	!,!=,!~,<,<=,<=>,==,===,>,>=,__id__,__send__,alias_method,allocate,ancestors,attached_object,attr,attr_accessor,attr_reader,attr_writer,autoload,autoload?,class,class_eval,class_exec,class_variable_defined?,class_variable_get,class_variable_set,class_variables,clone,const_defined?,const_get,const_missing,const_set,const_source_location,constants,define_method,define_singleton_method,deprecate_constant,display,dup,enum_for,eql?,equal?,exception,extend,freeze,frozen?,hash,include,include?,included_modules,inspect,instance_eval,instance_exec,instance_method,instance_methods,instance_of?,instance_variable_defined?,instance_variable_get,instance_variable_set,instance_variables,is_a?,itself,kind_of?,method,method_defined?,methods,module_eval,module_exec,name,new,nil?,object_id,prepend,private_class_method,private_constant,private_instance_methods,private_method_defined?,private_methods,protected_instance_methods,protected_method_defined?,protected_methods,public_class_method,public_constant,public_instance_method,public_instance_methods,public_method,public_method_defined?,public_methods,public_send,refinements,remove_class_variable,remove_instance_variable,remove_method,respond_to?,send,set_temporary_name,singleton_class,singleton_class?,singleton_method,singleton_methods,subclasses,superclass,tap,then,to_enum,to_s,to_tty?,undef_method,undefined_instance_methods,yield_self
Errno::EPROGUNAVAIL	P	Array,Complex,Float,Hash,Integer,Pathname,Rational,String,__callee__,__dir__,__method__,`,abort,at_exit,autoload,autoload?,binding,block_given?,caller,caller_locations,catch,eval,exec,exit,exit!,fail,fork,format,gets,global_variables,initialize,initialize_clone,initialize_copy,initialize_dup,instance_variables_to_inspect,iterator?,lambda,load,local_variables,loop,method_missing,open,p,pp,print,printf,proc,putc,puts,raise,rand,readline,readlines,require,require_relative,respond_to_missing?,select,set_trace_func,singleton_method_added,singleton_method_removed,singleton_method_undefined,sleep,spawn,sprintf,srand,syscall,system,test,throw,trace_var,trap,untrace_var,warn
Errno::EPROTO	i	
Errno::EPROTO	s	
Errno::EPROTO	p	
Errno::EPROTO	c	Errno
Errno::EPROTO	I	!,!=,!~,<=>,==,===,__id__,__send__,backtrace,backtrace_locations,cause,class,clone,define_singleton_method,detailed_message,display,dup,enum_for,eql?,equal?,errno,exception,extend,freeze,frozen?,full_message,hash,inspect,instance_eval,instance_exec,instance_of?,instance_variable_defined?,instance_variable_get,instance_variable_set,instance_variables,is_a?,itself,kind_of?,message,method,methods,nil?,object_id,private_methods,protected_methods,public_method,public_methods,public_send,remove_instance_variable,respond_to?,send,set_backtrace,singleton_class,singleton_method,singleton_methods,tap,then,to_enum,to_s,yield_self
Errno::EPROTO	S	!,!=,!~,<,<=,<=>,==,===,>,>=,__id__,__send__,alias_method,allocate,ancestors,attached_object,attr,attr_accessor,attr_reader,attr_writer,autoload,autoload?,class,class_eval,class_exec,class_variable_defined?,class_variable_get,class_variable_set,class_variables,clone,const_defined?,const_get,const_missing,const_set,const_source_location,constants,define_method,define_singleton_method,deprecate_constant,display,dup,enum_for,eql?,equal?,exception,extend,freeze,frozen?,hash,include,include?,included_modules,inspect,instance_eval,instance_exec,instance_method,instance_methods,instance_of?,instance_variable_defined?,instance_variable_get,instance_variable_set,instance_variables,is_a?,itself,kind_of?,method,method_defined?,methods,module_eval,module_exec,name,new,nil?,object_id,prepend,private_class_method,private_constant,private_instance_methods,private_method_defined?,private_methods,protected_instance_methods,protected_method_defined?,protected_methods,public_class_method,public_constant,public_instance_method,public_instance_methods,public_method,public_method_defined?,public_methods,public_send,refinements,remove_class_variable,remove_instance_variable,remove_method,respond_to?,send,set_temporary_name,singleton_class,singleton_class?,singleton_method,singleton_methods,subclasses,superclass,tap,then,to_enum,to_s,to_tty?,undef_method,undefined_instance_methods,yield_self
Errno::EPROTO	P	Array,Complex,Float,Hash,Integer,Pathname,Rational,String,__callee__,__dir__,__method__,`,abort,at_exit,autoload,autoload?,binding,block_given?,caller,caller_locations,catch,eval,exec,exit,exit!,fail,fork,format,gets,global_variables,initialize,initialize_clone,initialize_copy,initialize_dup,instance_variables_to_inspect,iterator?,lambda,load,local_variables,loop,method_missing,open,p,pp,print,printf,proc,putc,puts,raise,rand,readline,readlines,require,require_relative,respond_to_missing?,select,set_trace_func,singleton_method_added,singleton_method_removed,singleton_method_undefined,sleep,spawn,sprintf,srand,syscall,system,test,throw,trace_var,trap,untrace_var,warn
Errno::EPROTONOSUPPORT	i	
Errno::EPROTONOSUPPORT	s	
Errno::EPROTONOSUPPORT	p	
Errno::EPROTONOSUPPORT	c	Errno
Errno::EPROTONOSUPPORT	I	!,!=,!~,<=>,==,===,__id__,__send__,backtrace,backtrace_locations,cause,class,clone,define_singleton_method,detailed_message,display,dup,enum_for,eql?,equal?,errno,exception,extend,freeze,frozen?,full_message,hash,inspect,instance_eval,instance_exec,instance_of?,instance_variable_defined?,instance_variable_get,instance_variable_set,instance_variables,is_a?,itself,kind_of?,message,method,methods,nil?,object_id,private_methods,protected_methods,public_method,public_methods,public_send,remove_instance_variable,respond_to?,send,set_backtrace,singleton_class,singleton_method,singleton_methods,tap,then,to_enum,to_s,yield_self
Errno::EPROTONOSUPPORT	S	!,!=,!~,<,<=,<=>,==,===,>,>=,__id__,__send__,alias_method,allocate,ancestors,attached_object,attr,attr_accessor,attr_reader,attr_writer,autoload,autoload?,class,class_eval,class_exec,class_variable_defined?,class_variable_get,class_variable_set,class_variables,clone,const_defined?,const_get,const_missing,const_set,const_source_location,constants,define_method,define_singleton_method,deprecate_constant,display,dup,enum_for,eql?,equal?,exception,extend,freeze,frozen?,hash,include,include?,included_modules,inspect,instance_eval,instance_exec,instance_method,instance_methods,instance_of?,instance_variable_defined?,instance_variable_get,instance_variable_set,instance_variables,is_a?,itself,kind_of?,method,method_defined?,methods,module_eval,module_exec,name,new,nil?,object_id,prepend,private_class_method,private_constant,private_instance_methods,private_method_defined?,private_methods,protected_instance_methods,protected_method_defined?,protected_methods,public_class_method,public_constant,public_instance_method,public_instance_methods,public_method,public_method_defined?,public_methods,public_send,refinements,remove_class_variable,remove_instance_variable,remove_method,respond_to?,send,set_temporary_name,singleton_class,singleton_class?,singleton_method,singleton_methods,subclasses,superclass,tap,then,to_enum,to_s,to_tty?,undef_method,undefined_instance_methods,yield_self
Errno::EPROTONOSUPPORT	P	Array,Complex,Float,Hash,Integer,Pathname,Rational,String,__callee__,__dir__,__method__,`,abort,at_exit,autoload,autoload?,binding,block_given?,caller,caller_locations,catch,eval,exec,exit,exit!,fail,fork,format,gets,global_variables,initialize,initialize_clone,initialize_copy,initialize_dup,instance_variables_to_inspect,iterator?,lambda,load,local_variables,loop,method_missing,open,p,pp,print,printf,proc,putc,puts,raise,rand,readline,readlines,require,require_relative,respond_to_missing?,select,set_trace_func,singleton_method_added,singleton_method_removed,singleton_method_undefined,sleep,spawn,sprintf,srand,syscall,system,test,throw,trace_var,trap,untrace_var,warn
Errno::EPROTOTYPE	i	
Errno::EPROTOTYPE	s	
Errno::EPROTOTYPE	p	
Errno::EPROTOTYPE	c	Errno
Errno::EPROTOTYPE	I	!,!=,!~,<=>,==,===,__id__,__send__,backtrace,backtrace_locations,cause,class,clone,define_singleton_method,detailed_message,display,dup,enum_for,eql?,equal?,errno,exception,extend,freeze,frozen?,full_message,hash,inspect,instance_eval,instance_exec,instance_of?,instance_variable_defined?,instance_variable_get,instance_variable_set,instance_variables,is_a?,itself,kind_of?,message,method,methods,nil?,object_id,private_methods,protected_methods,public_method,public_methods,public_send,remove_instance_variable,respond_to?,send,set_backtrace,singleton_class,singleton_method,singleton_methods,tap,then,to_enum,to_s,yield_self
Errno::EPROTOTYPE	S	!,!=,!~,<,<=,<=>,==,===,>,>=,__id__,__send__,alias_method,allocate,ancestors,attached_object,attr,attr_accessor,attr_reader,attr_writer,autoload,autoload?,class,class_eval,class_exec,class_variable_defined?,class_variable_get,class_variable_set,class_variables,clone,const_defined?,const_get,const_missing,const_set,const_source_location,constants,define_method,define_singleton_method,deprecate_constant,display,dup,enum_for,eql?,equal?,exception,extend,freeze,frozen?,hash,include,include?,included_modules,inspect,instance_eval,instance_exec,instance_method,instance_methods,instance_of?,instance_variable_defined?,instance_variable_get,instance_variable_set,instance_variables,is_a?,itself,kind_of?,method,method_defined?,methods,module_eval,module_exec,name,new,nil?,object_id,prepend,private_class_method,private_constant,private_instance_methods,private_method_defined?,private_methods,protected_instance_methods,protected_method_defined?,protected_methods,public_class_method,public_constant,public_instance_method,public_instance_methods,public_method,public_method_defined?,public_methods,public_send,refinements,remove_class_variable,remove_instance_variable,remove_method,respond_to?,send,set_temporary_name,singleton_class,singleton_class?,singleton_method,singleton_methods,subclasses,superclass,tap,then,to_enum,to_s,to_tty?,undef_method,undefined_instance_methods,yield_self
Errno::EPROTOTYPE	P	Array,Complex,Float,Hash,Integer,Pathname,Rational,String,__callee__,__dir__,__method__,`,abort,at_exit,autoload,autoload?,binding,block_given?,caller,caller_locations,catch,eval,exec,exit,exit!,fail,fork,format,gets,global_variables,initialize,initialize_clone,initialize_copy,initialize_dup,instance_variables_to_inspect,iterator?,lambda,load,local_variables,loop,method_missing,open,p,pp,print,printf,proc,putc,puts,raise,rand,readline,readlines,require,require_relative,respond_to_missing?,select,set_trace_func,singleton_method_added,singleton_method_removed,singleton_method_undefined,sleep,spawn,sprintf,srand,syscall,system,test,throw,trace_var,trap,untrace_var,warn
Errno::EPWROFF	i	
Errno::EPWROFF	s	
Errno::EPWROFF	p	
Errno::EPWROFF	c	Errno
Errno::EPWROFF	I	!,!=,!~,<=>,==,===,__id__,__send__,backtrace,backtrace_locations,cause,class,clone,define_singleton_method,detailed_message,display,dup,enum_for,eql?,equal?,errno,exception,extend,freeze,frozen?,full_message,hash,inspect,instance_eval,instance_exec,instance_of?,instance_variable_defined?,instance_variable_get,instance_variable_set,instance_variables,is_a?,itself,kind_of?,message,method,methods,nil?,object_id,private_methods,protected_methods,public_method,public_methods,public_send,remove_instance_variable,respond_to?,send,set_backtrace,singleton_class,singleton_method,singleton_methods,tap,then,to_enum,to_s,yield_self
Errno::EPWROFF	S	!,!=,!~,<,<=,<=>,==,===,>,>=,__id__,__send__,alias_method,allocate,ancestors,attached_object,attr,attr_accessor,attr_reader,attr_writer,autoload,autoload?,class,class_eval,class_exec,class_variable_defined?,class_variable_get,class_variable_set,class_variables,clone,const_defined?,const_get,const_missing,const_set,const_source_location,constants,define_method,define_singleton_method,deprecate_constant,display,dup,enum_for,eql?,equal?,exception,extend,freeze,frozen?,hash,include,include?,included_modules,inspect,instance_eval,instance_exec,instance_method,instance_methods,instance_of?,instance_variable_defined?,instance_variable_get,instance_variable_set,instance_variables,is_a?,itself,kind_of?,method,method_defined?,methods,module_eval,module_exec,name,new,nil?,object_id,prepend,private_class_method,private_constant,private_instance_methods,private_method_defined?,private_methods,protected_instance_methods,protected_method_defined?,protected_methods,public_class_method,public_constant,public_instance_method,public_instance_methods,public_method,public_method_defined?,public_methods,public_send,refinements,remove_class_variable,remove_instance_variable,remove_method,respond_to?,send,set_temporary_name,singleton_class,singleton_class?,singleton_method,singleton_methods,subclasses,superclass,tap,then,to_enum,to_s,to_tty?,undef_method,undefined_instance_methods,yield_self
Errno::EPWROFF	P	Array,Complex,Float,Hash,Integer,Pathname,Rational,String,__callee__,__dir__,__method__,`,abort,at_exit,autoload,autoload?,binding,block_given?,caller,caller_locations,catch,eval,exec,exit,exit!,fail,fork,format,gets,global_variables,initialize,initialize_clone,initialize_copy,initialize_dup,instance_variables_to_inspect,iterator?,lambda,load,local_variables,loop,method_missing,open,p,pp,print,printf,proc,putc,puts,raise,rand,readline,readlines,require,require_relative,respond_to_missing?,select,set_trace_func,singleton_method_added,singleton_method_removed,singleton_method_undefined,sleep,spawn,sprintf,srand,syscall,system,test,throw,trace_var,trap,untrace_var,warn
Errno::EQFULL	i	
Errno::EQFULL	s	
Errno::EQFULL	p	
Errno::EQFULL	c	Errno
Errno::EQFULL	I	!,!=,!~,<=>,==,===,__id__,__send__,backtrace,backtrace_locations,cause,class,clone,define_singleton_method,detailed_message,display,dup,enum_for,eql?,equal?,errno,exception,extend,freeze,frozen?,full_message,hash,inspect,instance_eval,instance_exec,instance_of?,instance_variable_defined?,instance_variable_get,instance_variable_set,instance_variables,is_a?,itself,kind_of?,message,method,methods,nil?,object_id,private_methods,protected_methods,public_method,public_methods,public_send,remove_instance_variable,respond_to?,send,set_backtrace,singleton_class,singleton_method,singleton_methods,tap,then,to_enum,to_s,yield_self
Errno::EQFULL	S	!,!=,!~,<,<=,<=>,==,===,>,>=,__id__,__send__,alias_method,allocate,ancestors,attached_object,attr,attr_accessor,attr_reader,attr_writer,autoload,autoload?,class,class_eval,class_exec,class_variable_defined?,class_variable_get,class_variable_set,class_variables,clone,const_defined?,const_get,const_missing,const_set,const_source_location,constants,define_method,define_singleton_method,deprecate_constant,display,dup,enum_for,eql?,equal?,exception,extend,freeze,frozen?,hash,include,include?,included_modules,inspect,instance_eval,instance_exec,instance_method,instance_methods,instance_of?,instance_variable_defined?,instance_variable_get,instance_variable_set,instance_variables,is_a?,itself,kind_of?,method,method_defined?,methods,module_eval,module_exec,name,new,nil?,object_id,prepend,private_class_method,private_constant,private_instance_methods,private_method_defined?,private_methods,protected_instance_methods,protected_method_defined?,protected_methods,public_class_method,public_constant,public_instance_method,public_instance_methods,public_method,public_method_defined?,public_methods,public_send,refinements,remove_class_variable,remove_instance_variable,remove_method,respond_to?,send,set_temporary_name,singleton_class,singleton_class?,singleton_method,singleton_methods,subclasses,superclass,tap,then,to_enum,to_s,to_tty?,undef_method,undefined_instance_methods,yield_self
Errno::EQFULL	P	Array,Complex,Float,Hash,Integer,Pathname,Rational,String,__callee__,__dir__,__method__,`,abort,at_exit,autoload,autoload?,binding,block_given?,caller,caller_locations,catch,eval,exec,exit,exit!,fail,fork,format,gets,global_variables,initialize,initialize_clone,initialize_copy,initialize_dup,instance_variables_to_inspect,iterator?,lambda,load,local_variables,loop,method_missing,open,p,pp,print,printf,proc,putc,puts,raise,rand,readline,readlines,require,require_relative,respond_to_missing?,select,set_trace_func,singleton_method_added,singleton_method_removed,singleton_method_undefined,sleep,spawn,sprintf,srand,syscall,system,test,throw,trace_var,trap,untrace_var,warn
Errno::ERANGE	i	
Errno::ERANGE	s	
Errno::ERANGE	p	
Errno::ERANGE	c	Errno
Errno::ERANGE	I	!,!=,!~,<=>,==,===,__id__,__send__,backtrace,backtrace_locations,cause,class,clone,define_singleton_method,detailed_message,display,dup,enum_for,eql?,equal?,errno,exception,extend,freeze,frozen?,full_message,hash,inspect,instance_eval,instance_exec,instance_of?,instance_variable_defined?,instance_variable_get,instance_variable_set,instance_variables,is_a?,itself,kind_of?,message,method,methods,nil?,object_id,private_methods,protected_methods,public_method,public_methods,public_send,remove_instance_variable,respond_to?,send,set_backtrace,singleton_class,singleton_method,singleton_methods,tap,then,to_enum,to_s,yield_self
Errno::ERANGE	S	!,!=,!~,<,<=,<=>,==,===,>,>=,__id__,__send__,alias_method,allocate,ancestors,attached_object,attr,attr_accessor,attr_reader,attr_writer,autoload,autoload?,class,class_eval,class_exec,class_variable_defined?,class_variable_get,class_variable_set,class_variables,clone,const_defined?,const_get,const_missing,const_set,const_source_location,constants,define_method,define_singleton_method,deprecate_constant,display,dup,enum_for,eql?,equal?,exception,extend,freeze,frozen?,hash,include,include?,included_modules,inspect,instance_eval,instance_exec,instance_method,instance_methods,instance_of?,instance_variable_defined?,instance_variable_get,instance_variable_set,instance_variables,is_a?,itself,kind_of?,method,method_defined?,methods,module_eval,module_exec,name,new,nil?,object_id,prepend,private_class_method,private_constant,private_instance_methods,private_method_defined?,private_methods,protected_instance_methods,protected_method_defined?,protected_methods,public_class_method,public_constant,public_instance_method,public_instance_methods,public_method,public_method_defined?,public_methods,public_send,refinements,remove_class_variable,remove_instance_variable,remove_method,respond_to?,send,set_temporary_name,singleton_class,singleton_class?,singleton_method,singleton_methods,subclasses,superclass,tap,then,to_enum,to_s,to_tty?,undef_method,undefined_instance_methods,yield_self
Errno::ERANGE	P	Array,Complex,Float,Hash,Integer,Pathname,Rational,String,__callee__,__dir__,__method__,`,abort,at_exit,autoload,autoload?,binding,block_given?,caller,caller_locations,catch,eval,exec,exit,exit!,fail,fork,format,gets,global_variables,initialize,initialize_clone,initialize_copy,initialize_dup,instance_variables_to_inspect,iterator?,lambda,load,local_variables,loop,method_missing,open,p,pp,print,printf,proc,putc,puts,raise,rand,readline,readlines,require,require_relative,respond_to_missing?,select,set_trace_func,singleton_method_added,singleton_method_removed,singleton_method_undefined,sleep,spawn,sprintf,srand,syscall,system,test,throw,trace_var,trap,untrace_var,warn
Errno::EREMOTE	i	
Errno::EREMOTE	s	
Errno::EREMOTE	p	
Errno::EREMOTE	c	Errno
Errno::EREMOTE	I	!,!=,!~,<=>,==,===,__id__,__send__,backtrace,backtrace_locations,cause,class,clone,define_singleton_method,detailed_message,display,dup,enum_for,eql?,equal?,errno,exception,extend,freeze,frozen?,full_message,hash,inspect,instance_eval,instance_exec,instance_of?,instance_variable_defined?,instance_variable_get,instance_variable_set,instance_variables,is_a?,itself,kind_of?,message,method,methods,nil?,object_id,private_methods,protected_methods,public_method,public_methods,public_send,remove_instance_variable,respond_to?,send,set_backtrace,singleton_class,singleton_method,singleton_methods,tap,then,to_enum,to_s,yield_self
Errno::EREMOTE	S	!,!=,!~,<,<=,<=>,==,===,>,>=,__id__,__send__,alias_method,allocate,ancestors,attached_object,attr,attr_accessor,attr_reader,attr_writer,autoload,autoload?,class,class_eval,class_exec,class_variable_defined?,class_variable_get,class_variable_set,class_variables,clone,const_defined?,const_get,const_missing,const_set,const_source_location,constants,define_method,define_singleton_method,deprecate_constant,display,dup,enum_for,eql?,equal?,exception,extend,freeze,frozen?,hash,include,include?,included_modules,inspect,instance_eval,instance_exec,instance_method,instance_methods,instance_of?,instance_variable_defined?,instance_variable_get,instance_variable_set,instance_variables,is_a?,itself,kind_of?,method,method_defined?,methods,module_eval,module_exec,name,new,nil?,object_id,prepend,private_class_method,private_constant,private_instance_methods,private_method_defined?,private_methods,protected_instance_methods,protected_method_defined?,protected_methods,public_class_method,public_constant,public_instance_method,public_instance_methods,public_method,public_method_defined?,public_methods,public_send,refinements,remove_class_variable,remove_instance_variable,remove_method,respond_to?,send,set_temporary_name,singleton_class,singleton_class?,singleton_method,singleton_methods,subclasses,superclass,tap,then,to_enum,to_s,to_tty?,undef_method,undefined_instance_methods,yield_self
Errno::EREMOTE	P	Array,Complex,Float,Hash,Integer,Pathname,Rational,String,__callee__,__dir__,__method__,`,abort,at_exit,autoload,autoload?,binding,block_given?,caller,caller_locations,catch,eval,exec,exit,exit!,fail,fork,format,gets,global_variables,initialize,initialize_clone,initialize_copy,initialize_dup,instance_variables_to_inspect,iterator?,lambda,load,local_variables,loop,method_missing,open,p,pp,print,printf,proc,putc,puts,raise,rand,readline,readlines,require,require_relative,respond_to_missing?,select,set_trace_func,singleton_method_added,singleton_method_removed,singleton_method_undefined,sleep,spawn,sprintf,srand,syscall,system,test,throw,trace_var,trap,untrace_var,warn
Errno::EROFS	i	
Errno::EROFS	s	
Errno::EROFS	p	
Errno::EROFS	c	Errno
Errno::EROFS	I	!,!=,!~,<=>,==,===,__id__,__send__,backtrace,backtrace_locations,cause,class,clone,define_singleton_method,detailed_message,display,dup,enum_for,eql?,equal?,errno,exception,extend,freeze,frozen?,full_message,hash,inspect,instance_eval,instance_exec,instance_of?,instance_variable_defined?,instance_variable_get,instance_variable_set,instance_variables,is_a?,itself,kind_of?,message,method,methods,nil?,object_id,private_methods,protected_methods,public_method,public_methods,public_send,remove_instance_variable,respond_to?,send,set_backtrace,singleton_class,singleton_method,singleton_methods,tap,then,to_enum,to_s,yield_self
Errno::EROFS	S	!,!=,!~,<,<=,<=>,==,===,>,>=,__id__,__send__,alias_method,allocate,ancestors,attached_object,attr,attr_accessor,attr_reader,attr_writer,autoload,autoload?,class,class_eval,class_exec,class_variable_defined?,class_variable_get,class_variable_set,class_variables,clone,const_defined?,const_get,const_missing,const_set,const_source_location,constants,define_method,define_singleton_method,deprecate_constant,display,dup,enum_for,eql?,equal?,exception,extend,freeze,frozen?,hash,include,include?,included_modules,inspect,instance_eval,instance_exec,instance_method,instance_methods,instance_of?,instance_variable_defined?,instance_variable_get,instance_variable_set,instance_variables,is_a?,itself,kind_of?,method,method_defined?,methods,module_eval,module_exec,name,new,nil?,object_id,prepend,private_class_method,private_constant,private_instance_methods,private_method_defined?,private_methods,protected_instance_methods,protected_method_defined?,protected_methods,public_class_method,public_constant,public_instance_method,public_instance_methods,public_method,public_method_defined?,public_methods,public_send,refinements,remove_class_variable,remove_instance_variable,remove_method,respond_to?,send,set_temporary_name,singleton_class,singleton_class?,singleton_method,singleton_methods,subclasses,superclass,tap,then,to_enum,to_s,to_tty?,undef_method,undefined_instance_methods,yield_self
Errno::EROFS	P	Array,Complex,Float,Hash,Integer,Pathname,Rational,String,__callee__,__dir__,__method__,`,abort,at_exit,autoload,autoload?,binding,block_given?,caller,caller_locations,catch,eval,exec,exit,exit!,fail,fork,format,gets,global_variables,initialize,initialize_clone,initialize_copy,initialize_dup,instance_variables_to_inspect,iterator?,lambda,load,local_variables,loop,method_missing,open,p,pp,print,printf,proc,putc,puts,raise,rand,readline,readlines,require,require_relative,respond_to_missing?,select,set_trace_func,singleton_method_added,singleton_method_removed,singleton_method_undefined,sleep,spawn,sprintf,srand,syscall,system,test,throw,trace_var,trap,untrace_var,warn
Errno::ERPCMISMATCH	i	
Errno::ERPCMISMATCH	s	
Errno::ERPCMISMATCH	p	
Errno::ERPCMISMATCH	c	Errno
Errno::ERPCMISMATCH	I	!,!=,!~,<=>,==,===,__id__,__send__,backtrace,backtrace_locations,cause,class,clone,define_singleton_method,detailed_message,display,dup,enum_for,eql?,equal?,errno,exception,extend,freeze,frozen?,full_message,hash,inspect,instance_eval,instance_exec,instance_of?,instance_variable_defined?,instance_variable_get,instance_variable_set,instance_variables,is_a?,itself,kind_of?,message,method,methods,nil?,object_id,private_methods,protected_methods,public_method,public_methods,public_send,remove_instance_variable,respond_to?,send,set_backtrace,singleton_class,singleton_method,singleton_methods,tap,then,to_enum,to_s,yield_self
Errno::ERPCMISMATCH	S	!,!=,!~,<,<=,<=>,==,===,>,>=,__id__,__send__,alias_method,allocate,ancestors,attached_object,attr,attr_accessor,attr_reader,attr_writer,autoload,autoload?,class,class_eval,class_exec,class_variable_defined?,class_variable_get,class_variable_set,class_variables,clone,const_defined?,const_get,const_missing,const_set,const_source_location,constants,define_method,define_singleton_method,deprecate_constant,display,dup,enum_for,eql?,equal?,exception,extend,freeze,frozen?,hash,include,include?,included_modules,inspect,instance_eval,instance_exec,instance_method,instance_methods,instance_of?,instance_variable_defined?,instance_variable_get,instance_variable_set,instance_variables,is_a?,itself,kind_of?,method,method_defined?,methods,module_eval,module_exec,name,new,nil?,object_id,prepend,private_class_method,private_constant,private_instance_methods,private_method_defined?,private_methods,protected_instance_methods,protected_method_defined?,protected_methods,public_class_method,public_constant,public_instance_method,public_instance_methods,public_method,public_method_defined?,public_methods,public_send,refinements,remove_class_variable,remove_instance_variable,remove_method,respond_to?,send,set_temporary_name,singleton_class,singleton_class?,singleton_method,singleton_methods,subclasses,superclass,tap,then,to_enum,to_s,to_tty?,undef_method,undefined_instance_methods,yield_self
Errno::ERPCMISMATCH	P	Array,Complex,Float,Hash,Integer,Pathname,Rational,String,__callee__,__dir__,__method__,`,abort,at_exit,autoload,autoload?,binding,block_given?,caller,caller_locations,catch,eval,exec,exit,exit!,fail,fork,format,gets,global_variables,initialize,initialize_clone,initialize_copy,initialize_dup,instance_variables_to_inspect,iterator?,lambda,load,local_variables,loop,method_missing,open,p,pp,print,printf,proc,putc,puts,raise,rand,readline,readlines,require,require_relative,respond_to_missing?,select,set_trace_func,singleton_method_added,singleton_method_removed,singleton_method_undefined,sleep,spawn,sprintf,srand,syscall,system,test,throw,trace_var,trap,untrace_var,warn
Errno::ESHLIBVERS	i	
Errno::ESHLIBVERS	s	
Errno::ESHLIBVERS	p	
Errno::ESHLIBVERS	c	Errno
Errno::ESHLIBVERS	I	!,!=,!~,<=>,==,===,__id__,__send__,backtrace,backtrace_locations,cause,class,clone,define_singleton_method,detailed_message,display,dup,enum_for,eql?,equal?,errno,exception,extend,freeze,frozen?,full_message,hash,inspect,instance_eval,instance_exec,instance_of?,instance_variable_defined?,instance_variable_get,instance_variable_set,instance_variables,is_a?,itself,kind_of?,message,method,methods,nil?,object_id,private_methods,protected_methods,public_method,public_methods,public_send,remove_instance_variable,respond_to?,send,set_backtrace,singleton_class,singleton_method,singleton_methods,tap,then,to_enum,to_s,yield_self
Errno::ESHLIBVERS	S	!,!=,!~,<,<=,<=>,==,===,>,>=,__id__,__send__,alias_method,allocate,ancestors,attached_object,attr,attr_accessor,attr_reader,attr_writer,autoload,autoload?,class,class_eval,class_exec,class_variable_defined?,class_variable_get,class_variable_set,class_variables,clone,const_defined?,const_get,const_missing,const_set,const_source_location,constants,define_method,define_singleton_method,deprecate_constant,display,dup,enum_for,eql?,equal?,exception,extend,freeze,frozen?,hash,include,include?,included_modules,inspect,instance_eval,instance_exec,instance_method,instance_methods,instance_of?,instance_variable_defined?,instance_variable_get,instance_variable_set,instance_variables,is_a?,itself,kind_of?,method,method_defined?,methods,module_eval,module_exec,name,new,nil?,object_id,prepend,private_class_method,private_constant,private_instance_methods,private_method_defined?,private_methods,protected_instance_methods,protected_method_defined?,protected_methods,public_class_method,public_constant,public_instance_method,public_instance_methods,public_method,public_method_defined?,public_methods,public_send,refinements,remove_class_variable,remove_instance_variable,remove_method,respond_to?,send,set_temporary_name,singleton_class,singleton_class?,singleton_method,singleton_methods,subclasses,superclass,tap,then,to_enum,to_s,to_tty?,undef_method,undefined_instance_methods,yield_self
Errno::ESHLIBVERS	P	Array,Complex,Float,Hash,Integer,Pathname,Rational,String,__callee__,__dir__,__method__,`,abort,at_exit,autoload,autoload?,binding,block_given?,caller,caller_locations,catch,eval,exec,exit,exit!,fail,fork,format,gets,global_variables,initialize,initialize_clone,initialize_copy,initialize_dup,instance_variables_to_inspect,iterator?,lambda,load,local_variables,loop,method_missing,open,p,pp,print,printf,proc,putc,puts,raise,rand,readline,readlines,require,require_relative,respond_to_missing?,select,set_trace_func,singleton_method_added,singleton_method_removed,singleton_method_undefined,sleep,spawn,sprintf,srand,syscall,system,test,throw,trace_var,trap,untrace_var,warn
Errno::ESHUTDOWN	i	
Errno::ESHUTDOWN	s	
Errno::ESHUTDOWN	p	
Errno::ESHUTDOWN	c	Errno
Errno::ESHUTDOWN	I	!,!=,!~,<=>,==,===,__id__,__send__,backtrace,backtrace_locations,cause,class,clone,define_singleton_method,detailed_message,display,dup,enum_for,eql?,equal?,errno,exception,extend,freeze,frozen?,full_message,hash,inspect,instance_eval,instance_exec,instance_of?,instance_variable_defined?,instance_variable_get,instance_variable_set,instance_variables,is_a?,itself,kind_of?,message,method,methods,nil?,object_id,private_methods,protected_methods,public_method,public_methods,public_send,remove_instance_variable,respond_to?,send,set_backtrace,singleton_class,singleton_method,singleton_methods,tap,then,to_enum,to_s,yield_self
Errno::ESHUTDOWN	S	!,!=,!~,<,<=,<=>,==,===,>,>=,__id__,__send__,alias_method,allocate,ancestors,attached_object,attr,attr_accessor,attr_reader,attr_writer,autoload,autoload?,class,class_eval,class_exec,class_variable_defined?,class_variable_get,class_variable_set,class_variables,clone,const_defined?,const_get,const_missing,const_set,const_source_location,constants,define_method,define_singleton_method,deprecate_constant,display,dup,enum_for,eql?,equal?,exception,extend,freeze,frozen?,hash,include,include?,included_modules,inspect,instance_eval,instance_exec,instance_method,instance_methods,instance_of?,instance_variable_defined?,instance_variable_get,instance_variable_set,instance_variables,is_a?,itself,kind_of?,method,method_defined?,methods,module_eval,module_exec,name,new,nil?,object_id,prepend,private_class_method,private_constant,private_instance_methods,private_method_defined?,private_methods,protected_instance_methods,protected_method_defined?,protected_methods,public_class_method,public_constant,public_instance_method,public_instance_methods,public_method,public_method_defined?,public_methods,public_send,refinements,remove_class_variable,remove_instance_variable,remove_method,respond_to?,send,set_temporary_name,singleton_class,singleton_class?,singleton_method,singleton_methods,subclasses,superclass,tap,then,to_enum,to_s,to_tty?,undef_method,undefined_instance_methods,yield_self
Errno::ESHUTDOWN	P	Array,Complex,Float,Hash,Integer,Pathname,Rational,String,__callee__,__dir__,__method__,`,abort,at_exit,autoload,autoload?,binding,block_given?,caller,caller_locations,catch,eval,exec,exit,exit!,fail,fork,format,gets,global_variables,initialize,initialize_clone,initialize_copy,initialize_dup,instance_variables_to_inspect,iterator?,lambda,load,local_variables,loop,method_missing,open,p,pp,print,printf,proc,putc,puts,raise,rand,readline,readlines,require,require_relative,respond_to_missing?,select,set_trace_func,singleton_method_added,singleton_method_removed,singleton_method_undefined,sleep,spawn,sprintf,srand,syscall,system,test,throw,trace_var,trap,untrace_var,warn
Errno::ESOCKTNOSUPPORT	i	
Errno::ESOCKTNOSUPPORT	s	
Errno::ESOCKTNOSUPPORT	p	
Errno::ESOCKTNOSUPPORT	c	Errno
Errno::ESOCKTNOSUPPORT	I	!,!=,!~,<=>,==,===,__id__,__send__,backtrace,backtrace_locations,cause,class,clone,define_singleton_method,detailed_message,display,dup,enum_for,eql?,equal?,errno,exception,extend,freeze,frozen?,full_message,hash,inspect,instance_eval,instance_exec,instance_of?,instance_variable_defined?,instance_variable_get,instance_variable_set,instance_variables,is_a?,itself,kind_of?,message,method,methods,nil?,object_id,private_methods,protected_methods,public_method,public_methods,public_send,remove_instance_variable,respond_to?,send,set_backtrace,singleton_class,singleton_method,singleton_methods,tap,then,to_enum,to_s,yield_self
Errno::ESOCKTNOSUPPORT	S	!,!=,!~,<,<=,<=>,==,===,>,>=,__id__,__send__,alias_method,allocate,ancestors,attached_object,attr,attr_accessor,attr_reader,attr_writer,autoload,autoload?,class,class_eval,class_exec,class_variable_defined?,class_variable_get,class_variable_set,class_variables,clone,const_defined?,const_get,const_missing,const_set,const_source_location,constants,define_method,define_singleton_method,deprecate_constant,display,dup,enum_for,eql?,equal?,exception,extend,freeze,frozen?,hash,include,include?,included_modules,inspect,instance_eval,instance_exec,instance_method,instance_methods,instance_of?,instance_variable_defined?,instance_variable_get,instance_variable_set,instance_variables,is_a?,itself,kind_of?,method,method_defined?,methods,module_eval,module_exec,name,new,nil?,object_id,prepend,private_class_method,private_constant,private_instance_methods,private_method_defined?,private_methods,protected_instance_methods,protected_method_defined?,protected_methods,public_class_method,public_constant,public_instance_method,public_instance_methods,public_method,public_method_defined?,public_methods,public_send,refinements,remove_class_variable,remove_instance_variable,remove_method,respond_to?,send,set_temporary_name,singleton_class,singleton_class?,singleton_method,singleton_methods,subclasses,superclass,tap,then,to_enum,to_s,to_tty?,undef_method,undefined_instance_methods,yield_self
Errno::ESOCKTNOSUPPORT	P	Array,Complex,Float,Hash,Integer,Pathname,Rational,String,__callee__,__dir__,__method__,`,abort,at_exit,autoload,autoload?,binding,block_given?,caller,caller_locations,catch,eval,exec,exit,exit!,fail,fork,format,gets,global_variables,initialize,initialize_clone,initialize_copy,initialize_dup,instance_variables_to_inspect,iterator?,lambda,load,local_variables,loop,method_missing,open,p,pp,print,printf,proc,putc,puts,raise,rand,readline,readlines,require,require_relative,respond_to_missing?,select,set_trace_func,singleton_method_added,singleton_method_removed,singleton_method_undefined,sleep,spawn,sprintf,srand,syscall,system,test,throw,trace_var,trap,untrace_var,warn
Errno::ESPIPE	i	
Errno::ESPIPE	s	
Errno::ESPIPE	p	
Errno::ESPIPE	c	Errno
Errno::ESPIPE	I	!,!=,!~,<=>,==,===,__id__,__send__,backtrace,backtrace_locations,cause,class,clone,define_singleton_method,detailed_message,display,dup,enum_for,eql?,equal?,errno,exception,extend,freeze,frozen?,full_message,hash,inspect,instance_eval,instance_exec,instance_of?,instance_variable_defined?,instance_variable_get,instance_variable_set,instance_variables,is_a?,itself,kind_of?,message,method,methods,nil?,object_id,private_methods,protected_methods,public_method,public_methods,public_send,remove_instance_variable,respond_to?,send,set_backtrace,singleton_class,singleton_method,singleton_methods,tap,then,to_enum,to_s,yield_self
Errno::ESPIPE	S	!,!=,!~,<,<=,<=>,==,===,>,>=,__id__,__send__,alias_method,allocate,ancestors,attached_object,attr,attr_accessor,attr_reader,attr_writer,autoload,autoload?,class,class_eval,class_exec,class_variable_defined?,class_variable_get,class_variable_set,class_variables,clone,const_defined?,const_get,const_missing,const_set,const_source_location,constants,define_method,define_singleton_method,deprecate_constant,display,dup,enum_for,eql?,equal?,exception,extend,freeze,frozen?,hash,include,include?,included_modules,inspect,instance_eval,instance_exec,instance_method,instance_methods,instance_of?,instance_variable_defined?,instance_variable_get,instance_variable_set,instance_variables,is_a?,itself,kind_of?,method,method_defined?,methods,module_eval,module_exec,name,new,nil?,object_id,prepend,private_class_method,private_constant,private_instance_methods,private_method_defined?,private_methods,protected_instance_methods,protected_method_defined?,protected_methods,public_class_method,public_constant,public_instance_method,public_instance_methods,public_method,public_method_defined?,public_methods,public_send,refinements,remove_class_variable,remove_instance_variable,remove_method,respond_to?,send,set_temporary_name,singleton_class,singleton_class?,singleton_method,singleton_methods,subclasses,superclass,tap,then,to_enum,to_s,to_tty?,undef_method,undefined_instance_methods,yield_self
Errno::ESPIPE	P	Array,Complex,Float,Hash,Integer,Pathname,Rational,String,__callee__,__dir__,__method__,`,abort,at_exit,autoload,autoload?,binding,block_given?,caller,caller_locations,catch,eval,exec,exit,exit!,fail,fork,format,gets,global_variables,initialize,initialize_clone,initialize_copy,initialize_dup,instance_variables_to_inspect,iterator?,lambda,load,local_variables,loop,method_missing,open,p,pp,print,printf,proc,putc,puts,raise,rand,readline,readlines,require,require_relative,respond_to_missing?,select,set_trace_func,singleton_method_added,singleton_method_removed,singleton_method_undefined,sleep,spawn,sprintf,srand,syscall,system,test,throw,trace_var,trap,untrace_var,warn
Errno::ESRCH	i	
Errno::ESRCH	s	
Errno::ESRCH	p	
Errno::ESRCH	c	Errno
Errno::ESRCH	I	!,!=,!~,<=>,==,===,__id__,__send__,backtrace,backtrace_locations,cause,class,clone,define_singleton_method,detailed_message,display,dup,enum_for,eql?,equal?,errno,exception,extend,freeze,frozen?,full_message,hash,inspect,instance_eval,instance_exec,instance_of?,instance_variable_defined?,instance_variable_get,instance_variable_set,instance_variables,is_a?,itself,kind_of?,message,method,methods,nil?,object_id,private_methods,protected_methods,public_method,public_methods,public_send,remove_instance_variable,respond_to?,send,set_backtrace,singleton_class,singleton_method,singleton_methods,tap,then,to_enum,to_s,yield_self
Errno::ESRCH	S	!,!=,!~,<,<=,<=>,==,===,>,>=,__id__,__send__,alias_method,allocate,ancestors,attached_object,attr,attr_accessor,attr_reader,attr_writer,autoload,autoload?,class,class_eval,class_exec,class_variable_defined?,class_variable_get,class_variable_set,class_variables,clone,const_defined?,const_get,const_missing,const_set,const_source_location,constants,define_method,define_singleton_method,deprecate_constant,display,dup,enum_for,eql?,equal?,exception,extend,freeze,frozen?,hash,include,include?,included_modules,inspect,instance_eval,instance_exec,instance_method,instance_methods,instance_of?,instance_variable_defined?,instance_variable_get,instance_variable_set,instance_variables,is_a?,itself,kind_of?,method,method_defined?,methods,module_eval,module_exec,name,new,nil?,object_id,prepend,private_class_method,private_constant,private_instance_methods,private_method_defined?,private_methods,protected_instance_methods,protected_method_defined?,protected_methods,public_class_method,public_constant,public_instance_method,public_instance_methods,public_method,public_method_defined?,public_methods,public_send,refinements,remove_class_variable,remove_instance_variable,remove_method,respond_to?,send,set_temporary_name,singleton_class,singleton_class?,singleton_method,singleton_methods,subclasses,superclass,tap,then,to_enum,to_s,to_tty?,undef_method,undefined_instance_methods,yield_self
Errno::ESRCH	P	Array,Complex,Float,Hash,Integer,Pathname,Rational,String,__callee__,__dir__,__method__,`,abort,at_exit,autoload,autoload?,binding,block_given?,caller,caller_locations,catch,eval,exec,exit,exit!,fail,fork,format,gets,global_variables,initialize,initialize_clone,initialize_copy,initialize_dup,instance_variables_to_inspect,iterator?,lambda,load,local_variables,loop,method_missing,open,p,pp,print,printf,proc,putc,puts,raise,rand,readline,readlines,require,require_relative,respond_to_missing?,select,set_trace_func,singleton_method_added,singleton_method_removed,singleton_method_undefined,sleep,spawn,sprintf,srand,syscall,system,test,throw,trace_var,trap,untrace_var,warn
Errno::ESTALE	i	
Errno::ESTALE	s	
Errno::ESTALE	p	
Errno::ESTALE	c	Errno
Errno::ESTALE	I	!,!=,!~,<=>,==,===,__id__,__send__,backtrace,backtrace_locations,cause,class,clone,define_singleton_method,detailed_message,display,dup,enum_for,eql?,equal?,errno,exception,extend,freeze,frozen?,full_message,hash,inspect,instance_eval,instance_exec,instance_of?,instance_variable_defined?,instance_variable_get,instance_variable_set,instance_variables,is_a?,itself,kind_of?,message,method,methods,nil?,object_id,private_methods,protected_methods,public_method,public_methods,public_send,remove_instance_variable,respond_to?,send,set_backtrace,singleton_class,singleton_method,singleton_methods,tap,then,to_enum,to_s,yield_self
Errno::ESTALE	S	!,!=,!~,<,<=,<=>,==,===,>,>=,__id__,__send__,alias_method,allocate,ancestors,attached_object,attr,attr_accessor,attr_reader,attr_writer,autoload,autoload?,class,class_eval,class_exec,class_variable_defined?,class_variable_get,class_variable_set,class_variables,clone,const_defined?,const_get,const_missing,const_set,const_source_location,constants,define_method,define_singleton_method,deprecate_constant,display,dup,enum_for,eql?,equal?,exception,extend,freeze,frozen?,hash,include,include?,included_modules,inspect,instance_eval,instance_exec,instance_method,instance_methods,instance_of?,instance_variable_defined?,instance_variable_get,instance_variable_set,instance_variables,is_a?,itself,kind_of?,method,method_defined?,methods,module_eval,module_exec,name,new,nil?,object_id,prepend,private_class_method,private_constant,private_instance_methods,private_method_defined?,private_methods,protected_instance_methods,protected_method_defined?,protected_methods,public_class_method,public_constant,public_instance_method,public_instance_methods,public_method,public_method_defined?,public_methods,public_send,refinements,remove_class_variable,remove_instance_variable,remove_method,respond_to?,send,set_temporary_name,singleton_class,singleton_class?,singleton_method,singleton_methods,subclasses,superclass,tap,then,to_enum,to_s,to_tty?,undef_method,undefined_instance_methods,yield_self
Errno::ESTALE	P	Array,Complex,Float,Hash,Integer,Pathname,Rational,String,__callee__,__dir__,__method__,`,abort,at_exit,autoload,autoload?,binding,block_given?,caller,caller_locations,catch,eval,exec,exit,exit!,fail,fork,format,gets,global_variables,initialize,initialize_clone,initialize_copy,initialize_dup,instance_variables_to_inspect,iterator?,lambda,load,local_variables,loop,method_missing,open,p,pp,print,printf,proc,putc,puts,raise,rand,readline,readlines,require,require_relative,respond_to_missing?,select,set_trace_func,singleton_method_added,singleton_method_removed,singleton_method_undefined,sleep,spawn,sprintf,srand,syscall,system,test,throw,trace_var,trap,untrace_var,warn
Errno::ETIME	i	
Errno::ETIME	s	
Errno::ETIME	p	
Errno::ETIME	c	Errno
Errno::ETIME	I	!,!=,!~,<=>,==,===,__id__,__send__,backtrace,backtrace_locations,cause,class,clone,define_singleton_method,detailed_message,display,dup,enum_for,eql?,equal?,errno,exception,extend,freeze,frozen?,full_message,hash,inspect,instance_eval,instance_exec,instance_of?,instance_variable_defined?,instance_variable_get,instance_variable_set,instance_variables,is_a?,itself,kind_of?,message,method,methods,nil?,object_id,private_methods,protected_methods,public_method,public_methods,public_send,remove_instance_variable,respond_to?,send,set_backtrace,singleton_class,singleton_method,singleton_methods,tap,then,to_enum,to_s,yield_self
Errno::ETIME	S	!,!=,!~,<,<=,<=>,==,===,>,>=,__id__,__send__,alias_method,allocate,ancestors,attached_object,attr,attr_accessor,attr_reader,attr_writer,autoload,autoload?,class,class_eval,class_exec,class_variable_defined?,class_variable_get,class_variable_set,class_variables,clone,const_defined?,const_get,const_missing,const_set,const_source_location,constants,define_method,define_singleton_method,deprecate_constant,display,dup,enum_for,eql?,equal?,exception,extend,freeze,frozen?,hash,include,include?,included_modules,inspect,instance_eval,instance_exec,instance_method,instance_methods,instance_of?,instance_variable_defined?,instance_variable_get,instance_variable_set,instance_variables,is_a?,itself,kind_of?,method,method_defined?,methods,module_eval,module_exec,name,new,nil?,object_id,prepend,private_class_method,private_constant,private_instance_methods,private_method_defined?,private_methods,protected_instance_methods,protected_method_defined?,protected_methods,public_class_method,public_constant,public_instance_method,public_instance_methods,public_method,public_method_defined?,public_methods,public_send,refinements,remove_class_variable,remove_instance_variable,remove_method,respond_to?,send,set_temporary_name,singleton_class,singleton_class?,singleton_method,singleton_methods,subclasses,superclass,tap,then,to_enum,to_s,to_tty?,undef_method,undefined_instance_methods,yield_self
Errno::ETIME	P	Array,Complex,Float,Hash,Integer,Pathname,Rational,String,__callee__,__dir__,__method__,`,abort,at_exit,autoload,autoload?,binding,block_given?,caller,caller_locations,catch,eval,exec,exit,exit!,fail,fork,format,gets,global_variables,initialize,initialize_clone,initialize_copy,initialize_dup,instance_variables_to_inspect,iterator?,lambda,load,local_variables,loop,method_missing,open,p,pp,print,printf,proc,putc,puts,raise,rand,readline,readlines,require,require_relative,respond_to_missing?,select,set_trace_func,singleton_method_added,singleton_method_removed,singleton_method_undefined,sleep,spawn,sprintf,srand,syscall,system,test,throw,trace_var,trap,untrace_var,warn
Errno::ETIMEDOUT	i	
Errno::ETIMEDOUT	s	
Errno::ETIMEDOUT	p	
Errno::ETIMEDOUT	c	Errno
Errno::ETIMEDOUT	I	!,!=,!~,<=>,==,===,__id__,__send__,backtrace,backtrace_locations,cause,class,clone,define_singleton_method,detailed_message,display,dup,enum_for,eql?,equal?,errno,exception,extend,freeze,frozen?,full_message,hash,inspect,instance_eval,instance_exec,instance_of?,instance_variable_defined?,instance_variable_get,instance_variable_set,instance_variables,is_a?,itself,kind_of?,message,method,methods,nil?,object_id,private_methods,protected_methods,public_method,public_methods,public_send,remove_instance_variable,respond_to?,send,set_backtrace,singleton_class,singleton_method,singleton_methods,tap,then,to_enum,to_s,yield_self
Errno::ETIMEDOUT	S	!,!=,!~,<,<=,<=>,==,===,>,>=,__id__,__send__,alias_method,allocate,ancestors,attached_object,attr,attr_accessor,attr_reader,attr_writer,autoload,autoload?,class,class_eval,class_exec,class_variable_defined?,class_variable_get,class_variable_set,class_variables,clone,const_defined?,const_get,const_missing,const_set,const_source_location,constants,define_method,define_singleton_method,deprecate_constant,display,dup,enum_for,eql?,equal?,exception,extend,freeze,frozen?,hash,include,include?,included_modules,inspect,instance_eval,instance_exec,instance_method,instance_methods,instance_of?,instance_variable_defined?,instance_variable_get,instance_variable_set,instance_variables,is_a?,itself,kind_of?,method,method_defined?,methods,module_eval,module_exec,name,new,nil?,object_id,prepend,private_class_method,private_constant,private_instance_methods,private_method_defined?,private_methods,protected_instance_methods,protected_method_defined?,protected_methods,public_class_method,public_constant,public_instance_method,public_instance_methods,public_method,public_method_defined?,public_methods,public_send,refinements,remove_class_variable,remove_instance_variable,remove_method,respond_to?,send,set_temporary_name,singleton_class,singleton_class?,singleton_method,singleton_methods,subclasses,superclass,tap,then,to_enum,to_s,to_tty?,undef_method,undefined_instance_methods,yield_self
Errno::ETIMEDOUT	P	Array,Complex,Float,Hash,Integer,Pathname,Rational,String,__callee__,__dir__,__method__,`,abort,at_exit,autoload,autoload?,binding,block_given?,caller,caller_locations,catch,eval,exec,exit,exit!,fail,fork,format,gets,global_variables,initialize,initialize_clone,initialize_copy,initialize_dup,instance_variables_to_inspect,iterator?,lambda,load,local_variables,loop,method_missing,open,p,pp,print,printf,proc,putc,puts,raise,rand,readline,readlines,require,require_relative,respond_to_missing?,select,set_trace_func,singleton_method_added,singleton_method_removed,singleton_method_undefined,sleep,spawn,sprintf,srand,syscall,system,test,throw,trace_var,trap,untrace_var,warn
Errno::ETOOMANYREFS	i	
Errno::ETOOMANYREFS	s	
Errno::ETOOMANYREFS	p	
Errno::ETOOMANYREFS	c	Errno
Errno::ETOOMANYREFS	I	!,!=,!~,<=>,==,===,__id__,__send__,backtrace,backtrace_locations,cause,class,clone,define_singleton_method,detailed_message,display,dup,enum_for,eql?,equal?,errno,exception,extend,freeze,frozen?,full_message,hash,inspect,instance_eval,instance_exec,instance_of?,instance_variable_defined?,instance_variable_get,instance_variable_set,instance_variables,is_a?,itself,kind_of?,message,method,methods,nil?,object_id,private_methods,protected_methods,public_method,public_methods,public_send,remove_instance_variable,respond_to?,send,set_backtrace,singleton_class,singleton_method,singleton_methods,tap,then,to_enum,to_s,yield_self
Errno::ETOOMANYREFS	S	!,!=,!~,<,<=,<=>,==,===,>,>=,__id__,__send__,alias_method,allocate,ancestors,attached_object,attr,attr_accessor,attr_reader,attr_writer,autoload,autoload?,class,class_eval,class_exec,class_variable_defined?,class_variable_get,class_variable_set,class_variables,clone,const_defined?,const_get,const_missing,const_set,const_source_location,constants,define_method,define_singleton_method,deprecate_constant,display,dup,enum_for,eql?,equal?,exception,extend,freeze,frozen?,hash,include,include?,included_modules,inspect,instance_eval,instance_exec,instance_method,instance_methods,instance_of?,instance_variable_defined?,instance_variable_get,instance_variable_set,instance_variables,is_a?,itself,kind_of?,method,method_defined?,methods,module_eval,module_exec,name,new,nil?,object_id,prepend,private_class_method,private_constant,private_instance_methods,private_method_defined?,private_methods,protected_instance_methods,protected_method_defined?,protected_methods,public_class_method,public_constant,public_instance_method,public_instance_methods,public_method,public_method_defined?,public_methods,public_send,refinements,remove_class_variable,remove_instance_variable,remove_method,respond_to?,send,set_temporary_name,singleton_class,singleton_class?,singleton_method,singleton_methods,subclasses,superclass,tap,then,to_enum,to_s,to_tty?,undef_method,undefined_instance_methods,yield_self
Errno::ETOOMANYREFS	P	Array,Complex,Float,Hash,Integer,Pathname,Rational,String,__callee__,__dir__,__method__,`,abort,at_exit,autoload,autoload?,binding,block_given?,caller,caller_locations,catch,eval,exec,exit,exit!,fail,fork,format,gets,global_variables,initialize,initialize_clone,initialize_copy,initialize_dup,instance_variables_to_inspect,iterator?,lambda,load,local_variables,loop,method_missing,open,p,pp,print,printf,proc,putc,puts,raise,rand,readline,readlines,require,require_relative,respond_to_missing?,select,set_trace_func,singleton_method_added,singleton_method_removed,singleton_method_undefined,sleep,spawn,sprintf,srand,syscall,system,test,throw,trace_var,trap,untrace_var,warn
Errno::ETXTBSY	i	
Errno::ETXTBSY	s	
Errno::ETXTBSY	p	
Errno::ETXTBSY	c	Errno
Errno::ETXTBSY	I	!,!=,!~,<=>,==,===,__id__,__send__,backtrace,backtrace_locations,cause,class,clone,define_singleton_method,detailed_message,display,dup,enum_for,eql?,equal?,errno,exception,extend,freeze,frozen?,full_message,hash,inspect,instance_eval,instance_exec,instance_of?,instance_variable_defined?,instance_variable_get,instance_variable_set,instance_variables,is_a?,itself,kind_of?,message,method,methods,nil?,object_id,private_methods,protected_methods,public_method,public_methods,public_send,remove_instance_variable,respond_to?,send,set_backtrace,singleton_class,singleton_method,singleton_methods,tap,then,to_enum,to_s,yield_self
Errno::ETXTBSY	S	!,!=,!~,<,<=,<=>,==,===,>,>=,__id__,__send__,alias_method,allocate,ancestors,attached_object,attr,attr_accessor,attr_reader,attr_writer,autoload,autoload?,class,class_eval,class_exec,class_variable_defined?,class_variable_get,class_variable_set,class_variables,clone,const_defined?,const_get,const_missing,const_set,const_source_location,constants,define_method,define_singleton_method,deprecate_constant,display,dup,enum_for,eql?,equal?,exception,extend,freeze,frozen?,hash,include,include?,included_modules,inspect,instance_eval,instance_exec,instance_method,instance_methods,instance_of?,instance_variable_defined?,instance_variable_get,instance_variable_set,instance_variables,is_a?,itself,kind_of?,method,method_defined?,methods,module_eval,module_exec,name,new,nil?,object_id,prepend,private_class_method,private_constant,private_instance_methods,private_method_defined?,private_methods,protected_instance_methods,protected_method_defined?,protected_methods,public_class_method,public_constant,public_instance_method,public_instance_methods,public_method,public_method_defined?,public_methods,public_send,refinements,remove_class_variable,remove_instance_variable,remove_method,respond_to?,send,set_temporary_name,singleton_class,singleton_class?,singleton_method,singleton_methods,subclasses,superclass,tap,then,to_enum,to_s,to_tty?,undef_method,undefined_instance_methods,yield_self
Errno::ETXTBSY	P	Array,Complex,Float,Hash,Integer,Pathname,Rational,String,__callee__,__dir__,__method__,`,abort,at_exit,autoload,autoload?,binding,block_given?,caller,caller_locations,catch,eval,exec,exit,exit!,fail,fork,format,gets,global_variables,initialize,initialize_clone,initialize_copy,initialize_dup,instance_variables_to_inspect,iterator?,lambda,load,local_variables,loop,method_missing,open,p,pp,print,printf,proc,putc,puts,raise,rand,readline,readlines,require,require_relative,respond_to_missing?,select,set_trace_func,singleton_method_added,singleton_method_removed,singleton_method_undefined,sleep,spawn,sprintf,srand,syscall,system,test,throw,trace_var,trap,untrace_var,warn
Errno::EUSERS	i	
Errno::EUSERS	s	
Errno::EUSERS	p	
Errno::EUSERS	c	Errno
Errno::EUSERS	I	!,!=,!~,<=>,==,===,__id__,__send__,backtrace,backtrace_locations,cause,class,clone,define_singleton_method,detailed_message,display,dup,enum_for,eql?,equal?,errno,exception,extend,freeze,frozen?,full_message,hash,inspect,instance_eval,instance_exec,instance_of?,instance_variable_defined?,instance_variable_get,instance_variable_set,instance_variables,is_a?,itself,kind_of?,message,method,methods,nil?,object_id,private_methods,protected_methods,public_method,public_methods,public_send,remove_instance_variable,respond_to?,send,set_backtrace,singleton_class,singleton_method,singleton_methods,tap,then,to_enum,to_s,yield_self
Errno::EUSERS	S	!,!=,!~,<,<=,<=>,==,===,>,>=,__id__,__send__,alias_method,allocate,ancestors,attached_object,attr,attr_accessor,attr_reader,attr_writer,autoload,autoload?,class,class_eval,class_exec,class_variable_defined?,class_variable_get,class_variable_set,class_variables,clone,const_defined?,const_get,const_missing,const_set,const_source_location,constants,define_method,define_singleton_method,deprecate_constant,display,dup,enum_for,eql?,equal?,exception,extend,freeze,frozen?,hash,include,include?,included_modules,inspect,instance_eval,instance_exec,instance_method,instance_methods,instance_of?,instance_variable_defined?,instance_variable_get,instance_variable_set,instance_variables,is_a?,itself,kind_of?,method,method_defined?,methods,module_eval,module_exec,name,new,nil?,object_id,prepend,private_class_method,private_constant,private_instance_methods,private_method_defined?,private_methods,protected_instance_methods,protected_method_defined?,protected_methods,public_class_method,public_constant,public_instance_method,public_instance_methods,public_method,public_method_defined?,public_methods,public_send,refinements,remove_class_variable,remove_instance_variable,remove_method,respond_to?,send,set_temporary_name,singleton_class,singleton_class?,singleton_method,singleton_methods,subclasses,superclass,tap,then,to_enum,to_s,to_tty?,undef_method,undefined_instance_methods,yield_self
Errno::EUSERS	P	Array,Complex,Float,Hash,Integer,Pathname,Rational,String,__callee__,__dir__,__method__,`,abort,at_exit,autoload,autoload?,binding,block_given?,caller,caller_locations,catch,eval,exec,exit,exit!,fail,fork,format,gets,global_variables,initialize,initialize_clone,initialize_copy,initialize_dup,instance_variables_to_inspect,iterator?,lambda,load,local_variables,loop,method_missing,open,p,pp,print,printf,proc,putc,puts,raise,rand,readline,readlines,require,require_relative,respond_to_missing?,select,set_trace_func,singleton_method_added,singleton_method_removed,singleton_method_undefined,sleep,spawn,sprintf,srand,syscall,system,test,throw,trace_var,trap,untrace_var,warn
Errno::EXDEV	i	
Errno::EXDEV	s	
Errno::EXDEV	p	
Errno::EXDEV	c	Errno
Errno::EXDEV	I	!,!=,!~,<=>,==,===,__id__,__send__,backtrace,backtrace_locations,cause,class,clone,define_singleton_method,detailed_message,display,dup,enum_for,eql?,equal?,errno,exception,extend,freeze,frozen?,full_message,hash,inspect,instance_eval,instance_exec,instance_of?,instance_variable_defined?,instance_variable_get,instance_variable_set,instance_variables,is_a?,itself,kind_of?,message,method,methods,nil?,object_id,private_methods,protected_methods,public_method,public_methods,public_send,remove_instance_variable,respond_to?,send,set_backtrace,singleton_class,singleton_method,singleton_methods,tap,then,to_enum,to_s,yield_self
Errno::EXDEV	S	!,!=,!~,<,<=,<=>,==,===,>,>=,__id__,__send__,alias_method,allocate,ancestors,attached_object,attr,attr_accessor,attr_reader,attr_writer,autoload,autoload?,class,class_eval,class_exec,class_variable_defined?,class_variable_get,class_variable_set,class_variables,clone,const_defined?,const_get,const_missing,const_set,const_source_location,constants,define_method,define_singleton_method,deprecate_constant,display,dup,enum_for,eql?,equal?,exception,extend,freeze,frozen?,hash,include,include?,included_modules,inspect,instance_eval,instance_exec,instance_method,instance_methods,instance_of?,instance_variable_defined?,instance_variable_get,instance_variable_set,instance_variables,is_a?,itself,kind_of?,method,method_defined?,methods,module_eval,module_exec,name,new,nil?,object_id,prepend,private_class_method,private_constant,private_instance_methods,private_method_defined?,private_methods,protected_instance_methods,protected_method_defined?,protected_methods,public_class_method,public_constant,public_instance_method,public_instance_methods,public_method,public_method_defined?,public_methods,public_send,refinements,remove_class_variable,remove_instance_variable,remove_method,respond_to?,send,set_temporary_name,singleton_class,singleton_class?,singleton_method,singleton_methods,subclasses,superclass,tap,then,to_enum,to_s,to_tty?,undef_method,undefined_instance_methods,yield_self
Errno::EXDEV	P	Array,Complex,Float,Hash,Integer,Pathname,Rational,String,__callee__,__dir__,__method__,`,abort,at_exit,autoload,autoload?,binding,block_given?,caller,caller_locations,catch,eval,exec,exit,exit!,fail,fork,format,gets,global_variables,initialize,initialize_clone,initialize_copy,initialize_dup,instance_variables_to_inspect,iterator?,lambda,load,local_variables,loop,method_missing,open,p,pp,print,printf,proc,putc,puts,raise,rand,readline,readlines,require,require_relative,respond_to_missing?,select,set_trace_func,singleton_method_added,singleton_method_removed,singleton_method_undefined,sleep,spawn,sprintf,srand,syscall,system,test,throw,trace_var,trap,untrace_var,warn
Errno::NOERROR	i	
Errno::NOERROR	s	
Errno::NOERROR	p	
Errno::NOERROR	c	Errno
Errno::NOERROR	I	!,!=,!~,<=>,==,===,__id__,__send__,backtrace,backtrace_locations,cause,class,clone,define_singleton_method,detailed_message,display,dup,enum_for,eql?,equal?,errno,exception,extend,freeze,frozen?,full_message,hash,inspect,instance_eval,instance_exec,instance_of?,instance_variable_defined?,instance_variable_get,instance_variable_set,instance_variables,is_a?,itself,kind_of?,message,method,methods,nil?,object_id,private_methods,protected_methods,public_method,public_methods,public_send,remove_instance_variable,respond_to?,send,set_backtrace,singleton_class,singleton_method,singleton_methods,tap,then,to_enum,to_s,yield_self
Errno::NOERROR	S	!,!=,!~,<,<=,<=>,==,===,>,>=,__id__,__send__,alias_method,allocate,ancestors,attached_object,attr,attr_accessor,attr_reader,attr_writer,autoload,autoload?,class,class_eval,class_exec,class_variable_defined?,class_variable_get,class_variable_set,class_variables,clone,const_defined?,const_get,const_missing,const_set,const_source_location,constants,define_method,define_singleton_method,deprecate_constant,display,dup,enum_for,eql?,equal?,exception,extend,freeze,frozen?,hash,include,include?,included_modules,inspect,instance_eval,instance_exec,instance_method,instance_methods,instance_of?,instance_variable_defined?,instance_variable_get,instance_variable_set,instance_variables,is_a?,itself,kind_of?,method,method_defined?,methods,module_eval,module_exec,name,new,nil?,object_id,prepend,private_class_method,private_constant,private_instance_methods,private_method_defined?,private_methods,protected_instance_methods,protected_method_defined?,protected_methods,public_class_method,public_constant,public_instance_method,public_instance_methods,public_method,public_method_defined?,public_methods,public_send,refinements,remove_class_variable,remove_instance_variable,remove_method,respond_to?,send,set_temporary_name,singleton_class,singleton_class?,singleton_method,singleton_methods,subclasses,superclass,tap,then,to_enum,to_s,to_tty?,undef_method,undefined_instance_methods,yield_self
Errno::NOERROR	P	Array,Complex,Float,Hash,Integer,Pathname,Rational,String,__callee__,__dir__,__method__,`,abort,at_exit,autoload,autoload?,binding,block_given?,caller,caller_locations,catch,eval,exec,exit,exit!,fail,fork,format,gets,global_variables,initialize,initialize_clone,initialize_copy,initialize_dup,instance_variables_to_inspect,iterator?,lambda,load,local_variables,loop,method_missing,open,p,pp,print,printf,proc,putc,puts,raise,rand,readline,readlines,require,require_relative,respond_to_missing?,select,set_trace_func,singleton_method_added,singleton_method_removed,singleton_method_undefined,sleep,spawn,sprintf,srand,syscall,system,test,throw,trace_var,trap,untrace_var,warn
Exception	i	==,backtrace,backtrace_locations,cause,detailed_message,exception,full_message,inspect,message,respond_to?,set_backtrace,to_s
Exception	s	exception,to_tty?
Exception	p	initialize,method_missing,respond_to_missing?
Exception	c	
Exception	I	!,!=,!~,<=>,==,===,__id__,__send__,backtrace,backtrace_locations,cause,class,clone,define_singleton_method,detailed_message,display,dup,enum_for,eql?,equal?,exception,extend,freeze,frozen?,full_message,hash,inspect,instance_eval,instance_exec,instance_of?,instance_variable_defined?,instance_variable_get,instance_variable_set,instance_variables,is_a?,itself,kind_of?,message,method,methods,nil?,object_id,private_methods,protected_methods,public_method,public_methods,public_send,remove_instance_variable,respond_to?,send,set_backtrace,singleton_class,singleton_method,singleton_methods,tap,then,to_enum,to_s,yield_self
Exception	S	!,!=,!~,<,<=,<=>,==,===,>,>=,__id__,__send__,alias_method,allocate,ancestors,attached_object,attr,attr_accessor,attr_reader,attr_writer,autoload,autoload?,class,class_eval,class_exec,class_variable_defined?,class_variable_get,class_variable_set,class_variables,clone,const_defined?,const_get,const_missing,const_set,const_source_location,constants,define_method,define_singleton_method,deprecate_constant,display,dup,enum_for,eql?,equal?,exception,extend,freeze,frozen?,hash,include,include?,included_modules,inspect,instance_eval,instance_exec,instance_method,instance_methods,instance_of?,instance_variable_defined?,instance_variable_get,instance_variable_set,instance_variables,is_a?,itself,kind_of?,method,method_defined?,methods,module_eval,module_exec,name,new,nil?,object_id,prepend,private_class_method,private_constant,private_instance_methods,private_method_defined?,private_methods,protected_instance_methods,protected_method_defined?,protected_methods,public_class_method,public_constant,public_instance_method,public_instance_methods,public_method,public_method_defined?,public_methods,public_send,refinements,remove_class_variable,remove_instance_variable,remove_method,respond_to?,send,set_temporary_name,singleton_class,singleton_class?,singleton_method,singleton_methods,subclasses,superclass,tap,then,to_enum,to_s,to_tty?,undef_method,undefined_instance_methods,yield_self
Exception	P	Array,Complex,Float,Hash,Integer,Pathname,Rational,String,__callee__,__dir__,__method__,`,abort,at_exit,autoload,autoload?,binding,block_given?,caller,caller_locations,catch,eval,exec,exit,exit!,fail,fork,format,gets,global_variables,initialize,initialize_clone,initialize_copy,initialize_dup,instance_variables_to_inspect,iterator?,lambda,load,local_variables,loop,method_missing,open,p,pp,print,printf,proc,putc,puts,raise,rand,readline,readlines,require,require_relative,respond_to_missing?,select,set_trace_func,singleton_method_added,singleton_method_removed,singleton_method_undefined,sleep,spawn,sprintf,srand,syscall,system,test,throw,trace_var,trap,untrace_var,warn
FalseClass	i	&,===,^,inspect,to_s,|
FalseClass	s	
FalseClass	p	
FalseClass	c	
FalseClass	I	!,!=,!~,&,<=>,==,===,^,__id__,__send__,class,clone,define_singleton_method,display,dup,enum_for,eql?,equal?,extend,freeze,frozen?,hash,inspect,instance_eval,instance_exec,instance_of?,instance_variable_defined?,instance_variable_get,instance_variable_set,instance_variables,is_a?,itself,kind_of?,method,methods,nil?,object_id,private_methods,protected_methods,public_method,public_methods,public_send,remove_instance_variable,respond_to?,send,singleton_class,singleton_method,singleton_methods,tap,then,to_enum,to_s,yield_self,|
FalseClass	S	!,!=,!~,<,<=,<=>,==,===,>,>=,__id__,__send__,alias_method,allocate,ancestors,attached_object,attr,attr_accessor,attr_reader,attr_writer,autoload,autoload?,class,class_eval,class_exec,class_variable_defined?,class_variable_get,class_variable_set,class_variables,clone,const_defined?,const_get,const_missing,const_set,const_source_location,constants,define_method,define_singleton_method,deprecate_constant,display,dup,enum_for,eql?,equal?,extend,freeze,frozen?,hash,include,include?,included_modules,inspect,instance_eval,instance_exec,instance_method,instance_methods,instance_of?,instance_variable_defined?,instance_variable_get,instance_variable_set,instance_variables,is_a?,itself,kind_of?,method,method_defined?,methods,module_eval,module_exec,name,nil?,object_id,prepend,private_class_method,private_constant,private_instance_methods,private_method_defined?,private_methods,protected_instance_methods,protected_method_defined?,protected_methods,public_class_method,public_constant,public_instance_method,public_instance_methods,public_method,public_method_defined?,public_methods,public_send,refinements,remove_class_variable,remove_instance_variable,remove_method,respond_to?,send,set_temporary_name,singleton_class,singleton_class?,singleton_method,singleton_methods,subclasses,superclass,tap,then,to_enum,to_s,undef_method,undefined_instance_methods,yield_self
FalseClass	P	Array,Complex,Float,Hash,Integer,Pathname,Rational,String,__callee__,__dir__,__method__,`,abort,at_exit,autoload,autoload?,binding,block_given?,caller,caller_locations,catch,eval,exec,exit,exit!,fail,fork,format,gets,global_variables,initialize,initialize_clone,initialize_copy,initialize_dup,instance_variables_to_inspect,iterator?,lambda,load,local_variables,loop,method_missing,open,p,pp,print,printf,proc,putc,puts,raise,rand,readline,readlines,require,require_relative,respond_to_missing?,select,set_trace_func,singleton_method_added,singleton_method_removed,singleton_method_undefined,sleep,spawn,sprintf,srand,syscall,system,test,throw,trace_var,trap,untrace_var,warn
Fiber	i	alive?,backtrace,backtrace_locations,blocking?,inspect,kill,raise,resume,storage,storage=,to_s,transfer
Fiber	s	[],[]=,blocking,blocking?,current,current_scheduler,schedule,scheduler,set_scheduler,yield
Fiber	p	initialize
Fiber	c	
Fiber	I	!,!=,!~,<=>,==,===,__id__,__send__,alive?,backtrace,backtrace_locations,blocking?,class,clone,define_singleton_method,display,dup,enum_for,eql?,equal?,extend,freeze,frozen?,hash,inspect,instance_eval,instance_exec,instance_of?,instance_variable_defined?,instance_variable_get,instance_variable_set,instance_variables,is_a?,itself,kill,kind_of?,method,methods,nil?,object_id,private_methods,protected_methods,public_method,public_methods,public_send,raise,remove_instance_variable,respond_to?,resume,send,singleton_class,singleton_method,singleton_methods,storage,storage=,tap,then,to_enum,to_s,transfer,yield_self
Fiber	S	!,!=,!~,<,<=,<=>,==,===,>,>=,[],[]=,__id__,__send__,alias_method,allocate,ancestors,attached_object,attr,attr_accessor,attr_reader,attr_writer,autoload,autoload?,blocking,blocking?,class,class_eval,class_exec,class_variable_defined?,class_variable_get,class_variable_set,class_variables,clone,const_defined?,const_get,const_missing,const_set,const_source_location,constants,current,current_scheduler,define_method,define_singleton_method,deprecate_constant,display,dup,enum_for,eql?,equal?,extend,freeze,frozen?,hash,include,include?,included_modules,inspect,instance_eval,instance_exec,instance_method,instance_methods,instance_of?,instance_variable_defined?,instance_variable_get,instance_variable_set,instance_variables,is_a?,itself,kind_of?,method,method_defined?,methods,module_eval,module_exec,name,new,nil?,object_id,prepend,private_class_method,private_constant,private_instance_methods,private_method_defined?,private_methods,protected_instance_methods,protected_method_defined?,protected_methods,public_class_method,public_constant,public_instance_method,public_instance_methods,public_method,public_method_defined?,public_methods,public_send,refinements,remove_class_variable,remove_instance_variable,remove_method,respond_to?,schedule,scheduler,send,set_scheduler,set_temporary_name,singleton_class,singleton_class?,singleton_method,singleton_methods,subclasses,superclass,tap,then,to_enum,to_s,undef_method,undefined_instance_methods,yield,yield_self
Fiber	P	Array,Complex,Float,Hash,Integer,Pathname,Rational,String,__callee__,__dir__,__method__,`,abort,at_exit,autoload,autoload?,binding,block_given?,caller,caller_locations,catch,eval,exec,exit,exit!,fail,fork,format,gets,global_variables,initialize,initialize_clone,initialize_copy,initialize_dup,instance_variables_to_inspect,iterator?,lambda,load,local_variables,loop,method_missing,open,p,pp,print,printf,proc,putc,puts,rand,readline,readlines,require,require_relative,respond_to_missing?,select,set_trace_func,singleton_method_added,singleton_method_removed,singleton_method_undefined,sleep,spawn,sprintf,srand,syscall,system,test,throw,trace_var,trap,untrace_var,warn
FiberError	i	
FiberError	s	
FiberError	p	
FiberError	c	
FiberError	I	!,!=,!~,<=>,==,===,__id__,__send__,backtrace,backtrace_locations,cause,class,clone,define_singleton_method,detailed_message,display,dup,enum_for,eql?,equal?,exception,extend,freeze,frozen?,full_message,hash,inspect,instance_eval,instance_exec,instance_of?,instance_variable_defined?,instance_variable_get,instance_variable_set,instance_variables,is_a?,itself,kind_of?,message,method,methods,nil?,object_id,private_methods,protected_methods,public_method,public_methods,public_send,remove_instance_variable,respond_to?,send,set_backtrace,singleton_class,singleton_method,singleton_methods,tap,then,to_enum,to_s,yield_self
FiberError	S	!,!=,!~,<,<=,<=>,==,===,>,>=,__id__,__send__,alias_method,allocate,ancestors,attached_object,attr,attr_accessor,attr_reader,attr_writer,autoload,autoload?,class,class_eval,class_exec,class_variable_defined?,class_variable_get,class_variable_set,class_variables,clone,const_defined?,const_get,const_missing,const_set,const_source_location,constants,define_method,define_singleton_method,deprecate_constant,display,dup,enum_for,eql?,equal?,exception,extend,freeze,frozen?,hash,include,include?,included_modules,inspect,instance_eval,instance_exec,instance_method,instance_methods,instance_of?,instance_variable_defined?,instance_variable_get,instance_variable_set,instance_variables,is_a?,itself,kind_of?,method,method_defined?,methods,module_eval,module_exec,name,new,nil?,object_id,prepend,private_class_method,private_constant,private_instance_methods,private_method_defined?,private_methods,protected_instance_methods,protected_method_defined?,protected_methods,public_class_method,public_constant,public_instance_method,public_instance_methods,public_method,public_method_defined?,public_methods,public_send,refinements,remove_class_variable,remove_instance_variable,remove_method,respond_to?,send,set_temporary_name,singleton_class,singleton_class?,singleton_method,singleton_methods,subclasses,superclass,tap,then,to_enum,to_s,to_tty?,undef_method,undefined_instance_methods,yield_self
FiberError	P	Array,Complex,Float,Hash,Integer,Pathname,Rational,String,__callee__,__dir__,__method__,`,abort,at_exit,autoload,autoload?,binding,block_given?,caller,caller_locations,catch,eval,exec,exit,exit!,fail,fork,format,gets,global_variables,initialize,initialize_clone,initialize_copy,initialize_dup,instance_variables_to_inspect,iterator?,lambda,load,local_variables,loop,method_missing,open,p,pp,print,printf,proc,putc,puts,raise,rand,readline,readlines,require,require_relative,respond_to_missing?,select,set_trace_func,singleton_method_added,singleton_method_removed,singleton_method_undefined,sleep,spawn,sprintf,srand,syscall,system,test,throw,trace_var,trap,untrace_var,warn
File	i	atime,birthtime,chmod,chown,ctime,flock,lstat,mtime,size,truncate
File	s	absolute_path,absolute_path?,atime,basename,birthtime,blockdev?,chardev?,chmod,chown,ctime,delete,directory?,dirname,empty?,executable?,executable_real?,exist?,expand_path,extname,file?,fnmatch,fnmatch?,ftype,grpowned?,identical?,join,lchmod,lchown,link,lstat,lutime,mkfifo,mtime,owned?,path,pipe?,readable?,readable_real?,readlink,realdirpath,realpath,rename,setgid?,setuid?,size,size?,socket?,split,stat,sticky?,symlink,symlink?,truncate,umask,unlink,utime,world_readable?,world_writable?,writable?,writable_real?,zero?
File	p	initialize
File	c	ALT_SEPARATOR,Constants,PATH_SEPARATOR,SEPARATOR,Separator,Stat
File	I	!,!=,!~,<<,<=>,==,===,__id__,__send__,advise,all?,any?,atime,autoclose=,autoclose?,binmode,binmode?,birthtime,chain,chmod,chown,chunk,chunk_while,class,clone,close,close_on_exec=,close_on_exec?,close_read,close_write,closed?,collect,collect_concat,compact,count,ctime,cycle,define_singleton_method,detect,display,drop,drop_while,dup,each,each_byte,each_char,each_codepoint,each_cons,each_entry,each_line,each_slice,each_with_index,each_with_object,entries,enum_for,eof,eof?,eql?,equal?,extend,external_encoding,fcntl,fdatasync,fileno,filter,filter_map,find,find_all,find_index,first,flat_map,flock,flush,freeze,frozen?,fsync,getbyte,getc,gets,grep,grep_v,group_by,hash,include?,inject,inspect,instance_eval,instance_exec,instance_of?,instance_variable_defined?,instance_variable_get,instance_variable_set,instance_variables,internal_encoding,ioctl,is_a?,isatty,itself,kind_of?,lazy,lineno,lineno=,lstat,map,max,max_by,member?,method,methods,min,min_by,minmax,minmax_by,mtime,nil?,none?,object_id,one?,partition,path,pid,pos,pos=,pread,print,printf,private_methods,protected_methods,public_method,public_methods,public_send,putc,puts,pwrite,read,read_nonblock,readbyte,readchar,readline,readlines,readpartial,reduce,reject,remove_instance_variable,reopen,respond_to?,reverse_each,rewind,seek,select,send,set_encoding,set_encoding_by_bom,singleton_class,singleton_method,singleton_methods,size,slice_after,slice_before,slice_when,sort,sort_by,stat,sum,sync,sync=,sysread,sysseek,syswrite,take,take_while,tally,tap,tell,then,timeout,timeout=,to_a,to_enum,to_h,to_i,to_io,to_path,to_s,to_set,truncate,tty?,ungetbyte,ungetc,uniq,wait,wait_priority,wait_readable,wait_writable,write,write_nonblock,yield_self,zip
File	S	!,!=,!~,<,<=,<=>,==,===,>,>=,__id__,__send__,absolute_path,absolute_path?,alias_method,allocate,ancestors,atime,attached_object,attr,attr_accessor,attr_reader,attr_writer,autoload,autoload?,basename,binread,binwrite,birthtime,blockdev?,chardev?,chmod,chown,class,class_eval,class_exec,class_variable_defined?,class_variable_get,class_variable_set,class_variables,clone,const_defined?,const_get,const_missing,const_set,const_source_location,constants,copy_stream,ctime,define_method,define_singleton_method,delete,deprecate_constant,directory?,dirname,display,dup,empty?,enum_for,eql?,equal?,executable?,executable_real?,exist?,expand_path,extend,extname,file?,fnmatch,fnmatch?,for_fd,foreach,freeze,frozen?,ftype,grpowned?,hash,identical?,include,include?,included_modules,inspect,instance_eval,instance_exec,instance_method,instance_methods,instance_of?,instance_variable_defined?,instance_variable_get,instance_variable_set,instance_variables,is_a?,itself,join,kind_of?,lchmod,lchown,link,lstat,lutime,method,method_defined?,methods,mkfifo,module_eval,module_exec,mtime,name,new,nil?,object_id,open,owned?,path,pipe,pipe?,popen,prepend,private_class_method,private_constant,private_instance_methods,private_method_defined?,private_methods,protected_instance_methods,protected_method_defined?,protected_methods,public_class_method,public_constant,public_instance_method,public_instance_methods,public_method,public_method_defined?,public_methods,public_send,read,readable?,readable_real?,readlines,readlink,realdirpath,realpath,refinements,remove_class_variable,remove_instance_variable,remove_method,rename,respond_to?,select,send,set_temporary_name,setgid?,setuid?,singleton_class,singleton_class?,singleton_method,singleton_methods,size,size?,socket?,split,stat,sticky?,subclasses,superclass,symlink,symlink?,sysopen,tap,then,to_enum,to_s,truncate,try_convert,umask,undef_method,undefined_instance_methods,unlink,utime,world_readable?,world_writable?,writable?,writable_real?,write,yield_self,zero?
File	P	Array,Complex,Float,Hash,Integer,Pathname,Rational,String,__callee__,__dir__,__method__,`,abort,at_exit,autoload,autoload?,binding,block_given?,caller,caller_locations,catch,eval,exec,exit,exit!,fail,fork,format,global_variables,initialize,initialize_clone,initialize_copy,initialize_dup,instance_variables_to_inspect,iterator?,lambda,load,local_variables,loop,method_missing,open,p,pp,proc,raise,rand,require,require_relative,respond_to_missing?,set_trace_func,singleton_method_added,singleton_method_removed,singleton_method_undefined,sleep,spawn,sprintf,srand,syscall,system,test,throw,trace_var,trap,untrace_var,warn
File::Constants	i	
File::Constants	s	
File::Constants	p	
File::Constants	c	APPEND,BINARY,CREAT,DSYNC,EXCL,FNM_CASEFOLD,FNM_DOTMATCH,FNM_EXTGLOB,FNM_NOESCAPE,FNM_PATHNAME,FNM_SHORTNAME,FNM_SYSCASE,LOCK_EX,LOCK_NB,LOCK_SH,LOCK_UN,NOCTTY,NOFOLLOW,NONBLOCK,NULL,RDONLY,RDWR,SHARE_DELETE,SYNC,TRUNC,WRONLY
File::Constants	I	
File::Constants	S	!,!=,!~,<,<=,<=>,==,===,>,>=,__id__,__send__,alias_method,ancestors,attr,attr_accessor,attr_reader,attr_writer,autoload,autoload?,class,class_eval,class_exec,class_variable_defined?,class_variable_get,class_variable_set,class_variables,clone,const_defined?,const_get,const_missing,const_set,const_source_location,constants,define_method,define_singleton_method,deprecate_constant,display,dup,enum_for,eql?,equal?,extend,freeze,frozen?,hash,include,include?,included_modules,inspect,instance_eval,instance_exec,instance_method,instance_methods,instance_of?,instance_variable_defined?,instance_variable_get,instance_variable_set,instance_variables,is_a?,itself,kind_of?,method,method_defined?,methods,module_eval,module_exec,name,nil?,object_id,prepend,private_class_method,private_constant,private_instance_methods,private_method_defined?,private_methods,protected_instance_methods,protected_method_defined?,protected_methods,public_class_method,public_constant,public_instance_method,public_instance_methods,public_method,public_method_defined?,public_methods,public_send,refinements,remove_class_variable,remove_instance_variable,remove_method,respond_to?,send,set_temporary_name,singleton_class,singleton_class?,singleton_method,singleton_methods,tap,then,to_enum,to_s,undef_method,undefined_instance_methods,yield_self
File::Constants	P	
File::Stat	i	<=>,atime,birthtime,blksize,blockdev?,blocks,chardev?,ctime,dev,dev_major,dev_minor,directory?,executable?,executable_real?,file?,ftype,gid,grpowned?,ino,inspect,mode,mtime,nlink,owned?,pipe?,rdev,rdev_major,rdev_minor,readable?,readable_real?,setgid?,setuid?,size,size?,socket?,sticky?,symlink?,uid,world_readable?,world_writable?,writable?,writable_real?,zero?
File::Stat	s	
File::Stat	p	initialize,initialize_copy
File::Stat	c	
File::Stat	I	!,!=,!~,<,<=,<=>,==,===,>,>=,__id__,__send__,atime,between?,birthtime,blksize,blockdev?,blocks,chardev?,clamp,class,clone,ctime,define_singleton_method,dev,dev_major,dev_minor,directory?,display,dup,enum_for,eql?,equal?,executable?,executable_real?,extend,file?,freeze,frozen?,ftype,gid,grpowned?,hash,ino,inspect,instance_eval,instance_exec,instance_of?,instance_variable_defined?,instance_variable_get,instance_variable_set,instance_variables,is_a?,itself,kind_of?,method,methods,mode,mtime,nil?,nlink,object_id,owned?,pipe?,private_methods,protected_methods,public_method,public_methods,public_send,rdev,rdev_major,rdev_minor,readable?,readable_real?,remove_instance_variable,respond_to?,send,setgid?,setuid?,singleton_class,singleton_method,singleton_methods,size,size?,socket?,sticky?,symlink?,tap,then,to_enum,to_s,uid,world_readable?,world_writable?,writable?,writable_real?,yield_self,zero?
File::Stat	S	!,!=,!~,<,<=,<=>,==,===,>,>=,__id__,__send__,alias_method,allocate,ancestors,attached_object,attr,attr_accessor,attr_reader,attr_writer,autoload,autoload?,class,class_eval,class_exec,class_variable_defined?,class_variable_get,class_variable_set,class_variables,clone,const_defined?,const_get,const_missing,const_set,const_source_location,constants,define_method,define_singleton_method,deprecate_constant,display,dup,enum_for,eql?,equal?,extend,freeze,frozen?,hash,include,include?,included_modules,inspect,instance_eval,instance_exec,instance_method,instance_methods,instance_of?,instance_variable_defined?,instance_variable_get,instance_variable_set,instance_variables,is_a?,itself,kind_of?,method,method_defined?,methods,module_eval,module_exec,name,new,nil?,object_id,prepend,private_class_method,private_constant,private_instance_methods,private_method_defined?,private_methods,protected_instance_methods,protected_method_defined?,protected_methods,public_class_method,public_constant,public_instance_method,public_instance_methods,public_method,public_method_defined?,public_methods,public_send,refinements,remove_class_variable,remove_instance_variable,remove_method,respond_to?,send,set_temporary_name,singleton_class,singleton_class?,singleton_method,singleton_methods,subclasses,superclass,tap,then,to_enum,to_s,undef_method,undefined_instance_methods,yield_self
File::Stat	P	Array,Complex,Float,Hash,Integer,Pathname,Rational,String,__callee__,__dir__,__method__,`,abort,at_exit,autoload,autoload?,binding,block_given?,caller,caller_locations,catch,eval,exec,exit,exit!,fail,fork,format,gets,global_variables,initialize,initialize_clone,initialize_copy,initialize_dup,instance_variables_to_inspect,iterator?,lambda,load,local_variables,loop,method_missing,open,p,pp,print,printf,proc,putc,puts,raise,rand,readline,readlines,require,require_relative,respond_to_missing?,select,set_trace_func,singleton_method_added,singleton_method_removed,singleton_method_undefined,sleep,spawn,sprintf,srand,syscall,system,test,throw,trace_var,trap,untrace_var,warn
FileTest	i	
FileTest	s	blockdev?,chardev?,directory?,empty?,executable?,executable_real?,exist?,file?,grpowned?,identical?,owned?,pipe?,readable?,readable_real?,setgid?,setuid?,size,size?,socket?,sticky?,symlink?,world_readable?,world_writable?,writable?,writable_real?,zero?
FileTest	p	blockdev?,chardev?,directory?,empty?,executable?,executable_real?,exist?,file?,grpowned?,identical?,owned?,pipe?,readable?,readable_real?,setgid?,setuid?,size,size?,socket?,sticky?,symlink?,world_readable?,world_writable?,writable?,writable_real?,zero?
FileTest	c	
FileTest	I	
FileTest	S	!,!=,!~,<,<=,<=>,==,===,>,>=,__id__,__send__,alias_method,ancestors,attr,attr_accessor,attr_reader,attr_writer,autoload,autoload?,blockdev?,chardev?,class,class_eval,class_exec,class_variable_defined?,class_variable_get,class_variable_set,class_variables,clone,const_defined?,const_get,const_missing,const_set,const_source_location,constants,define_method,define_singleton_method,deprecate_constant,directory?,display,dup,empty?,enum_for,eql?,equal?,executable?,executable_real?,exist?,extend,file?,freeze,frozen?,grpowned?,hash,identical?,include,include?,included_modules,inspect,instance_eval,instance_exec,instance_method,instance_methods,instance_of?,instance_variable_defined?,instance_variable_get,instance_variable_set,instance_variables,is_a?,itself,kind_of?,method,method_defined?,methods,module_eval,module_exec,name,nil?,object_id,owned?,pipe?,prepend,private_class_method,private_constant,private_instance_methods,private_method_defined?,private_methods,protected_instance_methods,protected_method_defined?,protected_methods,public_class_method,public_constant,public_instance_method,public_instance_methods,public_method,public_method_defined?,public_methods,public_send,readable?,readable_real?,refinements,remove_class_variable,remove_instance_variable,remove_method,respond_to?,send,set_temporary_name,setgid?,setuid?,singleton_class,singleton_class?,singleton_method,singleton_methods,size,size?,socket?,sticky?,symlink?,tap,then,to_enum,to_s,undef_method,undefined_instance_methods,world_readable?,world_writable?,writable?,writable_real?,yield_self,zero?
FileTest	P	blockdev?,chardev?,directory?,empty?,executable?,executable_real?,exist?,file?,grpowned?,identical?,owned?,pipe?,readable?,readable_real?,setgid?,setuid?,size,size?,socket?,sticky?,symlink?,world_readable?,world_writable?,writable?,writable_real?,zero?
Float	i	%,*,**,+,-,-@,/,<,<=,<=>,==,===,>,>=,abs,angle,arg,ceil,coerce,denominator,divmod,eql?,fdiv,finite?,floor,hash,infinite?,inspect,magnitude,modulo,nan?,negative?,next_float,numerator,phase,positive?,prev_float,quo,rationalize,round,to_f,to_i,to_int,to_r,to_s,truncate,zero?
Float	s	
Float	p	
Float	c	DIG,EPSILON,INFINITY,MANT_DIG,MAX,MAX_10_EXP,MAX_EXP,MIN,MIN_10_EXP,MIN_EXP,NAN,RADIX
Float	I	!,!=,!~,%,*,**,+,+@,-,-@,/,<,<=,<=>,==,===,>,>=,__id__,__send__,abs,abs2,angle,arg,between?,ceil,clamp,class,clone,coerce,conj,conjugate,define_singleton_method,denominator,display,div,divmod,dup,enum_for,eql?,equal?,extend,fdiv,finite?,floor,freeze,frozen?,hash,i,imag,imaginary,infinite?,inspect,instance_eval,instance_exec,instance_of?,instance_variable_defined?,instance_variable_get,instance_variable_set,instance_variables,integer?,is_a?,itself,kind_of?,magnitude,method,methods,modulo,nan?,negative?,next_float,nil?,nonzero?,numerator,object_id,phase,polar,positive?,prev_float,private_methods,protected_methods,public_method,public_methods,public_send,quo,rationalize,real,real?,rect,rectangular,remainder,remove_instance_variable,respond_to?,round,send,singleton_class,singleton_method,singleton_method_added,singleton_methods,step,tap,then,to_c,to_enum,to_f,to_i,to_int,to_r,to_s,truncate,yield_self,zero?
Float	S	!,!=,!~,<,<=,<=>,==,===,>,>=,__id__,__send__,alias_method,allocate,ancestors,attached_object,attr,attr_accessor,attr_reader,attr_writer,autoload,autoload?,class,class_eval,class_exec,class_variable_defined?,class_variable_get,class_variable_set,class_variables,clone,const_defined?,const_get,const_missing,const_set,const_source_location,constants,define_method,define_singleton_method,deprecate_constant,display,dup,enum_for,eql?,equal?,extend,freeze,frozen?,hash,include,include?,included_modules,inspect,instance_eval,instance_exec,instance_method,instance_methods,instance_of?,instance_variable_defined?,instance_variable_get,instance_variable_set,instance_variables,is_a?,itself,kind_of?,method,method_defined?,methods,module_eval,module_exec,name,nil?,object_id,prepend,private_class_method,private_constant,private_instance_methods,private_method_defined?,private_methods,protected_instance_methods,protected_method_defined?,protected_methods,public_class_method,public_constant,public_instance_method,public_instance_methods,public_method,public_method_defined?,public_methods,public_send,refinements,remove_class_variable,remove_instance_variable,remove_method,respond_to?,send,set_temporary_name,singleton_class,singleton_class?,singleton_method,singleton_methods,subclasses,superclass,tap,then,to_enum,to_s,undef_method,undefined_instance_methods,yield_self
Float	P	Array,Complex,Float,Hash,Integer,Pathname,Rational,String,__callee__,__dir__,__method__,`,abort,at_exit,autoload,autoload?,binding,block_given?,caller,caller_locations,catch,eval,exec,exit,exit!,fail,fork,format,gets,global_variables,initialize,initialize_clone,initialize_copy,initialize_dup,instance_variables_to_inspect,iterator?,lambda,load,local_variables,loop,method_missing,open,p,pp,print,printf,proc,putc,puts,raise,rand,readline,readlines,require,require_relative,respond_to_missing?,select,set_trace_func,singleton_method_removed,singleton_method_undefined,sleep,spawn,sprintf,srand,syscall,system,test,throw,trace_var,trap,untrace_var,warn
FloatDomainError	i	
FloatDomainError	s	
FloatDomainError	p	
FloatDomainError	c	
FloatDomainError	I	!,!=,!~,<=>,==,===,__id__,__send__,backtrace,backtrace_locations,cause,class,clone,define_singleton_method,detailed_message,display,dup,enum_for,eql?,equal?,exception,extend,freeze,frozen?,full_message,hash,inspect,instance_eval,instance_exec,instance_of?,instance_variable_defined?,instance_variable_get,instance_variable_set,instance_variables,is_a?,itself,kind_of?,message,method,methods,nil?,object_id,private_methods,protected_methods,public_method,public_methods,public_send,remove_instance_variable,respond_to?,send,set_backtrace,singleton_class,singleton_method,singleton_methods,tap,then,to_enum,to_s,yield_self
FloatDomainError	S	!,!=,!~,<,<=,<=>,==,===,>,>=,__id__,__send__,alias_method,allocate,ancestors,attached_object,attr,attr_accessor,attr_reader,attr_writer,autoload,autoload?,class,class_eval,class_exec,class_variable_defined?,class_variable_get,class_variable_set,class_variables,clone,const_defined?,const_get,const_missing,const_set,const_source_location,constants,define_method,define_singleton_method,deprecate_constant,display,dup,enum_for,eql?,equal?,exception,extend,freeze,frozen?,hash,include,include?,included_modules,inspect,instance_eval,instance_exec,instance_method,instance_methods,instance_of?,instance_variable_defined?,instance_variable_get,instance_variable_set,instance_variables,is_a?,itself,kind_of?,method,method_defined?,methods,module_eval,module_exec,name,new,nil?,object_id,prepend,private_class_method,private_constant,private_instance_methods,private_method_defined?,private_methods,protected_instance_methods,protected_method_defined?,protected_methods,public_class_method,public_constant,public_instance_method,public_instance_methods,public_method,public_method_defined?,public_methods,public_send,refinements,remove_class_variable,remove_instance_variable,remove_method,respond_to?,send,set_temporary_name,singleton_class,singleton_class?,singleton_method,singleton_methods,subclasses,superclass,tap,then,to_enum,to_s,to_tty?,undef_method,undefined_instance_methods,yield_self
FloatDomainError	P	Array,Complex,Float,Hash,Integer,Pathname,Rational,String,__callee__,__dir__,__method__,`,abort,at_exit,autoload,autoload?,binding,block_given?,caller,caller_locations,catch,eval,exec,exit,exit!,fail,fork,format,gets,global_variables,initialize,initialize_clone,initialize_copy,initialize_dup,instance_variables_to_inspect,iterator?,lambda,load,local_variables,loop,method_missing,open,p,pp,print,printf,proc,putc,puts,raise,rand,readline,readlines,require,require_relative,respond_to_missing?,select,set_trace_func,singleton_method_added,singleton_method_removed,singleton_method_undefined,sleep,spawn,sprintf,srand,syscall,system,test,throw,trace_var,trap,untrace_var,warn
FrozenError	i	receiver
FrozenError	s	
FrozenError	p	initialize
FrozenError	c	
FrozenError	I	!,!=,!~,<=>,==,===,__id__,__send__,backtrace,backtrace_locations,cause,class,clone,define_singleton_method,detailed_message,display,dup,enum_for,eql?,equal?,exception,extend,freeze,frozen?,full_message,hash,inspect,instance_eval,instance_exec,instance_of?,instance_variable_defined?,instance_variable_get,instance_variable_set,instance_variables,is_a?,itself,kind_of?,message,method,methods,nil?,object_id,private_methods,protected_methods,public_method,public_methods,public_send,receiver,remove_instance_variable,respond_to?,send,set_backtrace,singleton_class,singleton_method,singleton_methods,tap,then,to_enum,to_s,yield_self
FrozenError	S	!,!=,!~,<,<=,<=>,==,===,>,>=,__id__,__send__,alias_method,allocate,ancestors,attached_object,attr,attr_accessor,attr_reader,attr_writer,autoload,autoload?,class,class_eval,class_exec,class_variable_defined?,class_variable_get,class_variable_set,class_variables,clone,const_defined?,const_get,const_missing,const_set,const_source_location,constants,define_method,define_singleton_method,deprecate_constant,display,dup,enum_for,eql?,equal?,exception,extend,freeze,frozen?,hash,include,include?,included_modules,inspect,instance_eval,instance_exec,instance_method,instance_methods,instance_of?,instance_variable_defined?,instance_variable_get,instance_variable_set,instance_variables,is_a?,itself,kind_of?,method,method_defined?,methods,module_eval,module_exec,name,new,nil?,object_id,prepend,private_class_method,private_constant,private_instance_methods,private_method_defined?,private_methods,protected_instance_methods,protected_method_defined?,protected_methods,public_class_method,public_constant,public_instance_method,public_instance_methods,public_method,public_method_defined?,public_methods,public_send,refinements,remove_class_variable,remove_instance_variable,remove_method,respond_to?,send,set_temporary_name,singleton_class,singleton_class?,singleton_method,singleton_methods,subclasses,superclass,tap,then,to_enum,to_s,to_tty?,undef_method,undefined_instance_methods,yield_self
FrozenError	P	Array,Complex,Float,Hash,Integer,Pathname,Rational,String,__callee__,__dir__,__method__,`,abort,at_exit,autoload,autoload?,binding,block_given?,caller,caller_locations,catch,eval,exec,exit,exit!,fail,fork,format,gets,global_variables,initialize,initialize_clone,initialize_copy,initialize_dup,instance_variables_to_inspect,iterator?,lambda,load,local_variables,loop,method_missing,open,p,pp,print,printf,proc,putc,puts,raise,rand,readline,readlines,require,require_relative,respond_to_missing?,select,set_trace_func,singleton_method_added,singleton_method_removed,singleton_method_undefined,sleep,spawn,sprintf,srand,syscall,system,test,throw,trace_var,trap,untrace_var,warn
GC	i	garbage_collect
GC	s	auto_compact,auto_compact=,compact,config,count,disable,enable,latest_compact_info,latest_gc_info,measure_total_time,measure_total_time=,start,stat,stat_heap,stress,stress=,total_time,verify_compaction_references,verify_internal_consistency
GC	p	
GC	c	INTERNAL_CONSTANTS,OPTS,Profiler
GC	I	garbage_collect
GC	S	!,!=,!~,<,<=,<=>,==,===,>,>=,__id__,__send__,alias_method,ancestors,attr,attr_accessor,attr_reader,attr_writer,auto_compact,auto_compact=,autoload,autoload?,class,class_eval,class_exec,class_variable_defined?,class_variable_get,class_variable_set,class_variables,clone,compact,config,const_defined?,const_get,const_missing,const_set,const_source_location,constants,count,define_method,define_singleton_method,deprecate_constant,disable,display,dup,enable,enum_for,eql?,equal?,extend,freeze,frozen?,hash,include,include?,included_modules,inspect,instance_eval,instance_exec,instance_method,instance_methods,instance_of?,instance_variable_defined?,instance_variable_get,instance_variable_set,instance_variables,is_a?,itself,kind_of?,latest_compact_info,latest_gc_info,measure_total_time,measure_total_time=,method,method_defined?,methods,module_eval,module_exec,name,nil?,object_id,prepend,private_class_method,private_constant,private_instance_methods,private_method_defined?,private_methods,protected_instance_methods,protected_method_defined?,protected_methods,public_class_method,public_constant,public_instance_method,public_instance_methods,public_method,public_method_defined?,public_methods,public_send,refinements,remove_class_variable,remove_instance_variable,remove_method,respond_to?,send,set_temporary_name,singleton_class,singleton_class?,singleton_method,singleton_methods,start,stat,stat_heap,stress,stress=,tap,then,to_enum,to_s,total_time,undef_method,undefined_instance_methods,verify_compaction_references,verify_internal_consistency,yield_self
GC	P	
GC::Profiler	i	
GC::Profiler	s	clear,disable,enable,enabled?,raw_data,report,result,total_time
GC::Profiler	p	
GC::Profiler	c	
GC::Profiler	I	
GC::Profiler	S	!,!=,!~,<,<=,<=>,==,===,>,>=,__id__,__send__,alias_method,ancestors,attr,attr_accessor,attr_reader,attr_writer,autoload,autoload?,class,class_eval,class_exec,class_variable_defined?,class_variable_get,class_variable_set,class_variables,clear,clone,const_defined?,const_get,const_missing,const_set,const_source_location,constants,define_method,define_singleton_method,deprecate_constant,disable,display,dup,enable,enabled?,enum_for,eql?,equal?,extend,freeze,frozen?,hash,include,include?,included_modules,inspect,instance_eval,instance_exec,instance_method,instance_methods,instance_of?,instance_variable_defined?,instance_variable_get,instance_variable_set,instance_variables,is_a?,itself,kind_of?,method,method_defined?,methods,module_eval,module_exec,name,nil?,object_id,prepend,private_class_method,private_constant,private_instance_methods,private_method_defined?,private_methods,protected_instance_methods,protected_method_defined?,protected_methods,public_class_method,public_constant,public_instance_method,public_instance_methods,public_method,public_method_defined?,public_methods,public_send,raw_data,refinements,remove_class_variable,remove_instance_variable,remove_method,report,respond_to?,result,send,set_temporary_name,singleton_class,singleton_class?,singleton_method,singleton_methods,tap,then,to_enum,to_s,total_time,undef_method,undefined_instance_methods,yield_self
GC::Profiler	P	
Hash	i	<,<=,==,>,>=,[],[]=,any?,assoc,clear,compact,compact!,compare_by_identity,compare_by_identity?,deconstruct_keys,default,default=,default_proc,default_proc=,delete,delete_if,dig,each,each_key,each_pair,each_value,empty?,eql?,except,fetch,fetch_values,filter,filter!,flatten,freeze,has_key?,has_value?,hash,include?,inspect,invert,keep_if,key,key?,keys,length,member?,merge,merge!,rassoc,rehash,reject,reject!,replace,select,select!,shift,size,slice,store,to_a,to_h,to_hash,to_proc,to_s,transform_keys,transform_keys!,transform_values,transform_values!,update,value?,values,values_at
Hash	s	[],ruby2_keywords_hash,ruby2_keywords_hash?,try_convert
Hash	p	initialize,initialize_copy
Hash	c	
Hash	I	!,!=,!~,<,<=,<=>,==,===,>,>=,[],[]=,__id__,__send__,all?,any?,assoc,chain,chunk,chunk_while,class,clear,clone,collect,collect_concat,compact,compact!,compare_by_identity,compare_by_identity?,count,cycle,deconstruct_keys,default,default=,default_proc,default_proc=,define_singleton_method,delete,delete_if,detect,dig,display,drop,drop_while,dup,each,each_cons,each_entry,each_key,each_pair,each_slice,each_value,each_with_index,each_with_object,empty?,entries,enum_for,eql?,equal?,except,extend,fetch,fetch_values,filter,filter!,filter_map,find,find_all,find_index,first,flat_map,flatten,freeze,frozen?,grep,grep_v,group_by,has_key?,has_value?,hash,include?,inject,inspect,instance_eval,instance_exec,instance_of?,instance_variable_defined?,instance_variable_get,instance_variable_set,instance_variables,invert,is_a?,itself,keep_if,key,key?,keys,kind_of?,lazy,length,map,max,max_by,member?,merge,merge!,method,methods,min,min_by,minmax,minmax_by,nil?,none?,object_id,one?,partition,private_methods,protected_methods,public_method,public_methods,public_send,rassoc,reduce,rehash,reject,reject!,remove_instance_variable,replace,respond_to?,reverse_each,select,select!,send,shift,singleton_class,singleton_method,singleton_methods,size,slice,slice_after,slice_before,slice_when,sort,sort_by,store,sum,take,take_while,tally,tap,then,to_a,to_enum,to_h,to_hash,to_proc,to_s,to_set,transform_keys,transform_keys!,transform_values,transform_values!,uniq,update,value?,values,values_at,yield_self,zip
Hash	S	!,!=,!~,<,<=,<=>,==,===,>,>=,[],__id__,__send__,alias_method,allocate,ancestors,attached_object,attr,attr_accessor,attr_reader,attr_writer,autoload,autoload?,class,class_eval,class_exec,class_variable_defined?,class_variable_get,class_variable_set,class_variables,clone,const_defined?,const_get,const_missing,const_set,const_source_location,constants,define_method,define_singleton_method,deprecate_constant,display,dup,enum_for,eql?,equal?,extend,freeze,frozen?,hash,include,include?,included_modules,inspect,instance_eval,instance_exec,instance_method,instance_methods,instance_of?,instance_variable_defined?,instance_variable_get,instance_variable_set,instance_variables,is_a?,itself,kind_of?,method,method_defined?,methods,module_eval,module_exec,name,new,nil?,object_id,prepend,private_class_method,private_constant,private_instance_methods,private_method_defined?,private_methods,protected_instance_methods,protected_method_defined?,protected_methods,public_class_method,public_constant,public_instance_method,public_instance_methods,public_method,public_method_defined?,public_methods,public_send,refinements,remove_class_variable,remove_instance_variable,remove_method,respond_to?,ruby2_keywords_hash,ruby2_keywords_hash?,send,set_temporary_name,singleton_class,singleton_class?,singleton_method,singleton_methods,subclasses,superclass,tap,then,to_enum,to_s,try_convert,undef_method,undefined_instance_methods,yield_self
Hash	P	Array,Complex,Float,Hash,Integer,Pathname,Rational,String,__callee__,__dir__,__method__,`,abort,at_exit,autoload,autoload?,binding,block_given?,caller,caller_locations,catch,eval,exec,exit,exit!,fail,fork,format,gets,global_variables,initialize,initialize_clone,initialize_copy,initialize_dup,instance_variables_to_inspect,iterator?,lambda,load,local_variables,loop,method_missing,open,p,pp,print,printf,proc,putc,puts,raise,rand,readline,readlines,require,require_relative,respond_to_missing?,set_trace_func,singleton_method_added,singleton_method_removed,singleton_method_undefined,sleep,spawn,sprintf,srand,syscall,system,test,throw,trace_var,trap,untrace_var,warn
IO	i	<<,advise,autoclose=,autoclose?,binmode,binmode?,close,close_on_exec=,close_on_exec?,close_read,close_write,closed?,each,each_byte,each_char,each_codepoint,each_line,eof,eof?,external_encoding,fcntl,fdatasync,fileno,flush,fsync,getbyte,getc,gets,inspect,internal_encoding,ioctl,isatty,lineno,lineno=,path,pid,pos,pos=,pread,print,printf,putc,puts,pwrite,read,read_nonblock,readbyte,readchar,readline,readlines,readpartial,reopen,rewind,seek,set_encoding,set_encoding_by_bom,stat,sync,sync=,sysread,sysseek,syswrite,tell,timeout,timeout=,to_i,to_io,to_path,tty?,ungetbyte,ungetc,wait,wait_priority,wait_readable,wait_writable,write,write_nonblock
IO	s	binread,binwrite,copy_stream,for_fd,foreach,new,open,pipe,popen,read,readlines,select,sysopen,try_convert,write
IO	p	initialize,initialize_copy
IO	c	Buffer,EAGAINWaitReadable,EAGAINWaitWritable,EINPROGRESSWaitReadable,EINPROGRESSWaitWritable,EWOULDBLOCKWaitReadable,EWOULDBLOCKWaitWritable,PRIORITY,READABLE,SEEK_CUR,SEEK_DATA,SEEK_END,SEEK_HOLE,SEEK_SET,TimeoutError,WRITABLE,WaitReadable,WaitWritable
IO	I	!,!=,!~,<<,<=>,==,===,__id__,__send__,advise,all?,any?,autoclose=,autoclose?,binmode,binmode?,chain,chunk,chunk_while,class,clone,close,close_on_exec=,close_on_exec?,close_read,close_write,closed?,collect,collect_concat,compact,count,cycle,define_singleton_method,detect,display,drop,drop_while,dup,each,each_byte,each_char,each_codepoint,each_cons,each_entry,each_line,each_slice,each_with_index,each_with_object,entries,enum_for,eof,eof?,eql?,equal?,extend,external_encoding,fcntl,fdatasync,fileno,filter,filter_map,find,find_all,find_index,first,flat_map,flush,freeze,frozen?,fsync,getbyte,getc,gets,grep,grep_v,group_by,hash,include?,inject,inspect,instance_eval,instance_exec,instance_of?,instance_variable_defined?,instance_variable_get,instance_variable_set,instance_variables,internal_encoding,ioctl,is_a?,isatty,itself,kind_of?,lazy,lineno,lineno=,map,max,max_by,member?,method,methods,min,min_by,minmax,minmax_by,nil?,none?,object_id,one?,partition,path,pid,pos,pos=,pread,print,printf,private_methods,protected_methods,public_method,public_methods,public_send,putc,puts,pwrite,read,read_nonblock,readbyte,readchar,readline,readlines,readpartial,reduce,reject,remove_instance_variable,reopen,respond_to?,reverse_each,rewind,seek,select,send,set_encoding,set_encoding_by_bom,singleton_class,singleton_method,singleton_methods,slice_after,slice_before,slice_when,sort,sort_by,stat,sum,sync,sync=,sysread,sysseek,syswrite,take,take_while,tally,tap,tell,then,timeout,timeout=,to_a,to_enum,to_h,to_i,to_io,to_path,to_s,to_set,tty?,ungetbyte,ungetc,uniq,wait,wait_priority,wait_readable,wait_writable,write,write_nonblock,yield_self,zip
IO	S	!,!=,!~,<,<=,<=>,==,===,>,>=,__id__,__send__,alias_method,allocate,ancestors,attached_object,attr,attr_accessor,attr_reader,attr_writer,autoload,autoload?,binread,binwrite,class,class_eval,class_exec,class_variable_defined?,class_variable_get,class_variable_set,class_variables,clone,const_defined?,const_get,const_missing,const_set,const_source_location,constants,copy_stream,define_method,define_singleton_method,deprecate_constant,display,dup,enum_for,eql?,equal?,extend,for_fd,foreach,freeze,frozen?,hash,include,include?,included_modules,inspect,instance_eval,instance_exec,instance_method,instance_methods,instance_of?,instance_variable_defined?,instance_variable_get,instance_variable_set,instance_variables,is_a?,itself,kind_of?,method,method_defined?,methods,module_eval,module_exec,name,new,nil?,object_id,open,pipe,popen,prepend,private_class_method,private_constant,private_instance_methods,private_method_defined?,private_methods,protected_instance_methods,protected_method_defined?,protected_methods,public_class_method,public_constant,public_instance_method,public_instance_methods,public_method,public_method_defined?,public_methods,public_send,read,readlines,refinements,remove_class_variable,remove_instance_variable,remove_method,respond_to?,select,send,set_temporary_name,singleton_class,singleton_class?,singleton_method,singleton_methods,subclasses,superclass,sysopen,tap,then,to_enum,to_s,try_convert,undef_method,undefined_instance_methods,write,yield_self
IO	P	Array,Complex,Float,Hash,Integer,Pathname,Rational,String,__callee__,__dir__,__method__,`,abort,at_exit,autoload,autoload?,binding,block_given?,caller,caller_locations,catch,eval,exec,exit,exit!,fail,fork,format,global_variables,initialize,initialize_clone,initialize_copy,initialize_dup,instance_variables_to_inspect,iterator?,lambda,load,local_variables,loop,method_missing,open,p,pp,proc,raise,rand,require,require_relative,respond_to_missing?,set_trace_func,singleton_method_added,singleton_method_removed,singleton_method_undefined,sleep,spawn,sprintf,srand,syscall,system,test,throw,trace_var,trap,untrace_var,warn
IO::Buffer	i	&,<=>,^,and!,clear,copy,each,each_byte,empty?,external?,free,get_string,get_value,get_values,hexdump,inspect,internal?,locked,locked?,mapped?,not!,null?,or!,pread,private?,pwrite,read,readonly?,resize,set_string,set_value,set_values,shared?,size,slice,to_s,transfer,valid?,values,write,xor!,|,~
IO::Buffer	s	for,map,size_of,string
IO::Buffer	p	initialize,initialize_copy
IO::Buffer	c	AccessError,AllocationError,BIG_ENDIAN,DEFAULT_SIZE,EXTERNAL,HOST_ENDIAN,INTERNAL,InvalidatedError,LITTLE_ENDIAN,LOCKED,LockedError,MAPPED,MaskError,NETWORK_ENDIAN,PAGE_SIZE,PRIVATE,READONLY,SHARED
IO::Buffer	I	!,!=,!~,&,<,<=,<=>,==,===,>,>=,^,__id__,__send__,and!,between?,clamp,class,clear,clone,copy,define_singleton_method,display,dup,each,each_byte,empty?,enum_for,eql?,equal?,extend,external?,free,freeze,frozen?,get_string,get_value,get_values,hash,hexdump,inspect,instance_eval,instance_exec,instance_of?,instance_variable_defined?,instance_variable_get,instance_variable_set,instance_variables,internal?,is_a?,itself,kind_of?,locked,locked?,mapped?,method,methods,nil?,not!,null?,object_id,or!,pread,private?,private_methods,protected_methods,public_method,public_methods,public_send,pwrite,read,readonly?,remove_instance_variable,resize,respond_to?,send,set_string,set_value,set_values,shared?,singleton_class,singleton_method,singleton_methods,size,slice,tap,then,to_enum,to_s,transfer,valid?,values,write,xor!,yield_self,|,~
IO::Buffer	S	!,!=,!~,<,<=,<=>,==,===,>,>=,__id__,__send__,alias_method,allocate,ancestors,attached_object,attr,attr_accessor,attr_reader,attr_writer,autoload,autoload?,class,class_eval,class_exec,class_variable_defined?,class_variable_get,class_variable_set,class_variables,clone,const_defined?,const_get,const_missing,const_set,const_source_location,constants,define_method,define_singleton_method,deprecate_constant,display,dup,enum_for,eql?,equal?,extend,for,freeze,frozen?,hash,include,include?,included_modules,inspect,instance_eval,instance_exec,instance_method,instance_methods,instance_of?,instance_variable_defined?,instance_variable_get,instance_variable_set,instance_variables,is_a?,itself,kind_of?,map,method,method_defined?,methods,module_eval,module_exec,name,new,nil?,object_id,prepend,private_class_method,private_constant,private_instance_methods,private_method_defined?,private_methods,protected_instance_methods,protected_method_defined?,protected_methods,public_class_method,public_constant,public_instance_method,public_instance_methods,public_method,public_method_defined?,public_methods,public_send,refinements,remove_class_variable,remove_instance_variable,remove_method,respond_to?,send,set_temporary_name,singleton_class,singleton_class?,singleton_method,singleton_methods,size_of,string,subclasses,superclass,tap,then,to_enum,to_s,undef_method,undefined_instance_methods,yield_self
IO::Buffer	P	Array,Complex,Float,Hash,Integer,Pathname,Rational,String,__callee__,__dir__,__method__,`,abort,at_exit,autoload,autoload?,binding,block_given?,caller,caller_locations,catch,eval,exec,exit,exit!,fail,fork,format,gets,global_variables,initialize,initialize_clone,initialize_copy,initialize_dup,instance_variables_to_inspect,iterator?,lambda,load,local_variables,loop,method_missing,open,p,pp,print,printf,proc,putc,puts,raise,rand,readline,readlines,require,require_relative,respond_to_missing?,select,set_trace_func,singleton_method_added,singleton_method_removed,singleton_method_undefined,sleep,spawn,sprintf,srand,syscall,system,test,throw,trace_var,trap,untrace_var,warn
IO::Buffer::AccessError	i	
IO::Buffer::AccessError	s	
IO::Buffer::AccessError	p	
IO::Buffer::AccessError	c	
IO::Buffer::AccessError	I	!,!=,!~,<=>,==,===,__id__,__send__,backtrace,backtrace_locations,cause,class,clone,define_singleton_method,detailed_message,display,dup,enum_for,eql?,equal?,exception,extend,freeze,frozen?,full_message,hash,inspect,instance_eval,instance_exec,instance_of?,instance_variable_defined?,instance_variable_get,instance_variable_set,instance_variables,is_a?,itself,kind_of?,message,method,methods,nil?,object_id,private_methods,protected_methods,public_method,public_methods,public_send,remove_instance_variable,respond_to?,send,set_backtrace,singleton_class,singleton_method,singleton_methods,tap,then,to_enum,to_s,yield_self
IO::Buffer::AccessError	S	!,!=,!~,<,<=,<=>,==,===,>,>=,__id__,__send__,alias_method,allocate,ancestors,attached_object,attr,attr_accessor,attr_reader,attr_writer,autoload,autoload?,class,class_eval,class_exec,class_variable_defined?,class_variable_get,class_variable_set,class_variables,clone,const_defined?,const_get,const_missing,const_set,const_source_location,constants,define_method,define_singleton_method,deprecate_constant,display,dup,enum_for,eql?,equal?,exception,extend,freeze,frozen?,hash,include,include?,included_modules,inspect,instance_eval,instance_exec,instance_method,instance_methods,instance_of?,instance_variable_defined?,instance_variable_get,instance_variable_set,instance_variables,is_a?,itself,kind_of?,method,method_defined?,methods,module_eval,module_exec,name,new,nil?,object_id,prepend,private_class_method,private_constant,private_instance_methods,private_method_defined?,private_methods,protected_instance_methods,protected_method_defined?,protected_methods,public_class_method,public_constant,public_instance_method,public_instance_methods,public_method,public_method_defined?,public_methods,public_send,refinements,remove_class_variable,remove_instance_variable,remove_method,respond_to?,send,set_temporary_name,singleton_class,singleton_class?,singleton_method,singleton_methods,subclasses,superclass,tap,then,to_enum,to_s,to_tty?,undef_method,undefined_instance_methods,yield_self
IO::Buffer::AccessError	P	Array,Complex,Float,Hash,Integer,Pathname,Rational,String,__callee__,__dir__,__method__,`,abort,at_exit,autoload,autoload?,binding,block_given?,caller,caller_locations,catch,eval,exec,exit,exit!,fail,fork,format,gets,global_variables,initialize,initialize_clone,initialize_copy,initialize_dup,instance_variables_to_inspect,iterator?,lambda,load,local_variables,loop,method_missing,open,p,pp,print,printf,proc,putc,puts,raise,rand,readline,readlines,require,require_relative,respond_to_missing?,select,set_trace_func,singleton_method_added,singleton_method_removed,singleton_method_undefined,sleep,spawn,sprintf,srand,syscall,system,test,throw,trace_var,trap,untrace_var,warn
IO::Buffer::AllocationError	i	
IO::Buffer::AllocationError	s	
IO::Buffer::AllocationError	p	
IO::Buffer::AllocationError	c	
IO::Buffer::AllocationError	I	!,!=,!~,<=>,==,===,__id__,__send__,backtrace,backtrace_locations,cause,class,clone,define_singleton_method,detailed_message,display,dup,enum_for,eql?,equal?,exception,extend,freeze,frozen?,full_message,hash,inspect,instance_eval,instance_exec,instance_of?,instance_variable_defined?,instance_variable_get,instance_variable_set,instance_variables,is_a?,itself,kind_of?,message,method,methods,nil?,object_id,private_methods,protected_methods,public_method,public_methods,public_send,remove_instance_variable,respond_to?,send,set_backtrace,singleton_class,singleton_method,singleton_methods,tap,then,to_enum,to_s,yield_self
IO::Buffer::AllocationError	S	!,!=,!~,<,<=,<=>,==,===,>,>=,__id__,__send__,alias_method,allocate,ancestors,attached_object,attr,attr_accessor,attr_reader,attr_writer,autoload,autoload?,class,class_eval,class_exec,class_variable_defined?,class_variable_get,class_variable_set,class_variables,clone,const_defined?,const_get,const_missing,const_set,const_source_location,constants,define_method,define_singleton_method,deprecate_constant,display,dup,enum_for,eql?,equal?,exception,extend,freeze,frozen?,hash,include,include?,included_modules,inspect,instance_eval,instance_exec,instance_method,instance_methods,instance_of?,instance_variable_defined?,instance_variable_get,instance_variable_set,instance_variables,is_a?,itself,kind_of?,method,method_defined?,methods,module_eval,module_exec,name,new,nil?,object_id,prepend,private_class_method,private_constant,private_instance_methods,private_method_defined?,private_methods,protected_instance_methods,protected_method_defined?,protected_methods,public_class_method,public_constant,public_instance_method,public_instance_methods,public_method,public_method_defined?,public_methods,public_send,refinements,remove_class_variable,remove_instance_variable,remove_method,respond_to?,send,set_temporary_name,singleton_class,singleton_class?,singleton_method,singleton_methods,subclasses,superclass,tap,then,to_enum,to_s,to_tty?,undef_method,undefined_instance_methods,yield_self
IO::Buffer::AllocationError	P	Array,Complex,Float,Hash,Integer,Pathname,Rational,String,__callee__,__dir__,__method__,`,abort,at_exit,autoload,autoload?,binding,block_given?,caller,caller_locations,catch,eval,exec,exit,exit!,fail,fork,format,gets,global_variables,initialize,initialize_clone,initialize_copy,initialize_dup,instance_variables_to_inspect,iterator?,lambda,load,local_variables,loop,method_missing,open,p,pp,print,printf,proc,putc,puts,raise,rand,readline,readlines,require,require_relative,respond_to_missing?,select,set_trace_func,singleton_method_added,singleton_method_removed,singleton_method_undefined,sleep,spawn,sprintf,srand,syscall,system,test,throw,trace_var,trap,untrace_var,warn
IO::Buffer::InvalidatedError	i	
IO::Buffer::InvalidatedError	s	
IO::Buffer::InvalidatedError	p	
IO::Buffer::InvalidatedError	c	
IO::Buffer::InvalidatedError	I	!,!=,!~,<=>,==,===,__id__,__send__,backtrace,backtrace_locations,cause,class,clone,define_singleton_method,detailed_message,display,dup,enum_for,eql?,equal?,exception,extend,freeze,frozen?,full_message,hash,inspect,instance_eval,instance_exec,instance_of?,instance_variable_defined?,instance_variable_get,instance_variable_set,instance_variables,is_a?,itself,kind_of?,message,method,methods,nil?,object_id,private_methods,protected_methods,public_method,public_methods,public_send,remove_instance_variable,respond_to?,send,set_backtrace,singleton_class,singleton_method,singleton_methods,tap,then,to_enum,to_s,yield_self
IO::Buffer::InvalidatedError	S	!,!=,!~,<,<=,<=>,==,===,>,>=,__id__,__send__,alias_method,allocate,ancestors,attached_object,attr,attr_accessor,attr_reader,attr_writer,autoload,autoload?,class,class_eval,class_exec,class_variable_defined?,class_variable_get,class_variable_set,class_variables,clone,const_defined?,const_get,const_missing,const_set,const_source_location,constants,define_method,define_singleton_method,deprecate_constant,display,dup,enum_for,eql?,equal?,exception,extend,freeze,frozen?,hash,include,include?,included_modules,inspect,instance_eval,instance_exec,instance_method,instance_methods,instance_of?,instance_variable_defined?,instance_variable_get,instance_variable_set,instance_variables,is_a?,itself,kind_of?,method,method_defined?,methods,module_eval,module_exec,name,new,nil?,object_id,prepend,private_class_method,private_constant,private_instance_methods,private_method_defined?,private_methods,protected_instance_methods,protected_method_defined?,protected_methods,public_class_method,public_constant,public_instance_method,public_instance_methods,public_method,public_method_defined?,public_methods,public_send,refinements,remove_class_variable,remove_instance_variable,remove_method,respond_to?,send,set_temporary_name,singleton_class,singleton_class?,singleton_method,singleton_methods,subclasses,superclass,tap,then,to_enum,to_s,to_tty?,undef_method,undefined_instance_methods,yield_self
IO::Buffer::InvalidatedError	P	Array,Complex,Float,Hash,Integer,Pathname,Rational,String,__callee__,__dir__,__method__,`,abort,at_exit,autoload,autoload?,binding,block_given?,caller,caller_locations,catch,eval,exec,exit,exit!,fail,fork,format,gets,global_variables,initialize,initialize_clone,initialize_copy,initialize_dup,instance_variables_to_inspect,iterator?,lambda,load,local_variables,loop,method_missing,open,p,pp,print,printf,proc,putc,puts,raise,rand,readline,readlines,require,require_relative,respond_to_missing?,select,set_trace_func,singleton_method_added,singleton_method_removed,singleton_method_undefined,sleep,spawn,sprintf,srand,syscall,system,test,throw,trace_var,trap,untrace_var,warn
IO::Buffer::LockedError	i	
IO::Buffer::LockedError	s	
IO::Buffer::LockedError	p	
IO::Buffer::LockedError	c	
IO::Buffer::LockedError	I	!,!=,!~,<=>,==,===,__id__,__send__,backtrace,backtrace_locations,cause,class,clone,define_singleton_method,detailed_message,display,dup,enum_for,eql?,equal?,exception,extend,freeze,frozen?,full_message,hash,inspect,instance_eval,instance_exec,instance_of?,instance_variable_defined?,instance_variable_get,instance_variable_set,instance_variables,is_a?,itself,kind_of?,message,method,methods,nil?,object_id,private_methods,protected_methods,public_method,public_methods,public_send,remove_instance_variable,respond_to?,send,set_backtrace,singleton_class,singleton_method,singleton_methods,tap,then,to_enum,to_s,yield_self
IO::Buffer::LockedError	S	!,!=,!~,<,<=,<=>,==,===,>,>=,__id__,__send__,alias_method,allocate,ancestors,attached_object,attr,attr_accessor,attr_reader,attr_writer,autoload,autoload?,class,class_eval,class_exec,class_variable_defined?,class_variable_get,class_variable_set,class_variables,clone,const_defined?,const_get,const_missing,const_set,const_source_location,constants,define_method,define_singleton_method,deprecate_constant,display,dup,enum_for,eql?,equal?,exception,extend,freeze,frozen?,hash,include,include?,included_modules,inspect,instance_eval,instance_exec,instance_method,instance_methods,instance_of?,instance_variable_defined?,instance_variable_get,instance_variable_set,instance_variables,is_a?,itself,kind_of?,method,method_defined?,methods,module_eval,module_exec,name,new,nil?,object_id,prepend,private_class_method,private_constant,private_instance_methods,private_method_defined?,private_methods,protected_instance_methods,protected_method_defined?,protected_methods,public_class_method,public_constant,public_instance_method,public_instance_methods,public_method,public_method_defined?,public_methods,public_send,refinements,remove_class_variable,remove_instance_variable,remove_method,respond_to?,send,set_temporary_name,singleton_class,singleton_class?,singleton_method,singleton_methods,subclasses,superclass,tap,then,to_enum,to_s,to_tty?,undef_method,undefined_instance_methods,yield_self
IO::Buffer::LockedError	P	Array,Complex,Float,Hash,Integer,Pathname,Rational,String,__callee__,__dir__,__method__,`,abort,at_exit,autoload,autoload?,binding,block_given?,caller,caller_locations,catch,eval,exec,exit,exit!,fail,fork,format,gets,global_variables,initialize,initialize_clone,initialize_copy,initialize_dup,instance_variables_to_inspect,iterator?,lambda,load,local_variables,loop,method_missing,open,p,pp,print,printf,proc,putc,puts,raise,rand,readline,readlines,require,require_relative,respond_to_missing?,select,set_trace_func,singleton_method_added,singleton_method_removed,singleton_method_undefined,sleep,spawn,sprintf,srand,syscall,system,test,throw,trace_var,trap,untrace_var,warn
IO::Buffer::MaskError	i	
IO::Buffer::MaskError	s	
IO::Buffer::MaskError	p	
IO::Buffer::MaskError	c	
IO::Buffer::MaskError	I	!,!=,!~,<=>,==,===,__id__,__send__,backtrace,backtrace_locations,cause,class,clone,define_singleton_method,detailed_message,display,dup,enum_for,eql?,equal?,exception,extend,freeze,frozen?,full_message,hash,inspect,instance_eval,instance_exec,instance_of?,instance_variable_defined?,instance_variable_get,instance_variable_set,instance_variables,is_a?,itself,kind_of?,message,method,methods,nil?,object_id,private_methods,protected_methods,public_method,public_methods,public_send,remove_instance_variable,respond_to?,send,set_backtrace,singleton_class,singleton_method,singleton_methods,tap,then,to_enum,to_s,yield_self
IO::Buffer::MaskError	S	!,!=,!~,<,<=,<=>,==,===,>,>=,__id__,__send__,alias_method,allocate,ancestors,attached_object,attr,attr_accessor,attr_reader,attr_writer,autoload,autoload?,class,class_eval,class_exec,class_variable_defined?,class_variable_get,class_variable_set,class_variables,clone,const_defined?,const_get,const_missing,const_set,const_source_location,constants,define_method,define_singleton_method,deprecate_constant,display,dup,enum_for,eql?,equal?,exception,extend,freeze,frozen?,hash,include,include?,included_modules,inspect,instance_eval,instance_exec,instance_method,instance_methods,instance_of?,instance_variable_defined?,instance_variable_get,instance_variable_set,instance_variables,is_a?,itself,kind_of?,method,method_defined?,methods,module_eval,module_exec,name,new,nil?,object_id,prepend,private_class_method,private_constant,private_instance_methods,private_method_defined?,private_methods,protected_instance_methods,protected_method_defined?,protected_methods,public_class_method,public_constant,public_instance_method,public_instance_methods,public_method,public_method_defined?,public_methods,public_send,refinements,remove_class_variable,remove_instance_variable,remove_method,respond_to?,send,set_temporary_name,singleton_class,singleton_class?,singleton_method,singleton_methods,subclasses,superclass,tap,then,to_enum,to_s,to_tty?,undef_method,undefined_instance_methods,yield_self
IO::Buffer::MaskError	P	Array,Complex,Float,Hash,Integer,Pathname,Rational,String,__callee__,__dir__,__method__,`,abort,at_exit,autoload,autoload?,binding,block_given?,caller,caller_locations,catch,eval,exec,exit,exit!,fail,fork,format,gets,global_variables,initialize,initialize_clone,initialize_copy,initialize_dup,instance_variables_to_inspect,iterator?,lambda,load,local_variables,loop,method_missing,open,p,pp,print,printf,proc,putc,puts,raise,rand,readline,readlines,require,require_relative,respond_to_missing?,select,set_trace_func,singleton_method_added,singleton_method_removed,singleton_method_undefined,sleep,spawn,sprintf,srand,syscall,system,test,throw,trace_var,trap,untrace_var,warn
IO::EAGAINWaitReadable	i	
IO::EAGAINWaitReadable	s	
IO::EAGAINWaitReadable	p	
IO::EAGAINWaitReadable	c	
IO::EAGAINWaitReadable	I	!,!=,!~,<=>,==,===,__id__,__send__,backtrace,backtrace_locations,cause,class,clone,define_singleton_method,detailed_message,display,dup,enum_for,eql?,equal?,errno,exception,extend,freeze,frozen?,full_message,hash,inspect,instance_eval,instance_exec,instance_of?,instance_variable_defined?,instance_variable_get,instance_variable_set,instance_variables,is_a?,itself,kind_of?,message,method,methods,nil?,object_id,private_methods,protected_methods,public_method,public_methods,public_send,remove_instance_variable,respond_to?,send,set_backtrace,singleton_class,singleton_method,singleton_methods,tap,then,to_enum,to_s,yield_self
IO::EAGAINWaitReadable	S	!,!=,!~,<,<=,<=>,==,===,>,>=,__id__,__send__,alias_method,allocate,ancestors,attached_object,attr,attr_accessor,attr_reader,attr_writer,autoload,autoload?,class,class_eval,class_exec,class_variable_defined?,class_variable_get,class_variable_set,class_variables,clone,const_defined?,const_get,const_missing,const_set,const_source_location,constants,define_method,define_singleton_method,deprecate_constant,display,dup,enum_for,eql?,equal?,exception,extend,freeze,frozen?,hash,include,include?,included_modules,inspect,instance_eval,instance_exec,instance_method,instance_methods,instance_of?,instance_variable_defined?,instance_variable_get,instance_variable_set,instance_variables,is_a?,itself,kind_of?,method,method_defined?,methods,module_eval,module_exec,name,new,nil?,object_id,prepend,private_class_method,private_constant,private_instance_methods,private_method_defined?,private_methods,protected_instance_methods,protected_method_defined?,protected_methods,public_class_method,public_constant,public_instance_method,public_instance_methods,public_method,public_method_defined?,public_methods,public_send,refinements,remove_class_variable,remove_instance_variable,remove_method,respond_to?,send,set_temporary_name,singleton_class,singleton_class?,singleton_method,singleton_methods,subclasses,superclass,tap,then,to_enum,to_s,to_tty?,undef_method,undefined_instance_methods,yield_self
IO::EAGAINWaitReadable	P	Array,Complex,Float,Hash,Integer,Pathname,Rational,String,__callee__,__dir__,__method__,`,abort,at_exit,autoload,autoload?,binding,block_given?,caller,caller_locations,catch,eval,exec,exit,exit!,fail,fork,format,gets,global_variables,initialize,initialize_clone,initialize_copy,initialize_dup,instance_variables_to_inspect,iterator?,lambda,load,local_variables,loop,method_missing,open,p,pp,print,printf,proc,putc,puts,raise,rand,readline,readlines,require,require_relative,respond_to_missing?,select,set_trace_func,singleton_method_added,singleton_method_removed,singleton_method_undefined,sleep,spawn,sprintf,srand,syscall,system,test,throw,trace_var,trap,untrace_var,warn
IO::EAGAINWaitWritable	i	
IO::EAGAINWaitWritable	s	
IO::EAGAINWaitWritable	p	
IO::EAGAINWaitWritable	c	
IO::EAGAINWaitWritable	I	!,!=,!~,<=>,==,===,__id__,__send__,backtrace,backtrace_locations,cause,class,clone,define_singleton_method,detailed_message,display,dup,enum_for,eql?,equal?,errno,exception,extend,freeze,frozen?,full_message,hash,inspect,instance_eval,instance_exec,instance_of?,instance_variable_defined?,instance_variable_get,instance_variable_set,instance_variables,is_a?,itself,kind_of?,message,method,methods,nil?,object_id,private_methods,protected_methods,public_method,public_methods,public_send,remove_instance_variable,respond_to?,send,set_backtrace,singleton_class,singleton_method,singleton_methods,tap,then,to_enum,to_s,yield_self
IO::EAGAINWaitWritable	S	!,!=,!~,<,<=,<=>,==,===,>,>=,__id__,__send__,alias_method,allocate,ancestors,attached_object,attr,attr_accessor,attr_reader,attr_writer,autoload,autoload?,class,class_eval,class_exec,class_variable_defined?,class_variable_get,class_variable_set,class_variables,clone,const_defined?,const_get,const_missing,const_set,const_source_location,constants,define_method,define_singleton_method,deprecate_constant,display,dup,enum_for,eql?,equal?,exception,extend,freeze,frozen?,hash,include,include?,included_modules,inspect,instance_eval,instance_exec,instance_method,instance_methods,instance_of?,instance_variable_defined?,instance_variable_get,instance_variable_set,instance_variables,is_a?,itself,kind_of?,method,method_defined?,methods,module_eval,module_exec,name,new,nil?,object_id,prepend,private_class_method,private_constant,private_instance_methods,private_method_defined?,private_methods,protected_instance_methods,protected_method_defined?,protected_methods,public_class_method,public_constant,public_instance_method,public_instance_methods,public_method,public_method_defined?,public_methods,public_send,refinements,remove_class_variable,remove_instance_variable,remove_method,respond_to?,send,set_temporary_name,singleton_class,singleton_class?,singleton_method,singleton_methods,subclasses,superclass,tap,then,to_enum,to_s,to_tty?,undef_method,undefined_instance_methods,yield_self
IO::EAGAINWaitWritable	P	Array,Complex,Float,Hash,Integer,Pathname,Rational,String,__callee__,__dir__,__method__,`,abort,at_exit,autoload,autoload?,binding,block_given?,caller,caller_locations,catch,eval,exec,exit,exit!,fail,fork,format,gets,global_variables,initialize,initialize_clone,initialize_copy,initialize_dup,instance_variables_to_inspect,iterator?,lambda,load,local_variables,loop,method_missing,open,p,pp,print,printf,proc,putc,puts,raise,rand,readline,readlines,require,require_relative,respond_to_missing?,select,set_trace_func,singleton_method_added,singleton_method_removed,singleton_method_undefined,sleep,spawn,sprintf,srand,syscall,system,test,throw,trace_var,trap,untrace_var,warn
IO::EINPROGRESSWaitReadable	i	
IO::EINPROGRESSWaitReadable	s	
IO::EINPROGRESSWaitReadable	p	
IO::EINPROGRESSWaitReadable	c	
IO::EINPROGRESSWaitReadable	I	!,!=,!~,<=>,==,===,__id__,__send__,backtrace,backtrace_locations,cause,class,clone,define_singleton_method,detailed_message,display,dup,enum_for,eql?,equal?,errno,exception,extend,freeze,frozen?,full_message,hash,inspect,instance_eval,instance_exec,instance_of?,instance_variable_defined?,instance_variable_get,instance_variable_set,instance_variables,is_a?,itself,kind_of?,message,method,methods,nil?,object_id,private_methods,protected_methods,public_method,public_methods,public_send,remove_instance_variable,respond_to?,send,set_backtrace,singleton_class,singleton_method,singleton_methods,tap,then,to_enum,to_s,yield_self
IO::EINPROGRESSWaitReadable	S	!,!=,!~,<,<=,<=>,==,===,>,>=,__id__,__send__,alias_method,allocate,ancestors,attached_object,attr,attr_accessor,attr_reader,attr_writer,autoload,autoload?,class,class_eval,class_exec,class_variable_defined?,class_variable_get,class_variable_set,class_variables,clone,const_defined?,const_get,const_missing,const_set,const_source_location,constants,define_method,define_singleton_method,deprecate_constant,display,dup,enum_for,eql?,equal?,exception,extend,freeze,frozen?,hash,include,include?,included_modules,inspect,instance_eval,instance_exec,instance_method,instance_methods,instance_of?,instance_variable_defined?,instance_variable_get,instance_variable_set,instance_variables,is_a?,itself,kind_of?,method,method_defined?,methods,module_eval,module_exec,name,new,nil?,object_id,prepend,private_class_method,private_constant,private_instance_methods,private_method_defined?,private_methods,protected_instance_methods,protected_method_defined?,protected_methods,public_class_method,public_constant,public_instance_method,public_instance_methods,public_method,public_method_defined?,public_methods,public_send,refinements,remove_class_variable,remove_instance_variable,remove_method,respond_to?,send,set_temporary_name,singleton_class,singleton_class?,singleton_method,singleton_methods,subclasses,superclass,tap,then,to_enum,to_s,to_tty?,undef_method,undefined_instance_methods,yield_self
IO::EINPROGRESSWaitReadable	P	Array,Complex,Float,Hash,Integer,Pathname,Rational,String,__callee__,__dir__,__method__,`,abort,at_exit,autoload,autoload?,binding,block_given?,caller,caller_locations,catch,eval,exec,exit,exit!,fail,fork,format,gets,global_variables,initialize,initialize_clone,initialize_copy,initialize_dup,instance_variables_to_inspect,iterator?,lambda,load,local_variables,loop,method_missing,open,p,pp,print,printf,proc,putc,puts,raise,rand,readline,readlines,require,require_relative,respond_to_missing?,select,set_trace_func,singleton_method_added,singleton_method_removed,singleton_method_undefined,sleep,spawn,sprintf,srand,syscall,system,test,throw,trace_var,trap,untrace_var,warn
IO::EINPROGRESSWaitWritable	i	
IO::EINPROGRESSWaitWritable	s	
IO::EINPROGRESSWaitWritable	p	
IO::EINPROGRESSWaitWritable	c	
IO::EINPROGRESSWaitWritable	I	!,!=,!~,<=>,==,===,__id__,__send__,backtrace,backtrace_locations,cause,class,clone,define_singleton_method,detailed_message,display,dup,enum_for,eql?,equal?,errno,exception,extend,freeze,frozen?,full_message,hash,inspect,instance_eval,instance_exec,instance_of?,instance_variable_defined?,instance_variable_get,instance_variable_set,instance_variables,is_a?,itself,kind_of?,message,method,methods,nil?,object_id,private_methods,protected_methods,public_method,public_methods,public_send,remove_instance_variable,respond_to?,send,set_backtrace,singleton_class,singleton_method,singleton_methods,tap,then,to_enum,to_s,yield_self
IO::EINPROGRESSWaitWritable	S	!,!=,!~,<,<=,<=>,==,===,>,>=,__id__,__send__,alias_method,allocate,ancestors,attached_object,attr,attr_accessor,attr_reader,attr_writer,autoload,autoload?,class,class_eval,class_exec,class_variable_defined?,class_variable_get,class_variable_set,class_variables,clone,const_defined?,const_get,const_missing,const_set,const_source_location,constants,define_method,define_singleton_method,deprecate_constant,display,dup,enum_for,eql?,equal?,exception,extend,freeze,frozen?,hash,include,include?,included_modules,inspect,instance_eval,instance_exec,instance_method,instance_methods,instance_of?,instance_variable_defined?,instance_variable_get,instance_variable_set,instance_variables,is_a?,itself,kind_of?,method,method_defined?,methods,module_eval,module_exec,name,new,nil?,object_id,prepend,private_class_method,private_constant,private_instance_methods,private_method_defined?,private_methods,protected_instance_methods,protected_method_defined?,protected_methods,public_class_method,public_constant,public_instance_method,public_instance_methods,public_method,public_method_defined?,public_methods,public_send,refinements,remove_class_variable,remove_instance_variable,remove_method,respond_to?,send,set_temporary_name,singleton_class,singleton_class?,singleton_method,singleton_methods,subclasses,superclass,tap,then,to_enum,to_s,to_tty?,undef_method,undefined_instance_methods,yield_self
IO::EINPROGRESSWaitWritable	P	Array,Complex,Float,Hash,Integer,Pathname,Rational,String,__callee__,__dir__,__method__,`,abort,at_exit,autoload,autoload?,binding,block_given?,caller,caller_locations,catch,eval,exec,exit,exit!,fail,fork,format,gets,global_variables,initialize,initialize_clone,initialize_copy,initialize_dup,instance_variables_to_inspect,iterator?,lambda,load,local_variables,loop,method_missing,open,p,pp,print,printf,proc,putc,puts,raise,rand,readline,readlines,require,require_relative,respond_to_missing?,select,set_trace_func,singleton_method_added,singleton_method_removed,singleton_method_undefined,sleep,spawn,sprintf,srand,syscall,system,test,throw,trace_var,trap,untrace_var,warn
IO::TimeoutError	i	
IO::TimeoutError	s	
IO::TimeoutError	p	
IO::TimeoutError	c	
IO::TimeoutError	I	!,!=,!~,<=>,==,===,__id__,__send__,backtrace,backtrace_locations,cause,class,clone,define_singleton_method,detailed_message,display,dup,enum_for,eql?,equal?,exception,extend,freeze,frozen?,full_message,hash,inspect,instance_eval,instance_exec,instance_of?,instance_variable_defined?,instance_variable_get,instance_variable_set,instance_variables,is_a?,itself,kind_of?,message,method,methods,nil?,object_id,private_methods,protected_methods,public_method,public_methods,public_send,remove_instance_variable,respond_to?,send,set_backtrace,singleton_class,singleton_method,singleton_methods,tap,then,to_enum,to_s,yield_self
IO::TimeoutError	S	!,!=,!~,<,<=,<=>,==,===,>,>=,__id__,__send__,alias_method,allocate,ancestors,attached_object,attr,attr_accessor,attr_reader,attr_writer,autoload,autoload?,class,class_eval,class_exec,class_variable_defined?,class_variable_get,class_variable_set,class_variables,clone,const_defined?,const_get,const_missing,const_set,const_source_location,constants,define_method,define_singleton_method,deprecate_constant,display,dup,enum_for,eql?,equal?,exception,extend,freeze,frozen?,hash,include,include?,included_modules,inspect,instance_eval,instance_exec,instance_method,instance_methods,instance_of?,instance_variable_defined?,instance_variable_get,instance_variable_set,instance_variables,is_a?,itself,kind_of?,method,method_defined?,methods,module_eval,module_exec,name,new,nil?,object_id,prepend,private_class_method,private_constant,private_instance_methods,private_method_defined?,private_methods,protected_instance_methods,protected_method_defined?,protected_methods,public_class_method,public_constant,public_instance_method,public_instance_methods,public_method,public_method_defined?,public_methods,public_send,refinements,remove_class_variable,remove_instance_variable,remove_method,respond_to?,send,set_temporary_name,singleton_class,singleton_class?,singleton_method,singleton_methods,subclasses,superclass,tap,then,to_enum,to_s,to_tty?,undef_method,undefined_instance_methods,yield_self
IO::TimeoutError	P	Array,Complex,Float,Hash,Integer,Pathname,Rational,String,__callee__,__dir__,__method__,`,abort,at_exit,autoload,autoload?,binding,block_given?,caller,caller_locations,catch,eval,exec,exit,exit!,fail,fork,format,gets,global_variables,initialize,initialize_clone,initialize_copy,initialize_dup,instance_variables_to_inspect,iterator?,lambda,load,local_variables,loop,method_missing,open,p,pp,print,printf,proc,putc,puts,raise,rand,readline,readlines,require,require_relative,respond_to_missing?,select,set_trace_func,singleton_method_added,singleton_method_removed,singleton_method_undefined,sleep,spawn,sprintf,srand,syscall,system,test,throw,trace_var,trap,untrace_var,warn
IO::WaitReadable	i	
IO::WaitReadable	s	
IO::WaitReadable	p	
IO::WaitReadable	c	
IO::WaitReadable	I	
IO::WaitReadable	S	!,!=,!~,<,<=,<=>,==,===,>,>=,__id__,__send__,alias_method,ancestors,attr,attr_accessor,attr_reader,attr_writer,autoload,autoload?,class,class_eval,class_exec,class_variable_defined?,class_variable_get,class_variable_set,class_variables,clone,const_defined?,const_get,const_missing,const_set,const_source_location,constants,define_method,define_singleton_method,deprecate_constant,display,dup,enum_for,eql?,equal?,extend,freeze,frozen?,hash,include,include?,included_modules,inspect,instance_eval,instance_exec,instance_method,instance_methods,instance_of?,instance_variable_defined?,instance_variable_get,instance_variable_set,instance_variables,is_a?,itself,kind_of?,method,method_defined?,methods,module_eval,module_exec,name,nil?,object_id,prepend,private_class_method,private_constant,private_instance_methods,private_method_defined?,private_methods,protected_instance_methods,protected_method_defined?,protected_methods,public_class_method,public_constant,public_instance_method,public_instance_methods,public_method,public_method_defined?,public_methods,public_send,refinements,remove_class_variable,remove_instance_variable,remove_method,respond_to?,send,set_temporary_name,singleton_class,singleton_class?,singleton_method,singleton_methods,tap,then,to_enum,to_s,undef_method,undefined_instance_methods,yield_self
IO::WaitReadable	P	
IO::WaitWritable	i	
IO::WaitWritable	s	
IO::WaitWritable	p	
IO::WaitWritable	c	
IO::WaitWritable	I	
IO::WaitWritable	S	!,!=,!~,<,<=,<=>,==,===,>,>=,__id__,__send__,alias_method,ancestors,attr,attr_accessor,attr_reader,attr_writer,autoload,autoload?,class,class_eval,class_exec,class_variable_defined?,class_variable_get,class_variable_set,class_variables,clone,const_defined?,const_get,const_missing,const_set,const_source_location,constants,define_method,define_singleton_method,deprecate_constant,display,dup,enum_for,eql?,equal?,extend,freeze,frozen?,hash,include,include?,included_modules,inspect,instance_eval,instance_exec,instance_method,instance_methods,instance_of?,instance_variable_defined?,instance_variable_get,instance_variable_set,instance_variables,is_a?,itself,kind_of?,method,method_defined?,methods,module_eval,module_exec,name,nil?,object_id,prepend,private_class_method,private_constant,private_instance_methods,private_method_defined?,private_methods,protected_instance_methods,protected_method_defined?,protected_methods,public_class_method,public_constant,public_instance_method,public_instance_methods,public_method,public_method_defined?,public_methods,public_send,refinements,remove_class_variable,remove_instance_variable,remove_method,respond_to?,send,set_temporary_name,singleton_class,singleton_class?,singleton_method,singleton_methods,tap,then,to_enum,to_s,undef_method,undefined_instance_methods,yield_self
IO::WaitWritable	P	
IOError	i	
IOError	s	
IOError	p	
IOError	c	
IOError	I	!,!=,!~,<=>,==,===,__id__,__send__,backtrace,backtrace_locations,cause,class,clone,define_singleton_method,detailed_message,display,dup,enum_for,eql?,equal?,exception,extend,freeze,frozen?,full_message,hash,inspect,instance_eval,instance_exec,instance_of?,instance_variable_defined?,instance_variable_get,instance_variable_set,instance_variables,is_a?,itself,kind_of?,message,method,methods,nil?,object_id,private_methods,protected_methods,public_method,public_methods,public_send,remove_instance_variable,respond_to?,send,set_backtrace,singleton_class,singleton_method,singleton_methods,tap,then,to_enum,to_s,yield_self
IOError	S	!,!=,!~,<,<=,<=>,==,===,>,>=,__id__,__send__,alias_method,allocate,ancestors,attached_object,attr,attr_accessor,attr_reader,attr_writer,autoload,autoload?,class,class_eval,class_exec,class_variable_defined?,class_variable_get,class_variable_set,class_variables,clone,const_defined?,const_get,const_missing,const_set,const_source_location,constants,define_method,define_singleton_method,deprecate_constant,display,dup,enum_for,eql?,equal?,exception,extend,freeze,frozen?,hash,include,include?,included_modules,inspect,instance_eval,instance_exec,instance_method,instance_methods,instance_of?,instance_variable_defined?,instance_variable_get,instance_variable_set,instance_variables,is_a?,itself,kind_of?,method,method_defined?,methods,module_eval,module_exec,name,new,nil?,object_id,prepend,private_class_method,private_constant,private_instance_methods,private_method_defined?,private_methods,protected_instance_methods,protected_method_defined?,protected_methods,public_class_method,public_constant,public_instance_method,public_instance_methods,public_method,public_method_defined?,public_methods,public_send,refinements,remove_class_variable,remove_instance_variable,remove_method,respond_to?,send,set_temporary_name,singleton_class,singleton_class?,singleton_method,singleton_methods,subclasses,superclass,tap,then,to_enum,to_s,to_tty?,undef_method,undefined_instance_methods,yield_self
IOError	P	Array,Complex,Float,Hash,Integer,Pathname,Rational,String,__callee__,__dir__,__method__,`,abort,at_exit,autoload,autoload?,binding,block_given?,caller,caller_locations,catch,eval,exec,exit,exit!,fail,fork,format,gets,global_variables,initialize,initialize_clone,initialize_copy,initialize_dup,instance_variables_to_inspect,iterator?,lambda,load,local_variables,loop,method_missing,open,p,pp,print,printf,proc,putc,puts,raise,rand,readline,readlines,require,require_relative,respond_to_missing?,select,set_trace_func,singleton_method_added,singleton_method_removed,singleton_method_undefined,sleep,spawn,sprintf,srand,syscall,system,test,throw,trace_var,trap,untrace_var,warn
IndexError	i	
IndexError	s	
IndexError	p	
IndexError	c	
IndexError	I	!,!=,!~,<=>,==,===,__id__,__send__,backtrace,backtrace_locations,cause,class,clone,define_singleton_method,detailed_message,display,dup,enum_for,eql?,equal?,exception,extend,freeze,frozen?,full_message,hash,inspect,instance_eval,instance_exec,instance_of?,instance_variable_defined?,instance_variable_get,instance_variable_set,instance_variables,is_a?,itself,kind_of?,message,method,methods,nil?,object_id,private_methods,protected_methods,public_method,public_methods,public_send,remove_instance_variable,respond_to?,send,set_backtrace,singleton_class,singleton_method,singleton_methods,tap,then,to_enum,to_s,yield_self
IndexError	S	!,!=,!~,<,<=,<=>,==,===,>,>=,__id__,__send__,alias_method,allocate,ancestors,attached_object,attr,attr_accessor,attr_reader,attr_writer,autoload,autoload?,class,class_eval,class_exec,class_variable_defined?,class_variable_get,class_variable_set,class_variables,clone,const_defined?,const_get,const_missing,const_set,const_source_location,constants,define_method,define_singleton_method,deprecate_constant,display,dup,enum_for,eql?,equal?,exception,extend,freeze,frozen?,hash,include,include?,included_modules,inspect,instance_eval,instance_exec,instance_method,instance_methods,instance_of?,instance_variable_defined?,instance_variable_get,instance_variable_set,instance_variables,is_a?,itself,kind_of?,method,method_defined?,methods,module_eval,module_exec,name,new,nil?,object_id,prepend,private_class_method,private_constant,private_instance_methods,private_method_defined?,private_methods,protected_instance_methods,protected_method_defined?,protected_methods,public_class_method,public_constant,public_instance_method,public_instance_methods,public_method,public_method_defined?,public_methods,public_send,refinements,remove_class_variable,remove_instance_variable,remove_method,respond_to?,send,set_temporary_name,singleton_class,singleton_class?,singleton_method,singleton_methods,subclasses,superclass,tap,then,to_enum,to_s,to_tty?,undef_method,undefined_instance_methods,yield_self
IndexError	P	Array,Complex,Float,Hash,Integer,Pathname,Rational,String,__callee__,__dir__,__method__,`,abort,at_exit,autoload,autoload?,binding,block_given?,caller,caller_locations,catch,eval,exec,exit,exit!,fail,fork,format,gets,global_variables,initialize,initialize_clone,initialize_copy,initialize_dup,instance_variables_to_inspect,iterator?,lambda,load,local_variables,loop,method_missing,open,p,pp,print,printf,proc,putc,puts,raise,rand,readline,readlines,require,require_relative,respond_to_missing?,select,set_trace_func,singleton_method_added,singleton_method_removed,singleton_method_undefined,sleep,spawn,sprintf,srand,syscall,system,test,throw,trace_var,trap,untrace_var,warn
Integer	i	%,&,*,**,+,-,-@,/,<,<<,<=,<=>,==,===,>,>=,>>,[],^,abs,allbits?,anybits?,bit_length,ceil,ceildiv,chr,coerce,denominator,digits,div,divmod,downto,even?,fdiv,floor,gcd,gcdlcm,inspect,integer?,lcm,magnitude,modulo,next,nobits?,numerator,odd?,ord,pow,pred,rationalize,remainder,round,size,succ,times,to_f,to_i,to_int,to_r,to_s,truncate,upto,zero?,|,~
Integer	s	sqrt,try_convert
Integer	p	
Integer	c	
Integer	I	!,!=,!~,%,&,*,**,+,+@,-,-@,/,<,<<,<=,<=>,==,===,>,>=,>>,[],^,__id__,__send__,abs,abs2,allbits?,angle,anybits?,arg,between?,bit_length,ceil,ceildiv,chr,clamp,class,clone,coerce,conj,conjugate,define_singleton_method,denominator,digits,display,div,divmod,downto,dup,enum_for,eql?,equal?,even?,extend,fdiv,finite?,floor,freeze,frozen?,gcd,gcdlcm,hash,i,imag,imaginary,infinite?,inspect,instance_eval,instance_exec,instance_of?,instance_variable_defined?,instance_variable_get,instance_variable_set,instance_variables,integer?,is_a?,itself,kind_of?,lcm,magnitude,method,methods,modulo,negative?,next,nil?,nobits?,nonzero?,numerator,object_id,odd?,ord,phase,polar,positive?,pow,pred,private_methods,protected_methods,public_method,public_methods,public_send,quo,rationalize,real,real?,rect,rectangular,remainder,remove_instance_variable,respond_to?,round,send,singleton_class,singleton_method,singleton_method_added,singleton_methods,size,step,succ,tap,then,times,to_c,to_enum,to_f,to_i,to_int,to_r,to_s,truncate,upto,yield_self,zero?,|,~
Integer	S	!,!=,!~,<,<=,<=>,==,===,>,>=,__id__,__send__,alias_method,allocate,ancestors,attached_object,attr,attr_accessor,attr_reader,attr_writer,autoload,autoload?,class,class_eval,class_exec,class_variable_defined?,class_variable_get,class_variable_set,class_variables,clone,const_defined?,const_get,const_missing,const_set,const_source_location,constants,define_method,define_singleton_method,deprecate_constant,display,dup,enum_for,eql?,equal?,extend,freeze,frozen?,hash,include,include?,included_modules,inspect,instance_eval,instance_exec,instance_method,instance_methods,instance_of?,instance_variable_defined?,instance_variable_get,instance_variable_set,instance_variables,is_a?,itself,kind_of?,method,method_defined?,methods,module_eval,module_exec,name,nil?,object_id,prepend,private_class_method,private_constant,private_instance_methods,private_method_defined?,private_methods,protected_instance_methods,protected_method_defined?,protected_methods,public_class_method,public_constant,public_instance_method,public_instance_methods,public_method,public_method_defined?,public_methods,public_send,refinements,remove_class_variable,remove_instance_variable,remove_method,respond_to?,send,set_temporary_name,singleton_class,singleton_class?,singleton_method,singleton_methods,sqrt,subclasses,superclass,tap,then,to_enum,to_s,try_convert,undef_method,undefined_instance_methods,yield_self
Integer	P	Array,Complex,Float,Hash,Integer,Pathname,Rational,String,__callee__,__dir__,__method__,`,abort,at_exit,autoload,autoload?,binding,block_given?,caller,caller_locations,catch,eval,exec,exit,exit!,fail,fork,format,gets,global_variables,initialize,initialize_clone,initialize_copy,initialize_dup,instance_variables_to_inspect,iterator?,lambda,load,local_variables,loop,method_missing,open,p,pp,print,printf,proc,putc,puts,raise,rand,readline,readlines,require,require_relative,respond_to_missing?,select,set_trace_func,singleton_method_removed,singleton_method_undefined,sleep,spawn,sprintf,srand,syscall,system,test,throw,trace_var,trap,untrace_var,warn
Interrupt	i	
Interrupt	s	
Interrupt	p	initialize
Interrupt	c	
Interrupt	I	!,!=,!~,<=>,==,===,__id__,__send__,backtrace,backtrace_locations,cause,class,clone,define_singleton_method,detailed_message,display,dup,enum_for,eql?,equal?,exception,extend,freeze,frozen?,full_message,hash,inspect,instance_eval,instance_exec,instance_of?,instance_variable_defined?,instance_variable_get,instance_variable_set,instance_variables,is_a?,itself,kind_of?,message,method,methods,nil?,object_id,private_methods,protected_methods,public_method,public_methods,public_send,remove_instance_variable,respond_to?,send,set_backtrace,signm,signo,singleton_class,singleton_method,singleton_methods,tap,then,to_enum,to_s,yield_self
Interrupt	S	!,!=,!~,<,<=,<=>,==,===,>,>=,__id__,__send__,alias_method,allocate,ancestors,attached_object,attr,attr_accessor,attr_reader,attr_writer,autoload,autoload?,class,class_eval,class_exec,class_variable_defined?,class_variable_get,class_variable_set,class_variables,clone,const_defined?,const_get,const_missing,const_set,const_source_location,constants,define_method,define_singleton_method,deprecate_constant,display,dup,enum_for,eql?,equal?,exception,extend,freeze,frozen?,hash,include,include?,included_modules,inspect,instance_eval,instance_exec,instance_method,instance_methods,instance_of?,instance_variable_defined?,instance_variable_get,instance_variable_set,instance_variables,is_a?,itself,kind_of?,method,method_defined?,methods,module_eval,module_exec,name,new,nil?,object_id,prepend,private_class_method,private_constant,private_instance_methods,private_method_defined?,private_methods,protected_instance_methods,protected_method_defined?,protected_methods,public_class_method,public_constant,public_instance_method,public_instance_methods,public_method,public_method_defined?,public_methods,public_send,refinements,remove_class_variable,remove_instance_variable,remove_method,respond_to?,send,set_temporary_name,singleton_class,singleton_class?,singleton_method,singleton_methods,subclasses,superclass,tap,then,to_enum,to_s,to_tty?,undef_method,undefined_instance_methods,yield_self
Interrupt	P	Array,Complex,Float,Hash,Integer,Pathname,Rational,String,__callee__,__dir__,__method__,`,abort,at_exit,autoload,autoload?,binding,block_given?,caller,caller_locations,catch,eval,exec,exit,exit!,fail,fork,format,gets,global_variables,initialize,initialize_clone,initialize_copy,initialize_dup,instance_variables_to_inspect,iterator?,lambda,load,local_variables,loop,method_missing,open,p,pp,print,printf,proc,putc,puts,raise,rand,readline,readlines,require,require_relative,respond_to_missing?,select,set_trace_func,singleton_method_added,singleton_method_removed,singleton_method_undefined,sleep,spawn,sprintf,srand,syscall,system,test,throw,trace_var,trap,untrace_var,warn
Kernel	i	!~,<=>,===,class,clone,define_singleton_method,display,dup,enum_for,eql?,extend,freeze,frozen?,hash,inspect,instance_of?,instance_variable_defined?,instance_variable_get,instance_variable_set,instance_variables,is_a?,itself,kind_of?,method,methods,nil?,object_id,private_methods,protected_methods,public_method,public_methods,public_send,remove_instance_variable,respond_to?,send,singleton_class,singleton_method,singleton_methods,tap,then,to_enum,to_s,yield_self
Kernel	s	Array,Complex,Float,Hash,Integer,Pathname,Rational,String,__callee__,__dir__,__method__,`,abort,at_exit,autoload,autoload?,binding,block_given?,caller,caller_locations,catch,eval,exec,exit,exit!,fail,fork,format,gets,global_variables,iterator?,lambda,load,local_variables,loop,open,p,print,printf,proc,putc,puts,raise,rand,readline,readlines,require,require_relative,select,set_trace_func,sleep,spawn,sprintf,srand,syscall,system,test,throw,trace_var,trap,untrace_var,warn
Kernel	p	Array,Complex,Float,Hash,Integer,Pathname,Rational,String,__callee__,__dir__,__method__,`,abort,at_exit,autoload,autoload?,binding,block_given?,caller,caller_locations,catch,eval,exec,exit,exit!,fail,fork,format,gets,global_variables,initialize_clone,initialize_copy,initialize_dup,instance_variables_to_inspect,iterator?,lambda,load,local_variables,loop,open,p,pp,print,printf,proc,putc,puts,raise,rand,readline,readlines,require,require_relative,respond_to_missing?,select,set_trace_func,sleep,spawn,sprintf,srand,syscall,system,test,throw,trace_var,trap,untrace_var,warn
Kernel	c	
Kernel	I	!~,<=>,===,class,clone,define_singleton_method,display,dup,enum_for,eql?,extend,freeze,frozen?,hash,inspect,instance_of?,instance_variable_defined?,instance_variable_get,instance_variable_set,instance_variables,is_a?,itself,kind_of?,method,methods,nil?,object_id,private_methods,protected_methods,public_method,public_methods,public_send,remove_instance_variable,respond_to?,send,singleton_class,singleton_method,singleton_methods,tap,then,to_enum,to_s,yield_self
Kernel	S	!,!=,!~,<,<=,<=>,==,===,>,>=,Array,Complex,Float,Hash,Integer,Pathname,Rational,String,__callee__,__dir__,__id__,__method__,__send__,`,abort,alias_method,ancestors,at_exit,attr,attr_accessor,attr_reader,attr_writer,autoload,autoload?,binding,block_given?,caller,caller_locations,catch,class,class_eval,class_exec,class_variable_defined?,class_variable_get,class_variable_set,class_variables,clone,const_defined?,const_get,const_missing,const_set,const_source_location,constants,define_method,define_singleton_method,deprecate_constant,display,dup,enum_for,eql?,equal?,eval,exec,exit,exit!,extend,fail,fork,format,freeze,frozen?,gets,global_variables,hash,include,include?,included_modules,inspect,instance_eval,instance_exec,instance_method,instance_methods,instance_of?,instance_variable_defined?,instance_variable_get,instance_variable_set,instance_variables,is_a?,iterator?,itself,kind_of?,lambda,load,local_variables,loop,method,method_defined?,methods,module_eval,module_exec,name,nil?,object_id,open,p,prepend,print,printf,private_class_method,private_constant,private_instance_methods,private_method_defined?,private_methods,proc,protected_instance_methods,protected_method_defined?,protected_methods,public_class_method,public_constant,public_instance_method,public_instance_methods,public_method,public_method_defined?,public_methods,public_send,putc,puts,raise,rand,readline,readlines,refinements,remove_class_variable,remove_instance_variable,remove_method,require,require_relative,respond_to?,select,send,set_temporary_name,set_trace_func,singleton_class,singleton_class?,singleton_method,singleton_methods,sleep,spawn,sprintf,srand,syscall,system,tap,test,then,throw,to_enum,to_s,trace_var,trap,undef_method,undefined_instance_methods,untrace_var,warn,yield_self
Kernel	P	Array,Complex,Float,Hash,Integer,Pathname,Rational,String,__callee__,__dir__,__method__,`,abort,at_exit,autoload,autoload?,binding,block_given?,caller,caller_locations,catch,eval,exec,exit,exit!,fail,fork,format,gets,global_variables,initialize_clone,initialize_copy,initialize_dup,instance_variables_to_inspect,iterator?,lambda,load,local_variables,loop,open,p,pp,print,printf,proc,putc,puts,raise,rand,readline,readlines,require,require_relative,respond_to_missing?,select,set_trace_func,sleep,spawn,sprintf,srand,syscall,system,test,throw,trace_var,trap,untrace_var,warn
KeyError	i	key,receiver
KeyError	s	
KeyError	p	initialize
KeyError	c	
KeyError	I	!,!=,!~,<=>,==,===,__id__,__send__,backtrace,backtrace_locations,cause,class,clone,define_singleton_method,detailed_message,display,dup,enum_for,eql?,equal?,exception,extend,freeze,frozen?,full_message,hash,inspect,instance_eval,instance_exec,instance_of?,instance_variable_defined?,instance_variable_get,instance_variable_set,instance_variables,is_a?,itself,key,kind_of?,message,method,methods,nil?,object_id,private_methods,protected_methods,public_method,public_methods,public_send,receiver,remove_instance_variable,respond_to?,send,set_backtrace,singleton_class,singleton_method,singleton_methods,tap,then,to_enum,to_s,yield_self
KeyError	S	!,!=,!~,<,<=,<=>,==,===,>,>=,__id__,__send__,alias_method,allocate,ancestors,attached_object,attr,attr_accessor,attr_reader,attr_writer,autoload,autoload?,class,class_eval,class_exec,class_variable_defined?,class_variable_get,class_variable_set,class_variables,clone,const_defined?,const_get,const_missing,const_set,const_source_location,constants,define_method,define_singleton_method,deprecate_constant,display,dup,enum_for,eql?,equal?,exception,extend,freeze,frozen?,hash,include,include?,included_modules,inspect,instance_eval,instance_exec,instance_method,instance_methods,instance_of?,instance_variable_defined?,instance_variable_get,instance_variable_set,instance_variables,is_a?,itself,kind_of?,method,method_defined?,methods,module_eval,module_exec,name,new,nil?,object_id,prepend,private_class_method,private_constant,private_instance_methods,private_method_defined?,private_methods,protected_instance_methods,protected_method_defined?,protected_methods,public_class_method,public_constant,public_instance_method,public_instance_methods,public_method,public_method_defined?,public_methods,public_send,refinements,remove_class_variable,remove_instance_variable,remove_method,respond_to?,send,set_temporary_name,singleton_class,singleton_class?,singleton_method,singleton_methods,subclasses,superclass,tap,then,to_enum,to_s,to_tty?,undef_method,undefined_instance_methods,yield_self
KeyError	P	Array,Complex,Float,Hash,Integer,Pathname,Rational,String,__callee__,__dir__,__method__,`,abort,at_exit,autoload,autoload?,binding,block_given?,caller,caller_locations,catch,eval,exec,exit,exit!,fail,fork,format,gets,global_variables,initialize,initialize_clone,initialize_copy,initialize_dup,instance_variables_to_inspect,iterator?,lambda,load,local_variables,loop,method_missing,open,p,pp,print,printf,proc,putc,puts,raise,rand,readline,readlines,require,require_relative,respond_to_missing?,select,set_trace_func,singleton_method_added,singleton_method_removed,singleton_method_undefined,sleep,spawn,sprintf,srand,syscall,system,test,throw,trace_var,trap,untrace_var,warn
LoadError	i	path
LoadError	s	
LoadError	p	
LoadError	c	
LoadError	I	!,!=,!~,<=>,==,===,__id__,__send__,backtrace,backtrace_locations,cause,class,clone,define_singleton_method,detailed_message,display,dup,enum_for,eql?,equal?,exception,extend,freeze,frozen?,full_message,hash,inspect,instance_eval,instance_exec,instance_of?,instance_variable_defined?,instance_variable_get,instance_variable_set,instance_variables,is_a?,itself,kind_of?,message,method,methods,nil?,object_id,path,private_methods,protected_methods,public_method,public_methods,public_send,remove_instance_variable,respond_to?,send,set_backtrace,singleton_class,singleton_method,singleton_methods,tap,then,to_enum,to_s,yield_self
LoadError	S	!,!=,!~,<,<=,<=>,==,===,>,>=,__id__,__send__,alias_method,allocate,ancestors,attached_object,attr,attr_accessor,attr_reader,attr_writer,autoload,autoload?,class,class_eval,class_exec,class_variable_defined?,class_variable_get,class_variable_set,class_variables,clone,const_defined?,const_get,const_missing,const_set,const_source_location,constants,define_method,define_singleton_method,deprecate_constant,display,dup,enum_for,eql?,equal?,exception,extend,freeze,frozen?,hash,include,include?,included_modules,inspect,instance_eval,instance_exec,instance_method,instance_methods,instance_of?,instance_variable_defined?,instance_variable_get,instance_variable_set,instance_variables,is_a?,itself,kind_of?,method,method_defined?,methods,module_eval,module_exec,name,new,nil?,object_id,prepend,private_class_method,private_constant,private_instance_methods,private_method_defined?,private_methods,protected_instance_methods,protected_method_defined?,protected_methods,public_class_method,public_constant,public_instance_method,public_instance_methods,public_method,public_method_defined?,public_methods,public_send,refinements,remove_class_variable,remove_instance_variable,remove_method,respond_to?,send,set_temporary_name,singleton_class,singleton_class?,singleton_method,singleton_methods,subclasses,superclass,tap,then,to_enum,to_s,to_tty?,undef_method,undefined_instance_methods,yield_self
LoadError	P	Array,Complex,Float,Hash,Integer,Pathname,Rational,String,__callee__,__dir__,__method__,`,abort,at_exit,autoload,autoload?,binding,block_given?,caller,caller_locations,catch,eval,exec,exit,exit!,fail,fork,format,gets,global_variables,initialize,initialize_clone,initialize_copy,initialize_dup,instance_variables_to_inspect,iterator?,lambda,load,local_variables,loop,method_missing,open,p,pp,print,printf,proc,putc,puts,raise,rand,readline,readlines,require,require_relative,respond_to_missing?,select,set_trace_func,singleton_method_added,singleton_method_removed,singleton_method_undefined,sleep,spawn,sprintf,srand,syscall,system,test,throw,trace_var,trap,untrace_var,warn
LocalJumpError	i	exit_value,reason
LocalJumpError	s	
LocalJumpError	p	
LocalJumpError	c	
LocalJumpError	I	!,!=,!~,<=>,==,===,__id__,__send__,backtrace,backtrace_locations,cause,class,clone,define_singleton_method,detailed_message,display,dup,enum_for,eql?,equal?,exception,exit_value,extend,freeze,frozen?,full_message,hash,inspect,instance_eval,instance_exec,instance_of?,instance_variable_defined?,instance_variable_get,instance_variable_set,instance_variables,is_a?,itself,kind_of?,message,method,methods,nil?,object_id,private_methods,protected_methods,public_method,public_methods,public_send,reason,remove_instance_variable,respond_to?,send,set_backtrace,singleton_class,singleton_method,singleton_methods,tap,then,to_enum,to_s,yield_self
LocalJumpError	S	!,!=,!~,<,<=,<=>,==,===,>,>=,__id__,__send__,alias_method,allocate,ancestors,attached_object,attr,attr_accessor,attr_reader,attr_writer,autoload,autoload?,class,class_eval,class_exec,class_variable_defined?,class_variable_get,class_variable_set,class_variables,clone,const_defined?,const_get,const_missing,const_set,const_source_location,constants,define_method,define_singleton_method,deprecate_constant,display,dup,enum_for,eql?,equal?,exception,extend,freeze,frozen?,hash,include,include?,included_modules,inspect,instance_eval,instance_exec,instance_method,instance_methods,instance_of?,instance_variable_defined?,instance_variable_get,instance_variable_set,instance_variables,is_a?,itself,kind_of?,method,method_defined?,methods,module_eval,module_exec,name,new,nil?,object_id,prepend,private_class_method,private_constant,private_instance_methods,private_method_defined?,private_methods,protected_instance_methods,protected_method_defined?,protected_methods,public_class_method,public_constant,public_instance_method,public_instance_methods,public_method,public_method_defined?,public_methods,public_send,refinements,remove_class_variable,remove_instance_variable,remove_method,respond_to?,send,set_temporary_name,singleton_class,singleton_class?,singleton_method,singleton_methods,subclasses,superclass,tap,then,to_enum,to_s,to_tty?,undef_method,undefined_instance_methods,yield_self
LocalJumpError	P	Array,Complex,Float,Hash,Integer,Pathname,Rational,String,__callee__,__dir__,__method__,`,abort,at_exit,autoload,autoload?,binding,block_given?,caller,caller_locations,catch,eval,exec,exit,exit!,fail,fork,format,gets,global_variables,initialize,initialize_clone,initialize_copy,initialize_dup,instance_variables_to_inspect,iterator?,lambda,load,local_variables,loop,method_missing,open,p,pp,print,printf,proc,putc,puts,raise,rand,readline,readlines,require,require_relative,respond_to_missing?,select,set_trace_func,singleton_method_added,singleton_method_removed,singleton_method_undefined,sleep,spawn,sprintf,srand,syscall,system,test,throw,trace_var,trap,untrace_var,warn
Marshal	i	
Marshal	s	dump,load,restore
Marshal	p	dump
Marshal	c	MAJOR_VERSION,MINOR_VERSION
Marshal	I	
Marshal	S	!,!=,!~,<,<=,<=>,==,===,>,>=,__id__,__send__,alias_method,ancestors,attr,attr_accessor,attr_reader,attr_writer,autoload,autoload?,class,class_eval,class_exec,class_variable_defined?,class_variable_get,class_variable_set,class_variables,clone,const_defined?,const_get,const_missing,const_set,const_source_location,constants,define_method,define_singleton_method,deprecate_constant,display,dump,dup,enum_for,eql?,equal?,extend,freeze,frozen?,hash,include,include?,included_modules,inspect,instance_eval,instance_exec,instance_method,instance_methods,instance_of?,instance_variable_defined?,instance_variable_get,instance_variable_set,instance_variables,is_a?,itself,kind_of?,load,method,method_defined?,methods,module_eval,module_exec,name,nil?,object_id,prepend,private_class_method,private_constant,private_instance_methods,private_method_defined?,private_methods,protected_instance_methods,protected_method_defined?,protected_methods,public_class_method,public_constant,public_instance_method,public_instance_methods,public_method,public_method_defined?,public_methods,public_send,refinements,remove_class_variable,remove_instance_variable,remove_method,respond_to?,restore,send,set_temporary_name,singleton_class,singleton_class?,singleton_method,singleton_methods,tap,then,to_enum,to_s,undef_method,undefined_instance_methods,yield_self
Marshal	P	dump
MatchData	i	==,[],begin,bytebegin,byteend,byteoffset,captures,deconstruct,deconstruct_keys,end,eql?,hash,inspect,length,match,match_length,named_captures,names,offset,post_match,pre_match,regexp,size,string,to_a,to_s,values_at
MatchData	s	
MatchData	p	initialize_copy
MatchData	c	
MatchData	I	!,!=,!~,<=>,==,===,[],__id__,__send__,begin,bytebegin,byteend,byteoffset,captures,class,clone,deconstruct,deconstruct_keys,define_singleton_method,display,dup,end,enum_for,eql?,equal?,extend,freeze,frozen?,hash,inspect,instance_eval,instance_exec,instance_of?,instance_variable_defined?,instance_variable_get,instance_variable_set,instance_variables,is_a?,itself,kind_of?,length,match,match_length,method,methods,named_captures,names,nil?,object_id,offset,post_match,pre_match,private_methods,protected_methods,public_method,public_methods,public_send,regexp,remove_instance_variable,respond_to?,send,singleton_class,singleton_method,singleton_methods,size,string,tap,then,to_a,to_enum,to_s,values_at,yield_self
MatchData	S	!,!=,!~,<,<=,<=>,==,===,>,>=,__id__,__send__,alias_method,ancestors,attached_object,attr,attr_accessor,attr_reader,attr_writer,autoload,autoload?,class,class_eval,class_exec,class_variable_defined?,class_variable_get,class_variable_set,class_variables,clone,const_defined?,const_get,const_missing,const_set,const_source_location,constants,define_method,define_singleton_method,deprecate_constant,display,dup,enum_for,eql?,equal?,extend,freeze,frozen?,hash,include,include?,included_modules,inspect,instance_eval,instance_exec,instance_method,instance_methods,instance_of?,instance_variable_defined?,instance_variable_get,instance_variable_set,instance_variables,is_a?,itself,kind_of?,method,method_defined?,methods,module_eval,module_exec,name,nil?,object_id,prepend,private_class_method,private_constant,private_instance_methods,private_method_defined?,private_methods,protected_instance_methods,protected_method_defined?,protected_methods,public_class_method,public_constant,public_instance_method,public_instance_methods,public_method,public_method_defined?,public_methods,public_send,refinements,remove_class_variable,remove_instance_variable,remove_method,respond_to?,send,set_temporary_name,singleton_class,singleton_class?,singleton_method,singleton_methods,subclasses,superclass,tap,then,to_enum,to_s,undef_method,undefined_instance_methods,yield_self
MatchData	P	Array,Complex,Float,Hash,Integer,Pathname,Rational,String,__callee__,__dir__,__method__,`,abort,at_exit,autoload,autoload?,binding,block_given?,caller,caller_locations,catch,eval,exec,exit,exit!,fail,fork,format,gets,global_variables,initialize,initialize_clone,initialize_copy,initialize_dup,instance_variables_to_inspect,iterator?,lambda,load,local_variables,loop,method_missing,open,p,pp,print,printf,proc,putc,puts,raise,rand,readline,readlines,require,require_relative,respond_to_missing?,select,set_trace_func,singleton_method_added,singleton_method_removed,singleton_method_undefined,sleep,spawn,sprintf,srand,syscall,system,test,throw,trace_var,trap,untrace_var,warn
Math	i	
Math	s	acos,acosh,asin,asinh,atan,atan2,atanh,cbrt,cos,cosh,erf,erfc,exp,expm1,frexp,gamma,hypot,ldexp,lgamma,log,log10,log1p,log2,sin,sinh,sqrt,tan,tanh
Math	p	acos,acosh,asin,asinh,atan,atan2,atanh,cbrt,cos,cosh,erf,erfc,exp,expm1,frexp,gamma,hypot,ldexp,lgamma,log,log10,log1p,log2,sin,sinh,sqrt,tan,tanh
Math	c	DomainError,E,PI
Math	I	
Math	S	!,!=,!~,<,<=,<=>,==,===,>,>=,__id__,__send__,acos,acosh,alias_method,ancestors,asin,asinh,atan,atan2,atanh,attr,attr_accessor,attr_reader,attr_writer,autoload,autoload?,cbrt,class,class_eval,class_exec,class_variable_defined?,class_variable_get,class_variable_set,class_variables,clone,const_defined?,const_get,const_missing,const_set,const_source_location,constants,cos,cosh,define_method,define_singleton_method,deprecate_constant,display,dup,enum_for,eql?,equal?,erf,erfc,exp,expm1,extend,freeze,frexp,frozen?,gamma,hash,hypot,include,include?,included_modules,inspect,instance_eval,instance_exec,instance_method,instance_methods,instance_of?,instance_variable_defined?,instance_variable_get,instance_variable_set,instance_variables,is_a?,itself,kind_of?,ldexp,lgamma,log,log10,log1p,log2,method,method_defined?,methods,module_eval,module_exec,name,nil?,object_id,prepend,private_class_method,private_constant,private_instance_methods,private_method_defined?,private_methods,protected_instance_methods,protected_method_defined?,protected_methods,public_class_method,public_constant,public_instance_method,public_instance_methods,public_method,public_method_defined?,public_methods,public_send,refinements,remove_class_variable,remove_instance_variable,remove_method,respond_to?,send,set_temporary_name,sin,singleton_class,singleton_class?,singleton_method,singleton_methods,sinh,sqrt,tan,tanh,tap,then,to_enum,to_s,undef_method,undefined_instance_methods,yield_self
Math	P	acos,acosh,asin,asinh,atan,atan2,atanh,cbrt,cos,cosh,erf,erfc,exp,expm1,frexp,gamma,hypot,ldexp,lgamma,log,log10,log1p,log2,sin,sinh,sqrt,tan,tanh
Math::DomainError	i	
Math::DomainError	s	
Math::DomainError	p	
Math::DomainError	c	
Math::DomainError	I	!,!=,!~,<=>,==,===,__id__,__send__,backtrace,backtrace_locations,cause,class,clone,define_singleton_method,detailed_message,display,dup,enum_for,eql?,equal?,exception,extend,freeze,frozen?,full_message,hash,inspect,instance_eval,instance_exec,instance_of?,instance_variable_defined?,instance_variable_get,instance_variable_set,instance_variables,is_a?,itself,kind_of?,message,method,methods,nil?,object_id,private_methods,protected_methods,public_method,public_methods,public_send,remove_instance_variable,respond_to?,send,set_backtrace,singleton_class,singleton_method,singleton_methods,tap,then,to_enum,to_s,yield_self
Math::DomainError	S	!,!=,!~,<,<=,<=>,==,===,>,>=,__id__,__send__,alias_method,allocate,ancestors,attached_object,attr,attr_accessor,attr_reader,attr_writer,autoload,autoload?,class,class_eval,class_exec,class_variable_defined?,class_variable_get,class_variable_set,class_variables,clone,const_defined?,const_get,const_missing,const_set,const_source_location,constants,define_method,define_singleton_method,deprecate_constant,display,dup,enum_for,eql?,equal?,exception,extend,freeze,frozen?,hash,include,include?,included_modules,inspect,instance_eval,instance_exec,instance_method,instance_methods,instance_of?,instance_variable_defined?,instance_variable_get,instance_variable_set,instance_variables,is_a?,itself,kind_of?,method,method_defined?,methods,module_eval,module_exec,name,new,nil?,object_id,prepend,private_class_method,private_constant,private_instance_methods,private_method_defined?,private_methods,protected_instance_methods,protected_method_defined?,protected_methods,public_class_method,public_constant,public_instance_method,public_instance_methods,public_method,public_method_defined?,public_methods,public_send,refinements,remove_class_variable,remove_instance_variable,remove_method,respond_to?,send,set_temporary_name,singleton_class,singleton_class?,singleton_method,singleton_methods,subclasses,superclass,tap,then,to_enum,to_s,to_tty?,undef_method,undefined_instance_methods,yield_self
Math::DomainError	P	Array,Complex,Float,Hash,Integer,Pathname,Rational,String,__callee__,__dir__,__method__,`,abort,at_exit,autoload,autoload?,binding,block_given?,caller,caller_locations,catch,eval,exec,exit,exit!,fail,fork,format,gets,global_variables,initialize,initialize_clone,initialize_copy,initialize_dup,instance_variables_to_inspect,iterator?,lambda,load,local_variables,loop,method_missing,open,p,pp,print,printf,proc,putc,puts,raise,rand,readline,readlines,require,require_relative,respond_to_missing?,select,set_trace_func,singleton_method_added,singleton_method_removed,singleton_method_undefined,sleep,spawn,sprintf,srand,syscall,system,test,throw,trace_var,trap,untrace_var,warn
Method	i	<<,==,===,>>,[],arity,box,call,clone,curry,dup,eql?,hash,inspect,name,original_name,owner,parameters,receiver,source_location,super_method,to_proc,to_s,unbind
Method	s	
Method	p	
Method	c	
Method	I	!,!=,!~,<<,<=>,==,===,>>,[],__id__,__send__,arity,box,call,class,clone,curry,define_singleton_method,display,dup,enum_for,eql?,equal?,extend,freeze,frozen?,hash,inspect,instance_eval,instance_exec,instance_of?,instance_variable_defined?,instance_variable_get,instance_variable_set,instance_variables,is_a?,itself,kind_of?,method,methods,name,nil?,object_id,original_name,owner,parameters,private_methods,protected_methods,public_method,public_methods,public_send,receiver,remove_instance_variable,respond_to?,send,singleton_class,singleton_method,singleton_methods,source_location,super_method,tap,then,to_enum,to_proc,to_s,unbind,yield_self
Method	S	!,!=,!~,<,<=,<=>,==,===,>,>=,__id__,__send__,alias_method,allocate,ancestors,attached_object,attr,attr_accessor,attr_reader,attr_writer,autoload,autoload?,class,class_eval,class_exec,class_variable_defined?,class_variable_get,class_variable_set,class_variables,clone,const_defined?,const_get,const_missing,const_set,const_source_location,constants,define_method,define_singleton_method,deprecate_constant,display,dup,enum_for,eql?,equal?,extend,freeze,frozen?,hash,include,include?,included_modules,inspect,instance_eval,instance_exec,instance_method,instance_methods,instance_of?,instance_variable_defined?,instance_variable_get,instance_variable_set,instance_variables,is_a?,itself,kind_of?,method,method_defined?,methods,module_eval,module_exec,name,nil?,object_id,prepend,private_class_method,private_constant,private_instance_methods,private_method_defined?,private_methods,protected_instance_methods,protected_method_defined?,protected_methods,public_class_method,public_constant,public_instance_method,public_instance_methods,public_method,public_method_defined?,public_methods,public_send,refinements,remove_class_variable,remove_instance_variable,remove_method,respond_to?,send,set_temporary_name,singleton_class,singleton_class?,singleton_method,singleton_methods,subclasses,superclass,tap,then,to_enum,to_s,undef_method,undefined_instance_methods,yield_self
Method	P	Array,Complex,Float,Hash,Integer,Pathname,Rational,String,__callee__,__dir__,__method__,`,abort,at_exit,autoload,autoload?,binding,block_given?,caller,caller_locations,catch,eval,exec,exit,exit!,fail,fork,format,gets,global_variables,initialize,initialize_clone,initialize_copy,initialize_dup,instance_variables_to_inspect,iterator?,lambda,load,local_variables,loop,method_missing,open,p,pp,print,printf,proc,putc,puts,raise,rand,readline,readlines,require,require_relative,respond_to_missing?,select,set_trace_func,singleton_method_added,singleton_method_removed,singleton_method_undefined,sleep,spawn,sprintf,srand,syscall,system,test,throw,trace_var,trap,untrace_var,warn
Module	i	<,<=,<=>,==,===,>,>=,alias_method,ancestors,attr,attr_accessor,attr_reader,attr_writer,autoload,autoload?,class_eval,class_exec,class_variable_defined?,class_variable_get,class_variable_set,class_variables,const_defined?,const_get,const_missing,const_set,const_source_location,constants,define_method,deprecate_constant,freeze,include,include?,included_modules,inspect,instance_method,instance_methods,method_defined?,module_eval,module_exec,name,prepend,private_class_method,private_constant,private_instance_methods,private_method_defined?,protected_instance_methods,protected_method_defined?,public_class_method,public_constant,public_instance_method,public_instance_methods,public_method_defined?,refinements,remove_class_variable,remove_method,set_temporary_name,singleton_class?,to_s,undef_method,undefined_instance_methods
Module	s	constants,nesting,used_modules,used_refinements
Module	p	append_features,const_added,extend_object,extended,included,initialize,initialize_clone,method_added,method_removed,method_undefined,module_function,prepend_features,prepended,private,protected,public,refine,remove_const,ruby2_keywords,using
Module	c	
Module	I	!,!=,!~,<,<=,<=>,==,===,>,>=,__id__,__send__,alias_method,ancestors,attr,attr_accessor,attr_reader,attr_writer,autoload,autoload?,class,class_eval,class_exec,class_variable_defined?,class_variable_get,class_variable_set,class_variables,clone,const_defined?,const_get,const_missing,const_set,const_source_location,constants,define_method,define_singleton_method,deprecate_constant,display,dup,enum_for,eql?,equal?,extend,freeze,frozen?,hash,include,include?,included_modules,inspect,instance_eval,instance_exec,instance_method,instance_methods,instance_of?,instance_variable_defined?,instance_variable_get,instance_variable_set,instance_variables,is_a?,itself,kind_of?,method,method_defined?,methods,module_eval,module_exec,name,nil?,object_id,prepend,private_class_method,private_constant,private_instance_methods,private_method_defined?,private_methods,protected_instance_methods,protected_method_defined?,protected_methods,public_class_method,public_constant,public_instance_method,public_instance_methods,public_method,public_method_defined?,public_methods,public_send,refinements,remove_class_variable,remove_instance_variable,remove_method,respond_to?,send,set_temporary_name,singleton_class,singleton_class?,singleton_method,singleton_methods,tap,then,to_enum,to_s,undef_method,undefined_instance_methods,yield_self
Module	S	!,!=,!~,<,<=,<=>,==,===,>,>=,__id__,__send__,alias_method,ancestors,attached_object,attr,attr_accessor,attr_reader,attr_writer,autoload,autoload?,class,class_eval,class_exec,class_variable_defined?,class_variable_get,class_variable_set,class_variables,clone,const_defined?,const_get,const_missing,const_set,const_source_location,constants,define_method,define_singleton_method,deprecate_constant,display,dup,enum_for,eql?,equal?,extend,freeze,frozen?,hash,include,include?,included_modules,inspect,instance_eval,instance_exec,instance_method,instance_methods,instance_of?,instance_variable_defined?,instance_variable_get,instance_variable_set,instance_variables,is_a?,itself,kind_of?,method,method_defined?,methods,module_eval,module_exec,name,nesting,new,nil?,object_id,prepend,private_class_method,private_constant,private_instance_methods,private_method_defined?,private_methods,protected_instance_methods,protected_method_defined?,protected_methods,public_class_method,public_constant,public_instance_method,public_instance_methods,public_method,public_method_defined?,public_methods,public_send,refinements,remove_class_variable,remove_instance_variable,remove_method,respond_to?,send,set_temporary_name,singleton_class,singleton_class?,singleton_method,singleton_methods,subclasses,superclass,tap,then,to_enum,to_s,undef_method,undefined_instance_methods,used_modules,used_refinements,yield_self
Module	P	Array,Complex,Float,Hash,Integer,Pathname,Rational,String,__callee__,__dir__,__method__,`,abort,append_features,at_exit,binding,block_given?,caller,caller_locations,catch,const_added,eval,exec,exit,exit!,extend_object,extended,fail,fork,format,gets,global_variables,included,initialize,initialize_clone,initialize_copy,initialize_dup,instance_variables_to_inspect,iterator?,lambda,load,local_variables,loop,method_added,method_missing,method_removed,method_undefined,module_function,open,p,pp,prepend_features,prepended,print,printf,private,proc,protected,public,putc,puts,raise,rand,readline,readlines,refine,remove_const,require,require_relative,respond_to_missing?,ruby2_keywords,select,set_trace_func,singleton_method_added,singleton_method_removed,singleton_method_undefined,sleep,spawn,sprintf,srand,syscall,system,test,throw,trace_var,trap,untrace_var,using,warn
NameError	i	local_variables,name,receiver
NameError	s	
NameError	p	initialize
NameError	c	
NameError	I	!,!=,!~,<=>,==,===,__id__,__send__,backtrace,backtrace_locations,cause,class,clone,define_singleton_method,detailed_message,display,dup,enum_for,eql?,equal?,exception,extend,freeze,frozen?,full_message,hash,inspect,instance_eval,instance_exec,instance_of?,instance_variable_defined?,instance_variable_get,instance_variable_set,instance_variables,is_a?,itself,kind_of?,local_variables,message,method,methods,name,nil?,object_id,private_methods,protected_methods,public_method,public_methods,public_send,receiver,remove_instance_variable,respond_to?,send,set_backtrace,singleton_class,singleton_method,singleton_methods,tap,then,to_enum,to_s,yield_self
NameError	S	!,!=,!~,<,<=,<=>,==,===,>,>=,__id__,__send__,alias_method,allocate,ancestors,attached_object,attr,attr_accessor,attr_reader,attr_writer,autoload,autoload?,class,class_eval,class_exec,class_variable_defined?,class_variable_get,class_variable_set,class_variables,clone,const_defined?,const_get,const_missing,const_set,const_source_location,constants,define_method,define_singleton_method,deprecate_constant,display,dup,enum_for,eql?,equal?,exception,extend,freeze,frozen?,hash,include,include?,included_modules,inspect,instance_eval,instance_exec,instance_method,instance_methods,instance_of?,instance_variable_defined?,instance_variable_get,instance_variable_set,instance_variables,is_a?,itself,kind_of?,method,method_defined?,methods,module_eval,module_exec,name,new,nil?,object_id,prepend,private_class_method,private_constant,private_instance_methods,private_method_defined?,private_methods,protected_instance_methods,protected_method_defined?,protected_methods,public_class_method,public_constant,public_instance_method,public_instance_methods,public_method,public_method_defined?,public_methods,public_send,refinements,remove_class_variable,remove_instance_variable,remove_method,respond_to?,send,set_temporary_name,singleton_class,singleton_class?,singleton_method,singleton_methods,subclasses,superclass,tap,then,to_enum,to_s,to_tty?,undef_method,undefined_instance_methods,yield_self
NameError	P	Array,Complex,Float,Hash,Integer,Pathname,Rational,String,__callee__,__dir__,__method__,`,abort,at_exit,autoload,autoload?,binding,block_given?,caller,caller_locations,catch,eval,exec,exit,exit!,fail,fork,format,gets,global_variables,initialize,initialize_clone,initialize_copy,initialize_dup,instance_variables_to_inspect,iterator?,lambda,load,loop,method_missing,open,p,pp,print,printf,proc,putc,puts,raise,rand,readline,readlines,require,require_relative,respond_to_missing?,select,set_trace_func,singleton_method_added,singleton_method_removed,singleton_method_undefined,sleep,spawn,sprintf,srand,syscall,system,test,throw,trace_var,trap,untrace_var,warn
NilClass	i	&,===,=~,^,inspect,nil?,rationalize,to_a,to_c,to_f,to_h,to_i,to_r,to_s,|
NilClass	s	
NilClass	p	
NilClass	c	
NilClass	I	!,!=,!~,&,<=>,==,===,=~,^,__id__,__send__,class,clone,define_singleton_method,display,dup,enum_for,eql?,equal?,extend,freeze,frozen?,hash,inspect,instance_eval,instance_exec,instance_of?,instance_variable_defined?,instance_variable_get,instance_variable_set,instance_variables,is_a?,itself,kind_of?,method,methods,nil?,object_id,private_methods,protected_methods,public_method,public_methods,public_send,rationalize,remove_instance_variable,respond_to?,send,singleton_class,singleton_method,singleton_methods,tap,then,to_a,to_c,to_enum,to_f,to_h,to_i,to_r,to_s,yield_self,|
NilClass	S	!,!=,!~,<,<=,<=>,==,===,>,>=,__id__,__send__,alias_method,allocate,ancestors,attached_object,attr,attr_accessor,attr_reader,attr_writer,autoload,autoload?,class,class_eval,class_exec,class_variable_defined?,class_variable_get,class_variable_set,class_variables,clone,const_defined?,const_get,const_missing,const_set,const_source_location,constants,define_method,define_singleton_method,deprecate_constant,display,dup,enum_for,eql?,equal?,extend,freeze,frozen?,hash,include,include?,included_modules,inspect,instance_eval,instance_exec,instance_method,instance_methods,instance_of?,instance_variable_defined?,instance_variable_get,instance_variable_set,instance_variables,is_a?,itself,kind_of?,method,method_defined?,methods,module_eval,module_exec,name,nil?,object_id,prepend,private_class_method,private_constant,private_instance_methods,private_method_defined?,private_methods,protected_instance_methods,protected_method_defined?,protected_methods,public_class_method,public_constant,public_instance_method,public_instance_methods,public_method,public_method_defined?,public_methods,public_send,refinements,remove_class_variable,remove_instance_variable,remove_method,respond_to?,send,set_temporary_name,singleton_class,singleton_class?,singleton_method,singleton_methods,subclasses,superclass,tap,then,to_enum,to_s,undef_method,undefined_instance_methods,yield_self
NilClass	P	Array,Complex,Float,Hash,Integer,Pathname,Rational,String,__callee__,__dir__,__method__,`,abort,at_exit,autoload,autoload?,binding,block_given?,caller,caller_locations,catch,eval,exec,exit,exit!,fail,fork,format,gets,global_variables,initialize,initialize_clone,initialize_copy,initialize_dup,instance_variables_to_inspect,iterator?,lambda,load,local_variables,loop,method_missing,open,p,pp,print,printf,proc,putc,puts,raise,rand,readline,readlines,require,require_relative,respond_to_missing?,select,set_trace_func,singleton_method_added,singleton_method_removed,singleton_method_undefined,sleep,spawn,sprintf,srand,syscall,system,test,throw,trace_var,trap,untrace_var,warn
NoMatchingPatternError	i	
NoMatchingPatternError	s	
NoMatchingPatternError	p	
NoMatchingPatternError	c	
NoMatchingPatternError	I	!,!=,!~,<=>,==,===,__id__,__send__,backtrace,backtrace_locations,cause,class,clone,define_singleton_method,detailed_message,display,dup,enum_for,eql?,equal?,exception,extend,freeze,frozen?,full_message,hash,inspect,instance_eval,instance_exec,instance_of?,instance_variable_defined?,instance_variable_get,instance_variable_set,instance_variables,is_a?,itself,kind_of?,message,method,methods,nil?,object_id,private_methods,protected_methods,public_method,public_methods,public_send,remove_instance_variable,respond_to?,send,set_backtrace,singleton_class,singleton_method,singleton_methods,tap,then,to_enum,to_s,yield_self
NoMatchingPatternError	S	!,!=,!~,<,<=,<=>,==,===,>,>=,__id__,__send__,alias_method,allocate,ancestors,attached_object,attr,attr_accessor,attr_reader,attr_writer,autoload,autoload?,class,class_eval,class_exec,class_variable_defined?,class_variable_get,class_variable_set,class_variables,clone,const_defined?,const_get,const_missing,const_set,const_source_location,constants,define_method,define_singleton_method,deprecate_constant,display,dup,enum_for,eql?,equal?,exception,extend,freeze,frozen?,hash,include,include?,included_modules,inspect,instance_eval,instance_exec,instance_method,instance_methods,instance_of?,instance_variable_defined?,instance_variable_get,instance_variable_set,instance_variables,is_a?,itself,kind_of?,method,method_defined?,methods,module_eval,module_exec,name,new,nil?,object_id,prepend,private_class_method,private_constant,private_instance_methods,private_method_defined?,private_methods,protected_instance_methods,protected_method_defined?,protected_methods,public_class_method,public_constant,public_instance_method,public_instance_methods,public_method,public_method_defined?,public_methods,public_send,refinements,remove_class_variable,remove_instance_variable,remove_method,respond_to?,send,set_temporary_name,singleton_class,singleton_class?,singleton_method,singleton_methods,subclasses,superclass,tap,then,to_enum,to_s,to_tty?,undef_method,undefined_instance_methods,yield_self
NoMatchingPatternError	P	Array,Complex,Float,Hash,Integer,Pathname,Rational,String,__callee__,__dir__,__method__,`,abort,at_exit,autoload,autoload?,binding,block_given?,caller,caller_locations,catch,eval,exec,exit,exit!,fail,fork,format,gets,global_variables,initialize,initialize_clone,initialize_copy,initialize_dup,instance_variables_to_inspect,iterator?,lambda,load,local_variables,loop,method_missing,open,p,pp,print,printf,proc,putc,puts,raise,rand,readline,readlines,require,require_relative,respond_to_missing?,select,set_trace_func,singleton_method_added,singleton_method_removed,singleton_method_undefined,sleep,spawn,sprintf,srand,syscall,system,test,throw,trace_var,trap,untrace_var,warn
NoMatchingPatternKeyError	i	key,matchee
NoMatchingPatternKeyError	s	
NoMatchingPatternKeyError	p	initialize
NoMatchingPatternKeyError	c	
NoMatchingPatternKeyError	I	!,!=,!~,<=>,==,===,__id__,__send__,backtrace,backtrace_locations,cause,class,clone,define_singleton_method,detailed_message,display,dup,enum_for,eql?,equal?,exception,extend,freeze,frozen?,full_message,hash,inspect,instance_eval,instance_exec,instance_of?,instance_variable_defined?,instance_variable_get,instance_variable_set,instance_variables,is_a?,itself,key,kind_of?,matchee,message,method,methods,nil?,object_id,private_methods,protected_methods,public_method,public_methods,public_send,remove_instance_variable,respond_to?,send,set_backtrace,singleton_class,singleton_method,singleton_methods,tap,then,to_enum,to_s,yield_self
NoMatchingPatternKeyError	S	!,!=,!~,<,<=,<=>,==,===,>,>=,__id__,__send__,alias_method,allocate,ancestors,attached_object,attr,attr_accessor,attr_reader,attr_writer,autoload,autoload?,class,class_eval,class_exec,class_variable_defined?,class_variable_get,class_variable_set,class_variables,clone,const_defined?,const_get,const_missing,const_set,const_source_location,constants,define_method,define_singleton_method,deprecate_constant,display,dup,enum_for,eql?,equal?,exception,extend,freeze,frozen?,hash,include,include?,included_modules,inspect,instance_eval,instance_exec,instance_method,instance_methods,instance_of?,instance_variable_defined?,instance_variable_get,instance_variable_set,instance_variables,is_a?,itself,kind_of?,method,method_defined?,methods,module_eval,module_exec,name,new,nil?,object_id,prepend,private_class_method,private_constant,private_instance_methods,private_method_defined?,private_methods,protected_instance_methods,protected_method_defined?,protected_methods,public_class_method,public_constant,public_instance_method,public_instance_methods,public_method,public_method_defined?,public_methods,public_send,refinements,remove_class_variable,remove_instance_variable,remove_method,respond_to?,send,set_temporary_name,singleton_class,singleton_class?,singleton_method,singleton_methods,subclasses,superclass,tap,then,to_enum,to_s,to_tty?,undef_method,undefined_instance_methods,yield_self
NoMatchingPatternKeyError	P	Array,Complex,Float,Hash,Integer,Pathname,Rational,String,__callee__,__dir__,__method__,`,abort,at_exit,autoload,autoload?,binding,block_given?,caller,caller_locations,catch,eval,exec,exit,exit!,fail,fork,format,gets,global_variables,initialize,initialize_clone,initialize_copy,initialize_dup,instance_variables_to_inspect,iterator?,lambda,load,local_variables,loop,method_missing,open,p,pp,print,printf,proc,putc,puts,raise,rand,readline,readlines,require,require_relative,respond_to_missing?,select,set_trace_func,singleton_method_added,singleton_method_removed,singleton_method_undefined,sleep,spawn,sprintf,srand,syscall,system,test,throw,trace_var,trap,untrace_var,warn
NoMemoryError	i	
NoMemoryError	s	
NoMemoryError	p	
NoMemoryError	c	
NoMemoryError	I	!,!=,!~,<=>,==,===,__id__,__send__,backtrace,backtrace_locations,cause,class,clone,define_singleton_method,detailed_message,display,dup,enum_for,eql?,equal?,exception,extend,freeze,frozen?,full_message,hash,inspect,instance_eval,instance_exec,instance_of?,instance_variable_defined?,instance_variable_get,instance_variable_set,instance_variables,is_a?,itself,kind_of?,message,method,methods,nil?,object_id,private_methods,protected_methods,public_method,public_methods,public_send,remove_instance_variable,respond_to?,send,set_backtrace,singleton_class,singleton_method,singleton_methods,tap,then,to_enum,to_s,yield_self
NoMemoryError	S	!,!=,!~,<,<=,<=>,==,===,>,>=,__id__,__send__,alias_method,allocate,ancestors,attached_object,attr,attr_accessor,attr_reader,attr_writer,autoload,autoload?,class,class_eval,class_exec,class_variable_defined?,class_variable_get,class_variable_set,class_variables,clone,const_defined?,const_get,const_missing,const_set,const_source_location,constants,define_method,define_singleton_method,deprecate_constant,display,dup,enum_for,eql?,equal?,exception,extend,freeze,frozen?,hash,include,include?,included_modules,inspect,instance_eval,instance_exec,instance_method,instance_methods,instance_of?,instance_variable_defined?,instance_variable_get,instance_variable_set,instance_variables,is_a?,itself,kind_of?,method,method_defined?,methods,module_eval,module_exec,name,new,nil?,object_id,prepend,private_class_method,private_constant,private_instance_methods,private_method_defined?,private_methods,protected_instance_methods,protected_method_defined?,protected_methods,public_class_method,public_constant,public_instance_method,public_instance_methods,public_method,public_method_defined?,public_methods,public_send,refinements,remove_class_variable,remove_instance_variable,remove_method,respond_to?,send,set_temporary_name,singleton_class,singleton_class?,singleton_method,singleton_methods,subclasses,superclass,tap,then,to_enum,to_s,to_tty?,undef_method,undefined_instance_methods,yield_self
NoMemoryError	P	Array,Complex,Float,Hash,Integer,Pathname,Rational,String,__callee__,__dir__,__method__,`,abort,at_exit,autoload,autoload?,binding,block_given?,caller,caller_locations,catch,eval,exec,exit,exit!,fail,fork,format,gets,global_variables,initialize,initialize_clone,initialize_copy,initialize_dup,instance_variables_to_inspect,iterator?,lambda,load,local_variables,loop,method_missing,open,p,pp,print,printf,proc,putc,puts,raise,rand,readline,readlines,require,require_relative,respond_to_missing?,select,set_trace_func,singleton_method_added,singleton_method_removed,singleton_method_undefined,sleep,spawn,sprintf,srand,syscall,system,test,throw,trace_var,trap,untrace_var,warn
NoMethodError	i	args,private_call?
NoMethodError	s	
NoMethodError	p	initialize
NoMethodError	c	
NoMethodError	I	!,!=,!~,<=>,==,===,__id__,__send__,args,backtrace,backtrace_locations,cause,class,clone,define_singleton_method,detailed_message,display,dup,enum_for,eql?,equal?,exception,extend,freeze,frozen?,full_message,hash,inspect,instance_eval,instance_exec,instance_of?,instance_variable_defined?,instance_variable_get,instance_variable_set,instance_variables,is_a?,itself,kind_of?,local_variables,message,method,methods,name,nil?,object_id,private_call?,private_methods,protected_methods,public_method,public_methods,public_send,receiver,remove_instance_variable,respond_to?,send,set_backtrace,singleton_class,singleton_method,singleton_methods,tap,then,to_enum,to_s,yield_self
NoMethodError	S	!,!=,!~,<,<=,<=>,==,===,>,>=,__id__,__send__,alias_method,allocate,ancestors,attached_object,attr,attr_accessor,attr_reader,attr_writer,autoload,autoload?,class,class_eval,class_exec,class_variable_defined?,class_variable_get,class_variable_set,class_variables,clone,const_defined?,const_get,const_missing,const_set,const_source_location,constants,define_method,define_singleton_method,deprecate_constant,display,dup,enum_for,eql?,equal?,exception,extend,freeze,frozen?,hash,include,include?,included_modules,inspect,instance_eval,instance_exec,instance_method,instance_methods,instance_of?,instance_variable_defined?,instance_variable_get,instance_variable_set,instance_variables,is_a?,itself,kind_of?,method,method_defined?,methods,module_eval,module_exec,name,new,nil?,object_id,prepend,private_class_method,private_constant,private_instance_methods,private_method_defined?,private_methods,protected_instance_methods,protected_method_defined?,protected_methods,public_class_method,public_constant,public_instance_method,public_instance_methods,public_method,public_method_defined?,public_methods,public_send,refinements,remove_class_variable,remove_instance_variable,remove_method,respond_to?,send,set_temporary_name,singleton_class,singleton_class?,singleton_method,singleton_methods,subclasses,superclass,tap,then,to_enum,to_s,to_tty?,undef_method,undefined_instance_methods,yield_self
NoMethodError	P	Array,Complex,Float,Hash,Integer,Pathname,Rational,String,__callee__,__dir__,__method__,`,abort,at_exit,autoload,autoload?,binding,block_given?,caller,caller_locations,catch,eval,exec,exit,exit!,fail,fork,format,gets,global_variables,initialize,initialize_clone,initialize_copy,initialize_dup,instance_variables_to_inspect,iterator?,lambda,load,loop,method_missing,open,p,pp,print,printf,proc,putc,puts,raise,rand,readline,readlines,require,require_relative,respond_to_missing?,select,set_trace_func,singleton_method_added,singleton_method_removed,singleton_method_undefined,sleep,spawn,sprintf,srand,syscall,system,test,throw,trace_var,trap,untrace_var,warn
NotImplementedError	i	
NotImplementedError	s	
NotImplementedError	p	
NotImplementedError	c	
NotImplementedError	I	!,!=,!~,<=>,==,===,__id__,__send__,backtrace,backtrace_locations,cause,class,clone,define_singleton_method,detailed_message,display,dup,enum_for,eql?,equal?,exception,extend,freeze,frozen?,full_message,hash,inspect,instance_eval,instance_exec,instance_of?,instance_variable_defined?,instance_variable_get,instance_variable_set,instance_variables,is_a?,itself,kind_of?,message,method,methods,nil?,object_id,private_methods,protected_methods,public_method,public_methods,public_send,remove_instance_variable,respond_to?,send,set_backtrace,singleton_class,singleton_method,singleton_methods,tap,then,to_enum,to_s,yield_self
NotImplementedError	S	!,!=,!~,<,<=,<=>,==,===,>,>=,__id__,__send__,alias_method,allocate,ancestors,attached_object,attr,attr_accessor,attr_reader,attr_writer,autoload,autoload?,class,class_eval,class_exec,class_variable_defined?,class_variable_get,class_variable_set,class_variables,clone,const_defined?,const_get,const_missing,const_set,const_source_location,constants,define_method,define_singleton_method,deprecate_constant,display,dup,enum_for,eql?,equal?,exception,extend,freeze,frozen?,hash,include,include?,included_modules,inspect,instance_eval,instance_exec,instance_method,instance_methods,instance_of?,instance_variable_defined?,instance_variable_get,instance_variable_set,instance_variables,is_a?,itself,kind_of?,method,method_defined?,methods,module_eval,module_exec,name,new,nil?,object_id,prepend,private_class_method,private_constant,private_instance_methods,private_method_defined?,private_methods,protected_instance_methods,protected_method_defined?,protected_methods,public_class_method,public_constant,public_instance_method,public_instance_methods,public_method,public_method_defined?,public_methods,public_send,refinements,remove_class_variable,remove_instance_variable,remove_method,respond_to?,send,set_temporary_name,singleton_class,singleton_class?,singleton_method,singleton_methods,subclasses,superclass,tap,then,to_enum,to_s,to_tty?,undef_method,undefined_instance_methods,yield_self
NotImplementedError	P	Array,Complex,Float,Hash,Integer,Pathname,Rational,String,__callee__,__dir__,__method__,`,abort,at_exit,autoload,autoload?,binding,block_given?,caller,caller_locations,catch,eval,exec,exit,exit!,fail,fork,format,gets,global_variables,initialize,initialize_clone,initialize_copy,initialize_dup,instance_variables_to_inspect,iterator?,lambda,load,local_variables,loop,method_missing,open,p,pp,print,printf,proc,putc,puts,raise,rand,readline,readlines,require,require_relative,respond_to_missing?,select,set_trace_func,singleton_method_added,singleton_method_removed,singleton_method_undefined,sleep,spawn,sprintf,srand,syscall,system,test,throw,trace_var,trap,untrace_var,warn
Numeric	i	%,+@,-@,<=>,abs,abs2,angle,arg,ceil,clone,coerce,conj,conjugate,denominator,div,divmod,dup,eql?,fdiv,finite?,floor,i,imag,imaginary,infinite?,integer?,magnitude,modulo,negative?,nonzero?,numerator,phase,polar,positive?,quo,real,real?,rect,rectangular,remainder,round,singleton_method_added,step,to_c,to_int,truncate,zero?
Numeric	s	
Numeric	p	
Numeric	c	
Numeric	I	!,!=,!~,%,+@,-@,<,<=,<=>,==,===,>,>=,__id__,__send__,abs,abs2,angle,arg,between?,ceil,clamp,class,clone,coerce,conj,conjugate,define_singleton_method,denominator,display,div,divmod,dup,enum_for,eql?,equal?,extend,fdiv,finite?,floor,freeze,frozen?,hash,i,imag,imaginary,infinite?,inspect,instance_eval,instance_exec,instance_of?,instance_variable_defined?,instance_variable_get,instance_variable_set,instance_variables,integer?,is_a?,itself,kind_of?,magnitude,method,methods,modulo,negative?,nil?,nonzero?,numerator,object_id,phase,polar,positive?,private_methods,protected_methods,public_method,public_methods,public_send,quo,real,real?,rect,rectangular,remainder,remove_instance_variable,respond_to?,round,send,singleton_class,singleton_method,singleton_method_added,singleton_methods,step,tap,then,to_c,to_enum,to_int,to_s,truncate,yield_self,zero?
Numeric	S	!,!=,!~,<,<=,<=>,==,===,>,>=,__id__,__send__,alias_method,allocate,ancestors,attached_object,attr,attr_accessor,attr_reader,attr_writer,autoload,autoload?,class,class_eval,class_exec,class_variable_defined?,class_variable_get,class_variable_set,class_variables,clone,const_defined?,const_get,const_missing,const_set,const_source_location,constants,define_method,define_singleton_method,deprecate_constant,display,dup,enum_for,eql?,equal?,extend,freeze,frozen?,hash,include,include?,included_modules,inspect,instance_eval,instance_exec,instance_method,instance_methods,instance_of?,instance_variable_defined?,instance_variable_get,instance_variable_set,instance_variables,is_a?,itself,kind_of?,method,method_defined?,methods,module_eval,module_exec,name,new,nil?,object_id,prepend,private_class_method,private_constant,private_instance_methods,private_method_defined?,private_methods,protected_instance_methods,protected_method_defined?,protected_methods,public_class_method,public_constant,public_instance_method,public_instance_methods,public_method,public_method_defined?,public_methods,public_send,refinements,remove_class_variable,remove_instance_variable,remove_method,respond_to?,send,set_temporary_name,singleton_class,singleton_class?,singleton_method,singleton_methods,subclasses,superclass,tap,then,to_enum,to_s,undef_method,undefined_instance_methods,yield_self
Numeric	P	Array,Complex,Float,Hash,Integer,Pathname,Rational,String,__callee__,__dir__,__method__,`,abort,at_exit,autoload,autoload?,binding,block_given?,caller,caller_locations,catch,eval,exec,exit,exit!,fail,fork,format,gets,global_variables,initialize,initialize_clone,initialize_copy,initialize_dup,instance_variables_to_inspect,iterator?,lambda,load,local_variables,loop,method_missing,open,p,pp,print,printf,proc,putc,puts,raise,rand,readline,readlines,require,require_relative,respond_to_missing?,select,set_trace_func,singleton_method_removed,singleton_method_undefined,sleep,spawn,sprintf,srand,syscall,system,test,throw,trace_var,trap,untrace_var,warn
Object	i	
Object	s	
Object	p	
Object	c	ARGF,ARGV,ArgumentError,Array,BasicObject,Binding,Class,ClosedQueueError,Comparable,Complex,ConditionVariable,DEPTH,Data,Dir,ENV,EOFError,Encoding,EncodingError,Enumerable,Enumerator,Errno,Exception,FalseClass,Fiber,FiberError,File,FileTest,Float,FloatDomainError,FrozenError,GC,Hash,IO,IOError,IndexError,Integer,Interrupt,Kernel,KeyError,LoadError,LocalJumpError,Marshal,MatchData,Math,Method,Module,Mutex,NameError,NilClass,NoMatchingPatternError,NoMatchingPatternKeyError,NoMemoryError,NoMethodError,NotImplementedError,Numeric,Object,ObjectSpace,Pathname,Proc,Process,Queue,RUBY_COPYRIGHT,RUBY_DESCRIPTION,RUBY_ENGINE,RUBY_ENGINE_VERSION,RUBY_PATCHLEVEL,RUBY_PLATFORM,RUBY_RELEASE_DATE,RUBY_REVISION,RUBY_VERSION,Ractor,Random,Range,RangeError,Rational,Refinement,Regexp,RegexpError,Ruby,RubyVM,RuntimeError,STDERR,STDIN,STDOUT,ScriptError,SecurityError,Set,Signal,SignalException,SizedQueue,StandardError,StopIteration,String,Struct,Symbol,SyntaxError,SystemCallError,SystemExit,SystemStackError,TOPLEVEL_BINDING,Thread,ThreadError,ThreadGroup,Time,TracePoint,TrueClass,TypeError,UnboundMethod,UncaughtThrowError,UnicodeNormalize,Warning,ZeroDivisionError
Object	I	!,!=,!~,<=>,==,===,__id__,__send__,class,clone,define_singleton_method,display,dup,enum_for,eql?,equal?,extend,freeze,frozen?,hash,inspect,instance_eval,instance_exec,instance_of?,instance_variable_defined?,instance_variable_get,instance_variable_set,instance_variables,is_a?,itself,kind_of?,method,methods,nil?,object_id,private_methods,protected_methods,public_method,public_methods,public_send,remove_instance_variable,respond_to?,send,singleton_class,singleton_method,singleton_methods,tap,then,to_enum,to_s,yield_self
Object	S	!,!=,!~,<,<=,<=>,==,===,>,>=,__id__,__send__,alias_method,allocate,ancestors,attached_object,attr,attr_accessor,attr_reader,attr_writer,autoload,autoload?,class,class_eval,class_exec,class_variable_defined?,class_variable_get,class_variable_set,class_variables,clone,const_defined?,const_get,const_missing,const_set,const_source_location,constants,define_method,define_singleton_method,deprecate_constant,display,dup,enum_for,eql?,equal?,extend,freeze,frozen?,hash,include,include?,included_modules,inspect,instance_eval,instance_exec,instance_method,instance_methods,instance_of?,instance_variable_defined?,instance_variable_get,instance_variable_set,instance_variables,is_a?,itself,kind_of?,method,method_defined?,methods,module_eval,module_exec,name,new,nil?,object_id,prepend,private_class_method,private_constant,private_instance_methods,private_method_defined?,private_methods,protected_instance_methods,protected_method_defined?,protected_methods,public_class_method,public_constant,public_instance_method,public_instance_methods,public_method,public_method_defined?,public_methods,public_send,refinements,remove_class_variable,remove_instance_variable,remove_method,respond_to?,send,set_temporary_name,singleton_class,singleton_class?,singleton_method,singleton_methods,subclasses,superclass,tap,then,to_enum,to_s,undef_method,undefined_instance_methods,yield_self
Object	P	Array,Complex,Float,Hash,Integer,Pathname,Rational,String,__callee__,__dir__,__method__,`,abort,at_exit,autoload,autoload?,binding,block_given?,caller,caller_locations,catch,eval,exec,exit,exit!,fail,fork,format,gets,global_variables,initialize,initialize_clone,initialize_copy,initialize_dup,instance_variables_to_inspect,iterator?,lambda,load,local_variables,loop,method_missing,open,p,pp,print,printf,proc,putc,puts,raise,rand,readline,readlines,require,require_relative,respond_to_missing?,select,set_trace_func,singleton_method_added,singleton_method_removed,singleton_method_undefined,sleep,spawn,sprintf,srand,syscall,system,test,throw,trace_var,trap,untrace_var,warn
ObjectSpace	i	
ObjectSpace	s	_id2ref,count_objects,define_finalizer,each_object,garbage_collect,undefine_finalizer
ObjectSpace	p	_id2ref,count_objects,define_finalizer,each_object,garbage_collect,undefine_finalizer
ObjectSpace	c	WeakKeyMap,WeakMap
ObjectSpace	I	
ObjectSpace	S	!,!=,!~,<,<=,<=>,==,===,>,>=,__id__,__send__,_id2ref,alias_method,ancestors,attr,attr_accessor,attr_reader,attr_writer,autoload,autoload?,class,class_eval,class_exec,class_variable_defined?,class_variable_get,class_variable_set,class_variables,clone,const_defined?,const_get,const_missing,const_set,const_source_location,constants,count_objects,define_finalizer,define_method,define_singleton_method,deprecate_constant,display,dup,each_object,enum_for,eql?,equal?,extend,freeze,frozen?,garbage_collect,hash,include,include?,included_modules,inspect,instance_eval,instance_exec,instance_method,instance_methods,instance_of?,instance_variable_defined?,instance_variable_get,instance_variable_set,instance_variables,is_a?,itself,kind_of?,method,method_defined?,methods,module_eval,module_exec,name,nil?,object_id,prepend,private_class_method,private_constant,private_instance_methods,private_method_defined?,private_methods,protected_instance_methods,protected_method_defined?,protected_methods,public_class_method,public_constant,public_instance_method,public_instance_methods,public_method,public_method_defined?,public_methods,public_send,refinements,remove_class_variable,remove_instance_variable,remove_method,respond_to?,send,set_temporary_name,singleton_class,singleton_class?,singleton_method,singleton_methods,tap,then,to_enum,to_s,undef_method,undefine_finalizer,undefined_instance_methods,yield_self
ObjectSpace	P	_id2ref,count_objects,define_finalizer,each_object,garbage_collect,undefine_finalizer
ObjectSpace::WeakKeyMap	i	[],[]=,clear,delete,getkey,inspect,key?
ObjectSpace::WeakKeyMap	s	
ObjectSpace::WeakKeyMap	p	
ObjectSpace::WeakKeyMap	c	
ObjectSpace::WeakKeyMap	I	!,!=,!~,<=>,==,===,[],[]=,__id__,__send__,class,clear,clone,define_singleton_method,delete,display,dup,enum_for,eql?,equal?,extend,freeze,frozen?,getkey,hash,inspect,instance_eval,instance_exec,instance_of?,instance_variable_defined?,instance_variable_get,instance_variable_set,instance_variables,is_a?,itself,key?,kind_of?,method,methods,nil?,object_id,private_methods,protected_methods,public_method,public_methods,public_send,remove_instance_variable,respond_to?,send,singleton_class,singleton_method,singleton_methods,tap,then,to_enum,to_s,yield_self
ObjectSpace::WeakKeyMap	S	!,!=,!~,<,<=,<=>,==,===,>,>=,__id__,__send__,alias_method,allocate,ancestors,attached_object,attr,attr_accessor,attr_reader,attr_writer,autoload,autoload?,class,class_eval,class_exec,class_variable_defined?,class_variable_get,class_variable_set,class_variables,clone,const_defined?,const_get,const_missing,const_set,const_source_location,constants,define_method,define_singleton_method,deprecate_constant,display,dup,enum_for,eql?,equal?,extend,freeze,frozen?,hash,include,include?,included_modules,inspect,instance_eval,instance_exec,instance_method,instance_methods,instance_of?,instance_variable_defined?,instance_variable_get,instance_variable_set,instance_variables,is_a?,itself,kind_of?,method,method_defined?,methods,module_eval,module_exec,name,new,nil?,object_id,prepend,private_class_method,private_constant,private_instance_methods,private_method_defined?,private_methods,protected_instance_methods,protected_method_defined?,protected_methods,public_class_method,public_constant,public_instance_method,public_instance_methods,public_method,public_method_defined?,public_methods,public_send,refinements,remove_class_variable,remove_instance_variable,remove_method,respond_to?,send,set_temporary_name,singleton_class,singleton_class?,singleton_method,singleton_methods,subclasses,superclass,tap,then,to_enum,to_s,undef_method,undefined_instance_methods,yield_self
ObjectSpace::WeakKeyMap	P	Array,Complex,Float,Hash,Integer,Pathname,Rational,String,__callee__,__dir__,__method__,`,abort,at_exit,autoload,autoload?,binding,block_given?,caller,caller_locations,catch,eval,exec,exit,exit!,fail,fork,format,gets,global_variables,initialize,initialize_clone,initialize_copy,initialize_dup,instance_variables_to_inspect,iterator?,lambda,load,local_variables,loop,method_missing,open,p,pp,print,printf,proc,putc,puts,raise,rand,readline,readlines,require,require_relative,respond_to_missing?,select,set_trace_func,singleton_method_added,singleton_method_removed,singleton_method_undefined,sleep,spawn,sprintf,srand,syscall,system,test,throw,trace_var,trap,untrace_var,warn
ObjectSpace::WeakMap	i	[],[]=,delete,each,each_key,each_pair,each_value,include?,inspect,key?,keys,length,member?,size,values
ObjectSpace::WeakMap	s	
ObjectSpace::WeakMap	p	
ObjectSpace::WeakMap	c	
ObjectSpace::WeakMap	I	!,!=,!~,<=>,==,===,[],[]=,__id__,__send__,all?,any?,chain,chunk,chunk_while,class,clone,collect,collect_concat,compact,count,cycle,define_singleton_method,delete,detect,display,drop,drop_while,dup,each,each_cons,each_entry,each_key,each_pair,each_slice,each_value,each_with_index,each_with_object,entries,enum_for,eql?,equal?,extend,filter,filter_map,find,find_all,find_index,first,flat_map,freeze,frozen?,grep,grep_v,group_by,hash,include?,inject,inspect,instance_eval,instance_exec,instance_of?,instance_variable_defined?,instance_variable_get,instance_variable_set,instance_variables,is_a?,itself,key?,keys,kind_of?,lazy,length,map,max,max_by,member?,method,methods,min,min_by,minmax,minmax_by,nil?,none?,object_id,one?,partition,private_methods,protected_methods,public_method,public_methods,public_send,reduce,reject,remove_instance_variable,respond_to?,reverse_each,select,send,singleton_class,singleton_method,singleton_methods,size,slice_after,slice_before,slice_when,sort,sort_by,sum,take,take_while,tally,tap,then,to_a,to_enum,to_h,to_s,to_set,uniq,values,yield_self,zip
ObjectSpace::WeakMap	S	!,!=,!~,<,<=,<=>,==,===,>,>=,__id__,__send__,alias_method,allocate,ancestors,attached_object,attr,attr_accessor,attr_reader,attr_writer,autoload,autoload?,class,class_eval,class_exec,class_variable_defined?,class_variable_get,class_variable_set,class_variables,clone,const_defined?,const_get,const_missing,const_set,const_source_location,constants,define_method,define_singleton_method,deprecate_constant,display,dup,enum_for,eql?,equal?,extend,freeze,frozen?,hash,include,include?,included_modules,inspect,instance_eval,instance_exec,instance_method,instance_methods,instance_of?,instance_variable_defined?,instance_variable_get,instance_variable_set,instance_variables,is_a?,itself,kind_of?,method,method_defined?,methods,module_eval,module_exec,name,new,nil?,object_id,prepend,private_class_method,private_constant,private_instance_methods,private_method_defined?,private_methods,protected_instance_methods,protected_method_defined?,protected_methods,public_class_method,public_constant,public_instance_method,public_instance_methods,public_method,public_method_defined?,public_methods,public_send,refinements,remove_class_variable,remove_instance_variable,remove_method,respond_to?,send,set_temporary_name,singleton_class,singleton_class?,singleton_method,singleton_methods,subclasses,superclass,tap,then,to_enum,to_s,undef_method,undefined_instance_methods,yield_self
ObjectSpace::WeakMap	P	Array,Complex,Float,Hash,Integer,Pathname,Rational,String,__callee__,__dir__,__method__,`,abort,at_exit,autoload,autoload?,binding,block_given?,caller,caller_locations,catch,eval,exec,exit,exit!,fail,fork,format,gets,global_variables,initialize,initialize_clone,initialize_copy,initialize_dup,instance_variables_to_inspect,iterator?,lambda,load,local_variables,loop,method_missing,open,p,pp,print,printf,proc,putc,puts,raise,rand,readline,readlines,require,require_relative,respond_to_missing?,set_trace_func,singleton_method_added,singleton_method_removed,singleton_method_undefined,sleep,spawn,sprintf,srand,syscall,system,test,throw,trace_var,trap,untrace_var,warn
Pathname	i	+,/,<=>,==,===,absolute?,ascend,atime,basename,binread,binwrite,birthtime,blockdev?,chardev?,children,chmod,chown,cleanpath,ctime,delete,descend,directory?,dirname,each_child,each_entry,each_filename,each_line,empty?,entries,eql?,executable?,executable_real?,exist?,expand_path,extname,file?,fnmatch,fnmatch?,freeze,ftype,glob,grpowned?,hash,inspect,join,lchmod,lchown,lstat,lutime,make_link,make_symlink,mkdir,mkpath,mountpoint?,mtime,open,opendir,owned?,parent,path,pipe?,read,readable?,readable_real?,readlines,readlink,realdirpath,realpath,relative?,relative_path_from,rename,rmdir,root?,setgid?,setuid?,size,size?,socket?,split,stat,sticky?,sub,sub_ext,symlink?,sysopen,to_path,to_s,truncate,unlink,utime,world_readable?,world_writable?,writable?,writable_real?,write,zero?
Pathname	s	getwd,glob,pwd
Pathname	p	add_trailing_separator,chop_basename,cleanpath_aggressive,cleanpath_conservative,del_trailing_separator,has_trailing_separator?,initialize,plus,prepend_prefix,same_paths?,split_names
Pathname	c	SEPARATOR_PAT,VERSION
Pathname	I	!,!=,!~,+,/,<=>,==,===,__id__,__send__,absolute?,ascend,atime,basename,binread,binwrite,birthtime,blockdev?,chardev?,children,chmod,chown,class,cleanpath,clone,ctime,define_singleton_method,delete,descend,directory?,dirname,display,dup,each_child,each_entry,each_filename,each_line,empty?,entries,enum_for,eql?,equal?,executable?,executable_real?,exist?,expand_path,extend,extname,file?,fnmatch,fnmatch?,freeze,frozen?,ftype,glob,grpowned?,hash,inspect,instance_eval,instance_exec,instance_of?,instance_variable_defined?,instance_variable_get,instance_variable_set,instance_variables,is_a?,itself,join,kind_of?,lchmod,lchown,lstat,lutime,make_link,make_symlink,method,methods,mkdir,mkpath,mountpoint?,mtime,nil?,object_id,open,opendir,owned?,parent,path,pipe?,private_methods,protected_methods,public_method,public_methods,public_send,read,readable?,readable_real?,readlines,readlink,realdirpath,realpath,relative?,relative_path_from,remove_instance_variable,rename,respond_to?,rmdir,root?,send,setgid?,setuid?,singleton_class,singleton_method,singleton_methods,size,size?,socket?,split,stat,sticky?,sub,sub_ext,symlink?,sysopen,tap,then,to_enum,to_path,to_s,truncate,unlink,utime,world_readable?,world_writable?,writable?,writable_real?,write,yield_self,zero?
Pathname	S	!,!=,!~,<,<=,<=>,==,===,>,>=,__id__,__send__,alias_method,allocate,ancestors,attached_object,attr,attr_accessor,attr_reader,attr_writer,autoload,autoload?,class,class_eval,class_exec,class_variable_defined?,class_variable_get,class_variable_set,class_variables,clone,const_defined?,const_get,const_missing,const_set,const_source_location,constants,define_method,define_singleton_method,deprecate_constant,display,dup,enum_for,eql?,equal?,extend,freeze,frozen?,getwd,glob,hash,include,include?,included_modules,inspect,instance_eval,instance_exec,instance_method,instance_methods,instance_of?,instance_variable_defined?,instance_variable_get,instance_variable_set,instance_variables,is_a?,itself,kind_of?,method,method_defined?,methods,module_eval,module_exec,name,new,nil?,object_id,prepend,private_class_method,private_constant,private_instance_methods,private_method_defined?,private_methods,protected_instance_methods,protected_method_defined?,protected_methods,public_class_method,public_constant,public_instance_method,public_instance_methods,public_method,public_method_defined?,public_methods,public_send,pwd,refinements,remove_class_variable,remove_instance_variable,remove_method,respond_to?,send,set_temporary_name,singleton_class,singleton_class?,singleton_method,singleton_methods,subclasses,superclass,tap,then,to_enum,to_s,undef_method,undefined_instance_methods,yield_self
Pathname	P	Array,Complex,Float,Hash,Integer,Pathname,Rational,String,__callee__,__dir__,__method__,`,abort,add_trailing_separator,at_exit,autoload,autoload?,binding,block_given?,caller,caller_locations,catch,chop_basename,cleanpath_aggressive,cleanpath_conservative,del_trailing_separator,eval,exec,exit,exit!,fail,fork,format,gets,global_variables,has_trailing_separator?,initialize,initialize_clone,initialize_copy,initialize_dup,instance_variables_to_inspect,iterator?,lambda,load,local_variables,loop,method_missing,p,plus,pp,prepend_prefix,print,printf,proc,putc,puts,raise,rand,readline,require,require_relative,respond_to_missing?,same_paths?,select,set_trace_func,singleton_method_added,singleton_method_removed,singleton_method_undefined,sleep,spawn,split_names,sprintf,srand,syscall,system,test,throw,trace_var,trap,untrace_var,warn
Proc	i	<<,==,===,>>,[],arity,binding,call,clone,curry,dup,eql?,hash,inspect,lambda?,parameters,ruby2_keywords,source_location,to_proc,to_s,yield
Proc	s	new
Proc	p	
Proc	c	
Proc	I	!,!=,!~,<<,<=>,==,===,>>,[],__id__,__send__,arity,binding,call,class,clone,curry,define_singleton_method,display,dup,enum_for,eql?,equal?,extend,freeze,frozen?,hash,inspect,instance_eval,instance_exec,instance_of?,instance_variable_defined?,instance_variable_get,instance_variable_set,instance_variables,is_a?,itself,kind_of?,lambda?,method,methods,nil?,object_id,parameters,private_methods,protected_methods,public_method,public_methods,public_send,remove_instance_variable,respond_to?,ruby2_keywords,send,singleton_class,singleton_method,singleton_methods,source_location,tap,then,to_enum,to_proc,to_s,yield,yield_self
Proc	S	!,!=,!~,<,<=,<=>,==,===,>,>=,__id__,__send__,alias_method,allocate,ancestors,attached_object,attr,attr_accessor,attr_reader,attr_writer,autoload,autoload?,class,class_eval,class_exec,class_variable_defined?,class_variable_get,class_variable_set,class_variables,clone,const_defined?,const_get,const_missing,const_set,const_source_location,constants,define_method,define_singleton_method,deprecate_constant,display,dup,enum_for,eql?,equal?,extend,freeze,frozen?,hash,include,include?,included_modules,inspect,instance_eval,instance_exec,instance_method,instance_methods,instance_of?,instance_variable_defined?,instance_variable_get,instance_variable_set,instance_variables,is_a?,itself,kind_of?,method,method_defined?,methods,module_eval,module_exec,name,new,nil?,object_id,prepend,private_class_method,private_constant,private_instance_methods,private_method_defined?,private_methods,protected_instance_methods,protected_method_defined?,protected_methods,public_class_method,public_constant,public_instance_method,public_instance_methods,public_method,public_method_defined?,public_methods,public_send,refinements,remove_class_variable,remove_instance_variable,remove_method,respond_to?,send,set_temporary_name,singleton_class,singleton_class?,singleton_method,singleton_methods,subclasses,superclass,tap,then,to_enum,to_s,undef_method,undefined_instance_methods,yield_self
Proc	P	Array,Complex,Float,Hash,Integer,Pathname,Rational,String,__callee__,__dir__,__method__,`,abort,at_exit,autoload,autoload?,block_given?,caller,caller_locations,catch,eval,exec,exit,exit!,fail,fork,format,gets,global_variables,initialize,initialize_clone,initialize_copy,initialize_dup,instance_variables_to_inspect,iterator?,lambda,load,local_variables,loop,method_missing,open,p,pp,print,printf,proc,putc,puts,raise,rand,readline,readlines,require,require_relative,respond_to_missing?,select,set_trace_func,singleton_method_added,singleton_method_removed,singleton_method_undefined,sleep,spawn,sprintf,srand,syscall,system,test,throw,trace_var,trap,untrace_var,warn
Process	i	
Process	s	_fork,abort,argv0,clock_getres,clock_gettime,daemon,detach,egid,egid=,euid,euid=,exec,exit,exit!,fork,getpgid,getpgrp,getpriority,getrlimit,getsid,gid,gid=,groups,groups=,initgroups,kill,last_status,maxgroups,maxgroups=,pid,ppid,setpgid,setpgrp,setpriority,setproctitle,setrlimit,setsid,spawn,times,uid,uid=,wait,wait2,waitall,waitpid,waitpid2,warmup
Process	p	argv0,clock_getres,clock_gettime,daemon,detach,egid,egid=,euid,euid=,getpgid,getpgrp,getpriority,getrlimit,getsid,gid,gid=,groups,groups=,initgroups,kill,maxgroups,maxgroups=,pid,ppid,setpgid,setpgrp,setpriority,setproctitle,setrlimit,setsid,times,uid,uid=,wait,wait2,waitall,waitpid,waitpid2,warmup
Process	c	CLOCK_MONOTONIC,CLOCK_MONOTONIC_RAW,CLOCK_MONOTONIC_RAW_APPROX,CLOCK_PROCESS_CPUTIME_ID,CLOCK_REALTIME,CLOCK_THREAD_CPUTIME_ID,CLOCK_UPTIME_RAW,CLOCK_UPTIME_RAW_APPROX,GID,PRIO_PGRP,PRIO_PROCESS,PRIO_USER,RLIMIT_AS,RLIMIT_CORE,RLIMIT_CPU,RLIMIT_DATA,RLIMIT_FSIZE,RLIMIT_MEMLOCK,RLIMIT_NOFILE,RLIMIT_NPROC,RLIMIT_RSS,RLIMIT_STACK,RLIM_INFINITY,RLIM_SAVED_CUR,RLIM_SAVED_MAX,Status,Sys,Tms,UID,WNOHANG,WUNTRACED,Waiter
Process	I	
Process	S	!,!=,!~,<,<=,<=>,==,===,>,>=,__id__,__send__,_fork,abort,alias_method,ancestors,argv0,attr,attr_accessor,attr_reader,attr_writer,autoload,autoload?,class,class_eval,class_exec,class_variable_defined?,class_variable_get,class_variable_set,class_variables,clock_getres,clock_gettime,clone,const_defined?,const_get,const_missing,const_set,const_source_location,constants,daemon,define_method,define_singleton_method,deprecate_constant,detach,display,dup,egid,egid=,enum_for,eql?,equal?,euid,euid=,exec,exit,exit!,extend,fork,freeze,frozen?,getpgid,getpgrp,getpriority,getrlimit,getsid,gid,gid=,groups,groups=,hash,include,include?,included_modules,initgroups,inspect,instance_eval,instance_exec,instance_method,instance_methods,instance_of?,instance_variable_defined?,instance_variable_get,instance_variable_set,instance_variables,is_a?,itself,kill,kind_of?,last_status,maxgroups,maxgroups=,method,method_defined?,methods,module_eval,module_exec,name,nil?,object_id,pid,ppid,prepend,private_class_method,private_constant,private_instance_methods,private_method_defined?,private_methods,protected_instance_methods,protected_method_defined?,protected_methods,public_class_method,public_constant,public_instance_method,public_instance_methods,public_method,public_method_defined?,public_methods,public_send,refinements,remove_class_variable,remove_instance_variable,remove_method,respond_to?,send,set_temporary_name,setpgid,setpgrp,setpriority,setproctitle,setrlimit,setsid,singleton_class,singleton_class?,singleton_method,singleton_methods,spawn,tap,then,times,to_enum,to_s,uid,uid=,undef_method,undefined_instance_methods,wait,wait2,waitall,waitpid,waitpid2,warmup,yield_self
Process	P	argv0,clock_getres,clock_gettime,daemon,detach,egid,egid=,euid,euid=,getpgid,getpgrp,getpriority,getrlimit,getsid,gid,gid=,groups,groups=,initgroups,kill,maxgroups,maxgroups=,pid,ppid,setpgid,setpgrp,setpriority,setproctitle,setrlimit,setsid,times,uid,uid=,wait,wait2,waitall,waitpid,waitpid2,warmup
Process::GID	i	
Process::GID	s	change_privilege,eid,eid=,from_name,grant_privilege,re_exchange,re_exchangeable?,rid,sid_available?,switch
Process::GID	p	change_privilege,eid,from_name,grant_privilege,re_exchange,re_exchangeable?,rid,sid_available?,switch
Process::GID	c	
Process::GID	I	
Process::GID	S	!,!=,!~,<,<=,<=>,==,===,>,>=,__id__,__send__,alias_method,ancestors,attr,attr_accessor,attr_reader,attr_writer,autoload,autoload?,change_privilege,class,class_eval,class_exec,class_variable_defined?,class_variable_get,class_variable_set,class_variables,clone,const_defined?,const_get,const_missing,const_set,const_source_location,constants,define_method,define_singleton_method,deprecate_constant,display,dup,eid,eid=,enum_for,eql?,equal?,extend,freeze,from_name,frozen?,grant_privilege,hash,include,include?,included_modules,inspect,instance_eval,instance_exec,instance_method,instance_methods,instance_of?,instance_variable_defined?,instance_variable_get,instance_variable_set,instance_variables,is_a?,itself,kind_of?,method,method_defined?,methods,module_eval,module_exec,name,nil?,object_id,prepend,private_class_method,private_constant,private_instance_methods,private_method_defined?,private_methods,protected_instance_methods,protected_method_defined?,protected_methods,public_class_method,public_constant,public_instance_method,public_instance_methods,public_method,public_method_defined?,public_methods,public_send,re_exchange,re_exchangeable?,refinements,remove_class_variable,remove_instance_variable,remove_method,respond_to?,rid,send,set_temporary_name,sid_available?,singleton_class,singleton_class?,singleton_method,singleton_methods,switch,tap,then,to_enum,to_s,undef_method,undefined_instance_methods,yield_self
Process::GID	P	change_privilege,eid,from_name,grant_privilege,re_exchange,re_exchangeable?,rid,sid_available?,switch
Process::Status	i	==,coredump?,exited?,exitstatus,inspect,pid,signaled?,stopped?,stopsig,success?,termsig,to_i,to_s
Process::Status	s	wait
Process::Status	p	
Process::Status	c	
Process::Status	I	!,!=,!~,<=>,==,===,__id__,__send__,class,clone,coredump?,define_singleton_method,display,dup,enum_for,eql?,equal?,exited?,exitstatus,extend,freeze,frozen?,hash,inspect,instance_eval,instance_exec,instance_of?,instance_variable_defined?,instance_variable_get,instance_variable_set,instance_variables,is_a?,itself,kind_of?,method,methods,nil?,object_id,pid,private_methods,protected_methods,public_method,public_methods,public_send,remove_instance_variable,respond_to?,send,signaled?,singleton_class,singleton_method,singleton_methods,stopped?,stopsig,success?,tap,termsig,then,to_enum,to_i,to_s,yield_self
Process::Status	S	!,!=,!~,<,<=,<=>,==,===,>,>=,__id__,__send__,alias_method,allocate,ancestors,attached_object,attr,attr_accessor,attr_reader,attr_writer,autoload,autoload?,class,class_eval,class_exec,class_variable_defined?,class_variable_get,class_variable_set,class_variables,clone,const_defined?,const_get,const_missing,const_set,const_source_location,constants,define_method,define_singleton_method,deprecate_constant,display,dup,enum_for,eql?,equal?,extend,freeze,frozen?,hash,include,include?,included_modules,inspect,instance_eval,instance_exec,instance_method,instance_methods,instance_of?,instance_variable_defined?,instance_variable_get,instance_variable_set,instance_variables,is_a?,itself,kind_of?,method,method_defined?,methods,module_eval,module_exec,name,nil?,object_id,prepend,private_class_method,private_constant,private_instance_methods,private_method_defined?,private_methods,protected_instance_methods,protected_method_defined?,protected_methods,public_class_method,public_constant,public_instance_method,public_instance_methods,public_method,public_method_defined?,public_methods,public_send,refinements,remove_class_variable,remove_instance_variable,remove_method,respond_to?,send,set_temporary_name,singleton_class,singleton_class?,singleton_method,singleton_methods,subclasses,superclass,tap,then,to_enum,to_s,undef_method,undefined_instance_methods,wait,yield_self
Process::Status	P	Array,Complex,Float,Hash,Integer,Pathname,Rational,String,__callee__,__dir__,__method__,`,abort,at_exit,autoload,autoload?,binding,block_given?,caller,caller_locations,catch,eval,exec,exit,exit!,fail,fork,format,gets,global_variables,initialize,initialize_clone,initialize_copy,initialize_dup,instance_variables_to_inspect,iterator?,lambda,load,local_variables,loop,method_missing,open,p,pp,print,printf,proc,putc,puts,raise,rand,readline,readlines,require,require_relative,respond_to_missing?,select,set_trace_func,singleton_method_added,singleton_method_removed,singleton_method_undefined,sleep,spawn,sprintf,srand,syscall,system,test,throw,trace_var,trap,untrace_var,warn
Process::Sys	i	
Process::Sys	s	getegid,geteuid,getgid,getuid,issetugid,setegid,seteuid,setgid,setregid,setresgid,setresuid,setreuid,setrgid,setruid,setuid
Process::Sys	p	getegid,geteuid,getgid,getuid,issetugid,setegid,seteuid,setgid,setregid,setresgid,setresuid,setreuid,setrgid,setruid,setuid
Process::Sys	c	
Process::Sys	I	
Process::Sys	S	!,!=,!~,<,<=,<=>,==,===,>,>=,__id__,__send__,alias_method,ancestors,attr,attr_accessor,attr_reader,attr_writer,autoload,autoload?,class,class_eval,class_exec,class_variable_defined?,class_variable_get,class_variable_set,class_variables,clone,const_defined?,const_get,const_missing,const_set,const_source_location,constants,define_method,define_singleton_method,deprecate_constant,display,dup,enum_for,eql?,equal?,extend,freeze,frozen?,getegid,geteuid,getgid,getuid,hash,include,include?,included_modules,inspect,instance_eval,instance_exec,instance_method,instance_methods,instance_of?,instance_variable_defined?,instance_variable_get,instance_variable_set,instance_variables,is_a?,issetugid,itself,kind_of?,method,method_defined?,methods,module_eval,module_exec,name,nil?,object_id,prepend,private_class_method,private_constant,private_instance_methods,private_method_defined?,private_methods,protected_instance_methods,protected_method_defined?,protected_methods,public_class_method,public_constant,public_instance_method,public_instance_methods,public_method,public_method_defined?,public_methods,public_send,refinements,remove_class_variable,remove_instance_variable,remove_method,respond_to?,send,set_temporary_name,setegid,seteuid,setgid,setregid,setresgid,setresuid,setreuid,setrgid,setruid,setuid,singleton_class,singleton_class?,singleton_method,singleton_methods,tap,then,to_enum,to_s,undef_method,undefined_instance_methods,yield_self
Process::Sys	P	getegid,geteuid,getgid,getuid,issetugid,setegid,seteuid,setgid,setregid,setresgid,setresuid,setreuid,setrgid,setruid,setuid
Process::Tms	i	cstime,cstime=,cutime,cutime=,stime,stime=,utime,utime=
Process::Tms	s	[],inspect,keyword_init?,members,new
Process::Tms	p	
Process::Tms	c	
Process::Tms	I	!,!=,!~,<=>,==,===,[],[]=,__id__,__send__,all?,any?,chain,chunk,chunk_while,class,clone,collect,collect_concat,compact,count,cstime,cstime=,cutime,cutime=,cycle,deconstruct,deconstruct_keys,define_singleton_method,detect,dig,display,drop,drop_while,dup,each,each_cons,each_entry,each_pair,each_slice,each_with_index,each_with_object,entries,enum_for,eql?,equal?,extend,filter,filter_map,find,find_all,find_index,first,flat_map,freeze,frozen?,grep,grep_v,group_by,hash,include?,inject,inspect,instance_eval,instance_exec,instance_of?,instance_variable_defined?,instance_variable_get,instance_variable_set,instance_variables,is_a?,itself,kind_of?,lazy,length,map,max,max_by,member?,members,method,methods,min,min_by,minmax,minmax_by,nil?,none?,object_id,one?,partition,private_methods,protected_methods,public_method,public_methods,public_send,reduce,reject,remove_instance_variable,respond_to?,reverse_each,select,send,singleton_class,singleton_method,singleton_methods,size,slice_after,slice_before,slice_when,sort,sort_by,stime,stime=,sum,take,take_while,tally,tap,then,to_a,to_enum,to_h,to_s,to_set,uniq,utime,utime=,values,values_at,yield_self,zip
Process::Tms	S	!,!=,!~,<,<=,<=>,==,===,>,>=,[],__id__,__send__,alias_method,allocate,ancestors,attached_object,attr,attr_accessor,attr_reader,attr_writer,autoload,autoload?,class,class_eval,class_exec,class_variable_defined?,class_variable_get,class_variable_set,class_variables,clone,const_defined?,const_get,const_missing,const_set,const_source_location,constants,define_method,define_singleton_method,deprecate_constant,display,dup,enum_for,eql?,equal?,extend,freeze,frozen?,hash,include,include?,included_modules,inspect,instance_eval,instance_exec,instance_method,instance_methods,instance_of?,instance_variable_defined?,instance_variable_get,instance_variable_set,instance_variables,is_a?,itself,keyword_init?,kind_of?,members,method,method_defined?,methods,module_eval,module_exec,name,new,nil?,object_id,prepend,private_class_method,private_constant,private_instance_methods,private_method_defined?,private_methods,protected_instance_methods,protected_method_defined?,protected_methods,public_class_method,public_constant,public_instance_method,public_instance_methods,public_method,public_method_defined?,public_methods,public_send,refinements,remove_class_variable,remove_instance_variable,remove_method,respond_to?,send,set_temporary_name,singleton_class,singleton_class?,singleton_method,singleton_methods,subclasses,superclass,tap,then,to_enum,to_s,undef_method,undefined_instance_methods,yield_self
Process::Tms	P	Array,Complex,Float,Hash,Integer,Pathname,Rational,String,__callee__,__dir__,__method__,`,abort,at_exit,autoload,autoload?,binding,block_given?,caller,caller_locations,catch,eval,exec,exit,exit!,fail,fork,format,gets,global_variables,initialize,initialize_clone,initialize_copy,initialize_dup,instance_variables_to_inspect,iterator?,lambda,load,local_variables,loop,method_missing,open,p,pp,print,printf,proc,putc,puts,raise,rand,readline,readlines,require,require_relative,respond_to_missing?,set_trace_func,singleton_method_added,singleton_method_removed,singleton_method_undefined,sleep,spawn,sprintf,srand,syscall,system,test,throw,trace_var,trap,untrace_var,warn
Process::UID	i	
Process::UID	s	change_privilege,eid,eid=,from_name,grant_privilege,re_exchange,re_exchangeable?,rid,sid_available?,switch
Process::UID	p	change_privilege,eid,from_name,grant_privilege,re_exchange,re_exchangeable?,rid,sid_available?,switch
Process::UID	c	
Process::UID	I	
Process::UID	S	!,!=,!~,<,<=,<=>,==,===,>,>=,__id__,__send__,alias_method,ancestors,attr,attr_accessor,attr_reader,attr_writer,autoload,autoload?,change_privilege,class,class_eval,class_exec,class_variable_defined?,class_variable_get,class_variable_set,class_variables,clone,const_defined?,const_get,const_missing,const_set,const_source_location,constants,define_method,define_singleton_method,deprecate_constant,display,dup,eid,eid=,enum_for,eql?,equal?,extend,freeze,from_name,frozen?,grant_privilege,hash,include,include?,included_modules,inspect,instance_eval,instance_exec,instance_method,instance_methods,instance_of?,instance_variable_defined?,instance_variable_get,instance_variable_set,instance_variables,is_a?,itself,kind_of?,method,method_defined?,methods,module_eval,module_exec,name,nil?,object_id,prepend,private_class_method,private_constant,private_instance_methods,private_method_defined?,private_methods,protected_instance_methods,protected_method_defined?,protected_methods,public_class_method,public_constant,public_instance_method,public_instance_methods,public_method,public_method_defined?,public_methods,public_send,re_exchange,re_exchangeable?,refinements,remove_class_variable,remove_instance_variable,remove_method,respond_to?,rid,send,set_temporary_name,sid_available?,singleton_class,singleton_class?,singleton_method,singleton_methods,switch,tap,then,to_enum,to_s,undef_method,undefined_instance_methods,yield_self
Process::UID	P	change_privilege,eid,from_name,grant_privilege,re_exchange,re_exchangeable?,rid,sid_available?,switch
Process::Waiter	i	pid
Process::Waiter	s	
Process::Waiter	p	
Process::Waiter	c	
Process::Waiter	I	!,!=,!~,<=>,==,===,[],[]=,__id__,__send__,abort_on_exception,abort_on_exception=,add_trace_func,alive?,backtrace,backtrace_locations,class,clone,define_singleton_method,display,dup,enum_for,eql?,equal?,exit,extend,fetch,freeze,frozen?,group,hash,inspect,instance_eval,instance_exec,instance_of?,instance_variable_defined?,instance_variable_get,instance_variable_set,instance_variables,is_a?,itself,join,key?,keys,kill,kind_of?,method,methods,name,name=,native_thread_id,nil?,object_id,pending_interrupt?,pid,priority,priority=,private_methods,protected_methods,public_method,public_methods,public_send,raise,remove_instance_variable,report_on_exception,report_on_exception=,respond_to?,run,send,set_trace_func,singleton_class,singleton_method,singleton_methods,status,stop?,tap,terminate,then,thread_variable?,thread_variable_get,thread_variable_set,thread_variables,to_enum,to_s,value,wakeup,yield_self
Process::Waiter	S	!,!=,!~,<,<=,<=>,==,===,>,>=,__id__,__send__,abort_on_exception,abort_on_exception=,alias_method,allocate,ancestors,attached_object,attr,attr_accessor,attr_reader,attr_writer,autoload,autoload?,class,class_eval,class_exec,class_variable_defined?,class_variable_get,class_variable_set,class_variables,clone,const_defined?,const_get,const_missing,const_set,const_source_location,constants,current,define_method,define_singleton_method,deprecate_constant,display,dup,each_caller_location,enum_for,eql?,equal?,exit,extend,fork,freeze,frozen?,handle_interrupt,hash,ignore_deadlock,ignore_deadlock=,include,include?,included_modules,inspect,instance_eval,instance_exec,instance_method,instance_methods,instance_of?,instance_variable_defined?,instance_variable_get,instance_variable_set,instance_variables,is_a?,itself,kill,kind_of?,list,main,method,method_defined?,methods,module_eval,module_exec,name,nil?,object_id,pass,pending_interrupt?,prepend,private_class_method,private_constant,private_instance_methods,private_method_defined?,private_methods,protected_instance_methods,protected_method_defined?,protected_methods,public_class_method,public_constant,public_instance_method,public_instance_methods,public_method,public_method_defined?,public_methods,public_send,refinements,remove_class_variable,remove_instance_variable,remove_method,report_on_exception,report_on_exception=,respond_to?,send,set_temporary_name,singleton_class,singleton_class?,singleton_method,singleton_methods,start,stop,subclasses,superclass,tap,then,to_enum,to_s,undef_method,undefined_instance_methods,yield_self
Process::Waiter	P	Array,Complex,Float,Hash,Integer,Pathname,Rational,String,__callee__,__dir__,__method__,`,abort,at_exit,autoload,autoload?,binding,block_given?,caller,caller_locations,catch,eval,exec,exit!,fail,fork,format,gets,global_variables,initialize,initialize_clone,initialize_copy,initialize_dup,instance_variables_to_inspect,iterator?,lambda,load,local_variables,loop,method_missing,open,p,pp,print,printf,proc,putc,puts,rand,readline,readlines,require,require_relative,respond_to_missing?,select,singleton_method_added,singleton_method_removed,singleton_method_undefined,sleep,spawn,sprintf,srand,syscall,system,test,throw,trace_var,trap,untrace_var,warn
Ractor	i	<<,[],[]=,close,default_port,inspect,join,monitor,name,send,to_s,unmonitor,value
Ractor	s	[],[]=,_require,count,current,main,main?,make_shareable,new,receive,recv,select,shareable?,shareable_lambda,shareable_proc,store_if_absent
Ractor	p	receive,recv
Ractor	c	ClosedError,Error,IsolationError,MovedError,MovedObject,Port,RemoteError,UnsafeError
Ractor	I	!,!=,!~,<<,<=>,==,===,[],[]=,__id__,__send__,class,clone,close,default_port,define_singleton_method,display,dup,enum_for,eql?,equal?,extend,freeze,frozen?,hash,inspect,instance_eval,instance_exec,instance_of?,instance_variable_defined?,instance_variable_get,instance_variable_set,instance_variables,is_a?,itself,join,kind_of?,method,methods,monitor,name,nil?,object_id,private_methods,protected_methods,public_method,public_methods,public_send,remove_instance_variable,respond_to?,send,singleton_class,singleton_method,singleton_methods,tap,then,to_enum,to_s,unmonitor,value,yield_self
Ractor	S	!,!=,!~,<,<=,<=>,==,===,>,>=,[],[]=,__id__,__send__,_require,alias_method,allocate,ancestors,attached_object,attr,attr_accessor,attr_reader,attr_writer,autoload,autoload?,class,class_eval,class_exec,class_variable_defined?,class_variable_get,class_variable_set,class_variables,clone,const_defined?,const_get,const_missing,const_set,const_source_location,constants,count,current,define_method,define_singleton_method,deprecate_constant,display,dup,enum_for,eql?,equal?,extend,freeze,frozen?,hash,include,include?,included_modules,inspect,instance_eval,instance_exec,instance_method,instance_methods,instance_of?,instance_variable_defined?,instance_variable_get,instance_variable_set,instance_variables,is_a?,itself,kind_of?,main,main?,make_shareable,method,method_defined?,methods,module_eval,module_exec,name,new,nil?,object_id,prepend,private_class_method,private_constant,private_instance_methods,private_method_defined?,private_methods,protected_instance_methods,protected_method_defined?,protected_methods,public_class_method,public_constant,public_instance_method,public_instance_methods,public_method,public_method_defined?,public_methods,public_send,receive,recv,refinements,remove_class_variable,remove_instance_variable,remove_method,respond_to?,select,send,set_temporary_name,shareable?,shareable_lambda,shareable_proc,singleton_class,singleton_class?,singleton_method,singleton_methods,store_if_absent,subclasses,superclass,tap,then,to_enum,to_s,undef_method,undefined_instance_methods,yield_self
Ractor	P	Array,Complex,Float,Hash,Integer,Pathname,Rational,String,__callee__,__dir__,__method__,`,abort,at_exit,autoload,autoload?,binding,block_given?,caller,caller_locations,catch,eval,exec,exit,exit!,fail,fork,format,gets,global_variables,initialize,initialize_clone,initialize_copy,initialize_dup,instance_variables_to_inspect,iterator?,lambda,load,local_variables,loop,method_missing,open,p,pp,print,printf,proc,putc,puts,raise,rand,readline,readlines,receive,recv,require,require_relative,respond_to_missing?,select,set_trace_func,singleton_method_added,singleton_method_removed,singleton_method_undefined,sleep,spawn,sprintf,srand,syscall,system,test,throw,trace_var,trap,untrace_var,warn
Ractor::ClosedError	i	
Ractor::ClosedError	s	
Ractor::ClosedError	p	
Ractor::ClosedError	c	
Ractor::ClosedError	I	!,!=,!~,<=>,==,===,__id__,__send__,backtrace,backtrace_locations,cause,class,clone,define_singleton_method,detailed_message,display,dup,enum_for,eql?,equal?,exception,extend,freeze,frozen?,full_message,hash,inspect,instance_eval,instance_exec,instance_of?,instance_variable_defined?,instance_variable_get,instance_variable_set,instance_variables,is_a?,itself,kind_of?,message,method,methods,nil?,object_id,private_methods,protected_methods,public_method,public_methods,public_send,remove_instance_variable,respond_to?,result,send,set_backtrace,singleton_class,singleton_method,singleton_methods,tap,then,to_enum,to_s,yield_self
Ractor::ClosedError	S	!,!=,!~,<,<=,<=>,==,===,>,>=,__id__,__send__,alias_method,allocate,ancestors,attached_object,attr,attr_accessor,attr_reader,attr_writer,autoload,autoload?,class,class_eval,class_exec,class_variable_defined?,class_variable_get,class_variable_set,class_variables,clone,const_defined?,const_get,const_missing,const_set,const_source_location,constants,define_method,define_singleton_method,deprecate_constant,display,dup,enum_for,eql?,equal?,exception,extend,freeze,frozen?,hash,include,include?,included_modules,inspect,instance_eval,instance_exec,instance_method,instance_methods,instance_of?,instance_variable_defined?,instance_variable_get,instance_variable_set,instance_variables,is_a?,itself,kind_of?,method,method_defined?,methods,module_eval,module_exec,name,new,nil?,object_id,prepend,private_class_method,private_constant,private_instance_methods,private_method_defined?,private_methods,protected_instance_methods,protected_method_defined?,protected_methods,public_class_method,public_constant,public_instance_method,public_instance_methods,public_method,public_method_defined?,public_methods,public_send,refinements,remove_class_variable,remove_instance_variable,remove_method,respond_to?,send,set_temporary_name,singleton_class,singleton_class?,singleton_method,singleton_methods,subclasses,superclass,tap,then,to_enum,to_s,to_tty?,undef_method,undefined_instance_methods,yield_self
Ractor::ClosedError	P	Array,Complex,Float,Hash,Integer,Pathname,Rational,String,__callee__,__dir__,__method__,`,abort,at_exit,autoload,autoload?,binding,block_given?,caller,caller_locations,catch,eval,exec,exit,exit!,fail,fork,format,gets,global_variables,initialize,initialize_clone,initialize_copy,initialize_dup,instance_variables_to_inspect,iterator?,lambda,load,local_variables,loop,method_missing,open,p,pp,print,printf,proc,putc,puts,raise,rand,readline,readlines,require,require_relative,respond_to_missing?,select,set_trace_func,singleton_method_added,singleton_method_removed,singleton_method_undefined,sleep,spawn,sprintf,srand,syscall,system,test,throw,trace_var,trap,untrace_var,warn
Ractor::Error	i	
Ractor::Error	s	
Ractor::Error	p	
Ractor::Error	c	
Ractor::Error	I	!,!=,!~,<=>,==,===,__id__,__send__,backtrace,backtrace_locations,cause,class,clone,define_singleton_method,detailed_message,display,dup,enum_for,eql?,equal?,exception,extend,freeze,frozen?,full_message,hash,inspect,instance_eval,instance_exec,instance_of?,instance_variable_defined?,instance_variable_get,instance_variable_set,instance_variables,is_a?,itself,kind_of?,message,method,methods,nil?,object_id,private_methods,protected_methods,public_method,public_methods,public_send,remove_instance_variable,respond_to?,send,set_backtrace,singleton_class,singleton_method,singleton_methods,tap,then,to_enum,to_s,yield_self
Ractor::Error	S	!,!=,!~,<,<=,<=>,==,===,>,>=,__id__,__send__,alias_method,allocate,ancestors,attached_object,attr,attr_accessor,attr_reader,attr_writer,autoload,autoload?,class,class_eval,class_exec,class_variable_defined?,class_variable_get,class_variable_set,class_variables,clone,const_defined?,const_get,const_missing,const_set,const_source_location,constants,define_method,define_singleton_method,deprecate_constant,display,dup,enum_for,eql?,equal?,exception,extend,freeze,frozen?,hash,include,include?,included_modules,inspect,instance_eval,instance_exec,instance_method,instance_methods,instance_of?,instance_variable_defined?,instance_variable_get,instance_variable_set,instance_variables,is_a?,itself,kind_of?,method,method_defined?,methods,module_eval,module_exec,name,new,nil?,object_id,prepend,private_class_method,private_constant,private_instance_methods,private_method_defined?,private_methods,protected_instance_methods,protected_method_defined?,protected_methods,public_class_method,public_constant,public_instance_method,public_instance_methods,public_method,public_method_defined?,public_methods,public_send,refinements,remove_class_variable,remove_instance_variable,remove_method,respond_to?,send,set_temporary_name,singleton_class,singleton_class?,singleton_method,singleton_methods,subclasses,superclass,tap,then,to_enum,to_s,to_tty?,undef_method,undefined_instance_methods,yield_self
Ractor::Error	P	Array,Complex,Float,Hash,Integer,Pathname,Rational,String,__callee__,__dir__,__method__,`,abort,at_exit,autoload,autoload?,binding,block_given?,caller,caller_locations,catch,eval,exec,exit,exit!,fail,fork,format,gets,global_variables,initialize,initialize_clone,initialize_copy,initialize_dup,instance_variables_to_inspect,iterator?,lambda,load,local_variables,loop,method_missing,open,p,pp,print,printf,proc,putc,puts,raise,rand,readline,readlines,require,require_relative,respond_to_missing?,select,set_trace_func,singleton_method_added,singleton_method_removed,singleton_method_undefined,sleep,spawn,sprintf,srand,syscall,system,test,throw,trace_var,trap,untrace_var,warn
Ractor::IsolationError	i	
Ractor::IsolationError	s	
Ractor::IsolationError	p	
Ractor::IsolationError	c	
Ractor::IsolationError	I	!,!=,!~,<=>,==,===,__id__,__send__,backtrace,backtrace_locations,cause,class,clone,define_singleton_method,detailed_message,display,dup,enum_for,eql?,equal?,exception,extend,freeze,frozen?,full_message,hash,inspect,instance_eval,instance_exec,instance_of?,instance_variable_defined?,instance_variable_get,instance_variable_set,instance_variables,is_a?,itself,kind_of?,message,method,methods,nil?,object_id,private_methods,protected_methods,public_method,public_methods,public_send,remove_instance_variable,respond_to?,send,set_backtrace,singleton_class,singleton_method,singleton_methods,tap,then,to_enum,to_s,yield_self
Ractor::IsolationError	S	!,!=,!~,<,<=,<=>,==,===,>,>=,__id__,__send__,alias_method,allocate,ancestors,attached_object,attr,attr_accessor,attr_reader,attr_writer,autoload,autoload?,class,class_eval,class_exec,class_variable_defined?,class_variable_get,class_variable_set,class_variables,clone,const_defined?,const_get,const_missing,const_set,const_source_location,constants,define_method,define_singleton_method,deprecate_constant,display,dup,enum_for,eql?,equal?,exception,extend,freeze,frozen?,hash,include,include?,included_modules,inspect,instance_eval,instance_exec,instance_method,instance_methods,instance_of?,instance_variable_defined?,instance_variable_get,instance_variable_set,instance_variables,is_a?,itself,kind_of?,method,method_defined?,methods,module_eval,module_exec,name,new,nil?,object_id,prepend,private_class_method,private_constant,private_instance_methods,private_method_defined?,private_methods,protected_instance_methods,protected_method_defined?,protected_methods,public_class_method,public_constant,public_instance_method,public_instance_methods,public_method,public_method_defined?,public_methods,public_send,refinements,remove_class_variable,remove_instance_variable,remove_method,respond_to?,send,set_temporary_name,singleton_class,singleton_class?,singleton_method,singleton_methods,subclasses,superclass,tap,then,to_enum,to_s,to_tty?,undef_method,undefined_instance_methods,yield_self
Ractor::IsolationError	P	Array,Complex,Float,Hash,Integer,Pathname,Rational,String,__callee__,__dir__,__method__,`,abort,at_exit,autoload,autoload?,binding,block_given?,caller,caller_locations,catch,eval,exec,exit,exit!,fail,fork,format,gets,global_variables,initialize,initialize_clone,initialize_copy,initialize_dup,instance_variables_to_inspect,iterator?,lambda,load,local_variables,loop,method_missing,open,p,pp,print,printf,proc,putc,puts,raise,rand,readline,readlines,require,require_relative,respond_to_missing?,select,set_trace_func,singleton_method_added,singleton_method_removed,singleton_method_undefined,sleep,spawn,sprintf,srand,syscall,system,test,throw,trace_var,trap,untrace_var,warn
Ractor::MovedError	i	
Ractor::MovedError	s	
Ractor::MovedError	p	
Ractor::MovedError	c	
Ractor::MovedError	I	!,!=,!~,<=>,==,===,__id__,__send__,backtrace,backtrace_locations,cause,class,clone,define_singleton_method,detailed_message,display,dup,enum_for,eql?,equal?,exception,extend,freeze,frozen?,full_message,hash,inspect,instance_eval,instance_exec,instance_of?,instance_variable_defined?,instance_variable_get,instance_variable_set,instance_variables,is_a?,itself,kind_of?,message,method,methods,nil?,object_id,private_methods,protected_methods,public_method,public_methods,public_send,remove_instance_variable,respond_to?,send,set_backtrace,singleton_class,singleton_method,singleton_methods,tap,then,to_enum,to_s,yield_self
Ractor::MovedError	S	!,!=,!~,<,<=,<=>,==,===,>,>=,__id__,__send__,alias_method,allocate,ancestors,attached_object,attr,attr_accessor,attr_reader,attr_writer,autoload,autoload?,class,class_eval,class_exec,class_variable_defined?,class_variable_get,class_variable_set,class_variables,clone,const_defined?,const_get,const_missing,const_set,const_source_location,constants,define_method,define_singleton_method,deprecate_constant,display,dup,enum_for,eql?,equal?,exception,extend,freeze,frozen?,hash,include,include?,included_modules,inspect,instance_eval,instance_exec,instance_method,instance_methods,instance_of?,instance_variable_defined?,instance_variable_get,instance_variable_set,instance_variables,is_a?,itself,kind_of?,method,method_defined?,methods,module_eval,module_exec,name,new,nil?,object_id,prepend,private_class_method,private_constant,private_instance_methods,private_method_defined?,private_methods,protected_instance_methods,protected_method_defined?,protected_methods,public_class_method,public_constant,public_instance_method,public_instance_methods,public_method,public_method_defined?,public_methods,public_send,refinements,remove_class_variable,remove_instance_variable,remove_method,respond_to?,send,set_temporary_name,singleton_class,singleton_class?,singleton_method,singleton_methods,subclasses,superclass,tap,then,to_enum,to_s,to_tty?,undef_method,undefined_instance_methods,yield_self
Ractor::MovedError	P	Array,Complex,Float,Hash,Integer,Pathname,Rational,String,__callee__,__dir__,__method__,`,abort,at_exit,autoload,autoload?,binding,block_given?,caller,caller_locations,catch,eval,exec,exit,exit!,fail,fork,format,gets,global_variables,initialize,initialize_clone,initialize_copy,initialize_dup,instance_variables_to_inspect,iterator?,lambda,load,local_variables,loop,method_missing,open,p,pp,print,printf,proc,putc,puts,raise,rand,readline,readlines,require,require_relative,respond_to_missing?,select,set_trace_func,singleton_method_added,singleton_method_removed,singleton_method_undefined,sleep,spawn,sprintf,srand,syscall,system,test,throw,trace_var,trap,untrace_var,warn
Ractor::MovedObject	i	!,!=,==,__id__,__send__,equal?,instance_eval,instance_exec,method_missing
Ractor::MovedObject	s	
Ractor::MovedObject	p	
Ractor::MovedObject	c	
Ractor::MovedObject	I	!,!=,==,__id__,__send__,equal?,instance_eval,instance_exec,method_missing
Ractor::MovedObject	S	!,!=,!~,<,<=,<=>,==,===,>,>=,__id__,__send__,alias_method,allocate,ancestors,attached_object,attr,attr_accessor,attr_reader,attr_writer,autoload,autoload?,class,class_eval,class_exec,class_variable_defined?,class_variable_get,class_variable_set,class_variables,clone,const_defined?,const_get,const_missing,const_set,const_source_location,constants,define_method,define_singleton_method,deprecate_constant,display,dup,enum_for,eql?,equal?,extend,freeze,frozen?,hash,include,include?,included_modules,inspect,instance_eval,instance_exec,instance_method,instance_methods,instance_of?,instance_variable_defined?,instance_variable_get,instance_variable_set,instance_variables,is_a?,itself,kind_of?,method,method_defined?,methods,module_eval,module_exec,name,new,nil?,object_id,prepend,private_class_method,private_constant,private_instance_methods,private_method_defined?,private_methods,protected_instance_methods,protected_method_defined?,protected_methods,public_class_method,public_constant,public_instance_method,public_instance_methods,public_method,public_method_defined?,public_methods,public_send,refinements,remove_class_variable,remove_instance_variable,remove_method,respond_to?,send,set_temporary_name,singleton_class,singleton_class?,singleton_method,singleton_methods,subclasses,superclass,tap,then,to_enum,to_s,undef_method,undefined_instance_methods,yield_self
Ractor::MovedObject	P	initialize,singleton_method_added,singleton_method_removed,singleton_method_undefined
Ractor::Port	i	<<,close,closed?,inspect,receive,send
Ractor::Port	s	
Ractor::Port	p	initialize,initialize_copy
Ractor::Port	c	
Ractor::Port	I	!,!=,!~,<<,<=>,==,===,__id__,__send__,class,clone,close,closed?,define_singleton_method,display,dup,enum_for,eql?,equal?,extend,freeze,frozen?,hash,inspect,instance_eval,instance_exec,instance_of?,instance_variable_defined?,instance_variable_get,instance_variable_set,instance_variables,is_a?,itself,kind_of?,method,methods,nil?,object_id,private_methods,protected_methods,public_method,public_methods,public_send,receive,remove_instance_variable,respond_to?,send,singleton_class,singleton_method,singleton_methods,tap,then,to_enum,to_s,yield_self
Ractor::Port	S	!,!=,!~,<,<=,<=>,==,===,>,>=,__id__,__send__,alias_method,allocate,ancestors,attached_object,attr,attr_accessor,attr_reader,attr_writer,autoload,autoload?,class,class_eval,class_exec,class_variable_defined?,class_variable_get,class_variable_set,class_variables,clone,const_defined?,const_get,const_missing,const_set,const_source_location,constants,define_method,define_singleton_method,deprecate_constant,display,dup,enum_for,eql?,equal?,extend,freeze,frozen?,hash,include,include?,included_modules,inspect,instance_eval,instance_exec,instance_method,instance_methods,instance_of?,instance_variable_defined?,instance_variable_get,instance_variable_set,instance_variables,is_a?,itself,kind_of?,method,method_defined?,methods,module_eval,module_exec,name,new,nil?,object_id,prepend,private_class_method,private_constant,private_instance_methods,private_method_defined?,private_methods,protected_instance_methods,protected_method_defined?,protected_methods,public_class_method,public_constant,public_instance_method,public_instance_methods,public_method,public_method_defined?,public_methods,public_send,refinements,remove_class_variable,remove_instance_variable,remove_method,respond_to?,send,set_temporary_name,singleton_class,singleton_class?,singleton_method,singleton_methods,subclasses,superclass,tap,then,to_enum,to_s,undef_method,undefined_instance_methods,yield_self
Ractor::Port	P	Array,Complex,Float,Hash,Integer,Pathname,Rational,String,__callee__,__dir__,__method__,`,abort,at_exit,autoload,autoload?,binding,block_given?,caller,caller_locations,catch,eval,exec,exit,exit!,fail,fork,format,gets,global_variables,initialize,initialize_clone,initialize_copy,initialize_dup,instance_variables_to_inspect,iterator?,lambda,load,local_variables,loop,method_missing,open,p,pp,print,printf,proc,putc,puts,raise,rand,readline,readlines,require,require_relative,respond_to_missing?,select,set_trace_func,singleton_method_added,singleton_method_removed,singleton_method_undefined,sleep,spawn,sprintf,srand,syscall,system,test,throw,trace_var,trap,untrace_var,warn
Ractor::RemoteError	i	ractor
Ractor::RemoteError	s	
Ractor::RemoteError	p	
Ractor::RemoteError	c	
Ractor::RemoteError	I	!,!=,!~,<=>,==,===,__id__,__send__,backtrace,backtrace_locations,cause,class,clone,define_singleton_method,detailed_message,display,dup,enum_for,eql?,equal?,exception,extend,freeze,frozen?,full_message,hash,inspect,instance_eval,instance_exec,instance_of?,instance_variable_defined?,instance_variable_get,instance_variable_set,instance_variables,is_a?,itself,kind_of?,message,method,methods,nil?,object_id,private_methods,protected_methods,public_method,public_methods,public_send,ractor,remove_instance_variable,respond_to?,send,set_backtrace,singleton_class,singleton_method,singleton_methods,tap,then,to_enum,to_s,yield_self
Ractor::RemoteError	S	!,!=,!~,<,<=,<=>,==,===,>,>=,__id__,__send__,alias_method,allocate,ancestors,attached_object,attr,attr_accessor,attr_reader,attr_writer,autoload,autoload?,class,class_eval,class_exec,class_variable_defined?,class_variable_get,class_variable_set,class_variables,clone,const_defined?,const_get,const_missing,const_set,const_source_location,constants,define_method,define_singleton_method,deprecate_constant,display,dup,enum_for,eql?,equal?,exception,extend,freeze,frozen?,hash,include,include?,included_modules,inspect,instance_eval,instance_exec,instance_method,instance_methods,instance_of?,instance_variable_defined?,instance_variable_get,instance_variable_set,instance_variables,is_a?,itself,kind_of?,method,method_defined?,methods,module_eval,module_exec,name,new,nil?,object_id,prepend,private_class_method,private_constant,private_instance_methods,private_method_defined?,private_methods,protected_instance_methods,protected_method_defined?,protected_methods,public_class_method,public_constant,public_instance_method,public_instance_methods,public_method,public_method_defined?,public_methods,public_send,refinements,remove_class_variable,remove_instance_variable,remove_method,respond_to?,send,set_temporary_name,singleton_class,singleton_class?,singleton_method,singleton_methods,subclasses,superclass,tap,then,to_enum,to_s,to_tty?,undef_method,undefined_instance_methods,yield_self
Ractor::RemoteError	P	Array,Complex,Float,Hash,Integer,Pathname,Rational,String,__callee__,__dir__,__method__,`,abort,at_exit,autoload,autoload?,binding,block_given?,caller,caller_locations,catch,eval,exec,exit,exit!,fail,fork,format,gets,global_variables,initialize,initialize_clone,initialize_copy,initialize_dup,instance_variables_to_inspect,iterator?,lambda,load,local_variables,loop,method_missing,open,p,pp,print,printf,proc,putc,puts,raise,rand,readline,readlines,require,require_relative,respond_to_missing?,select,set_trace_func,singleton_method_added,singleton_method_removed,singleton_method_undefined,sleep,spawn,sprintf,srand,syscall,system,test,throw,trace_var,trap,untrace_var,warn
Ractor::UnsafeError	i	
Ractor::UnsafeError	s	
Ractor::UnsafeError	p	
Ractor::UnsafeError	c	
Ractor::UnsafeError	I	!,!=,!~,<=>,==,===,__id__,__send__,backtrace,backtrace_locations,cause,class,clone,define_singleton_method,detailed_message,display,dup,enum_for,eql?,equal?,exception,extend,freeze,frozen?,full_message,hash,inspect,instance_eval,instance_exec,instance_of?,instance_variable_defined?,instance_variable_get,instance_variable_set,instance_variables,is_a?,itself,kind_of?,message,method,methods,nil?,object_id,private_methods,protected_methods,public_method,public_methods,public_send,remove_instance_variable,respond_to?,send,set_backtrace,singleton_class,singleton_method,singleton_methods,tap,then,to_enum,to_s,yield_self
Ractor::UnsafeError	S	!,!=,!~,<,<=,<=>,==,===,>,>=,__id__,__send__,alias_method,allocate,ancestors,attached_object,attr,attr_accessor,attr_reader,attr_writer,autoload,autoload?,class,class_eval,class_exec,class_variable_defined?,class_variable_get,class_variable_set,class_variables,clone,const_defined?,const_get,const_missing,const_set,const_source_location,constants,define_method,define_singleton_method,deprecate_constant,display,dup,enum_for,eql?,equal?,exception,extend,freeze,frozen?,hash,include,include?,included_modules,inspect,instance_eval,instance_exec,instance_method,instance_methods,instance_of?,instance_variable_defined?,instance_variable_get,instance_variable_set,instance_variables,is_a?,itself,kind_of?,method,method_defined?,methods,module_eval,module_exec,name,new,nil?,object_id,prepend,private_class_method,private_constant,private_instance_methods,private_method_defined?,private_methods,protected_instance_methods,protected_method_defined?,protected_methods,public_class_method,public_constant,public_instance_method,public_instance_methods,public_method,public_method_defined?,public_methods,public_send,refinements,remove_class_variable,remove_instance_variable,remove_method,respond_to?,send,set_temporary_name,singleton_class,singleton_class?,singleton_method,singleton_methods,subclasses,superclass,tap,then,to_enum,to_s,to_tty?,undef_method,undefined_instance_methods,yield_self
Ractor::UnsafeError	P	Array,Complex,Float,Hash,Integer,Pathname,Rational,String,__callee__,__dir__,__method__,`,abort,at_exit,autoload,autoload?,binding,block_given?,caller,caller_locations,catch,eval,exec,exit,exit!,fail,fork,format,gets,global_variables,initialize,initialize_clone,initialize_copy,initialize_dup,instance_variables_to_inspect,iterator?,lambda,load,local_variables,loop,method_missing,open,p,pp,print,printf,proc,putc,puts,raise,rand,readline,readlines,require,require_relative,respond_to_missing?,select,set_trace_func,singleton_method_added,singleton_method_removed,singleton_method_undefined,sleep,spawn,sprintf,srand,syscall,system,test,throw,trace_var,trap,untrace_var,warn
Random	i	==
Random	s	bytes,new_seed,rand,seed,srand,urandom
Random	p	initialize_copy,left,marshal_dump,marshal_load,state
Random	c	Base,Formatter
Random	I	!,!=,!~,<=>,==,===,__id__,__send__,bytes,class,clone,define_singleton_method,display,dup,enum_for,eql?,equal?,extend,freeze,frozen?,hash,inspect,instance_eval,instance_exec,instance_of?,instance_variable_defined?,instance_variable_get,instance_variable_set,instance_variables,is_a?,itself,kind_of?,method,methods,nil?,object_id,private_methods,protected_methods,public_method,public_methods,public_send,rand,random_number,remove_instance_variable,respond_to?,seed,send,singleton_class,singleton_method,singleton_methods,tap,then,to_enum,to_s,yield_self
Random	S	!,!=,!~,<,<=,<=>,==,===,>,>=,__id__,__send__,alias_method,allocate,ancestors,attached_object,attr,attr_accessor,attr_reader,attr_writer,autoload,autoload?,bytes,class,class_eval,class_exec,class_variable_defined?,class_variable_get,class_variable_set,class_variables,clone,const_defined?,const_get,const_missing,const_set,const_source_location,constants,define_method,define_singleton_method,deprecate_constant,display,dup,enum_for,eql?,equal?,extend,freeze,frozen?,hash,include,include?,included_modules,inspect,instance_eval,instance_exec,instance_method,instance_methods,instance_of?,instance_variable_defined?,instance_variable_get,instance_variable_set,instance_variables,is_a?,itself,kind_of?,method,method_defined?,methods,module_eval,module_exec,name,new,new_seed,nil?,object_id,prepend,private_class_method,private_constant,private_instance_methods,private_method_defined?,private_methods,protected_instance_methods,protected_method_defined?,protected_methods,public_class_method,public_constant,public_instance_method,public_instance_methods,public_method,public_method_defined?,public_methods,public_send,rand,random_number,refinements,remove_class_variable,remove_instance_variable,remove_method,respond_to?,seed,send,set_temporary_name,singleton_class,singleton_class?,singleton_method,singleton_methods,srand,subclasses,superclass,tap,then,to_enum,to_s,undef_method,undefined_instance_methods,urandom,yield_self
Random	P	Array,Complex,Float,Hash,Integer,Pathname,Rational,String,__callee__,__dir__,__method__,`,abort,at_exit,autoload,autoload?,binding,block_given?,caller,caller_locations,catch,eval,exec,exit,exit!,fail,fork,format,gets,global_variables,initialize,initialize_clone,initialize_copy,initialize_dup,instance_variables_to_inspect,iterator?,lambda,left,load,local_variables,loop,marshal_dump,marshal_load,method_missing,open,p,pp,print,printf,proc,putc,puts,raise,readline,readlines,require,require_relative,respond_to_missing?,select,set_trace_func,singleton_method_added,singleton_method_removed,singleton_method_undefined,sleep,spawn,sprintf,srand,state,syscall,system,test,throw,trace_var,trap,untrace_var,warn
Random::Base	i	bytes,rand,seed
Random::Base	s	
Random::Base	p	initialize
Random::Base	c	
Random::Base	I	!,!=,!~,<=>,==,===,__id__,__send__,bytes,class,clone,define_singleton_method,display,dup,enum_for,eql?,equal?,extend,freeze,frozen?,hash,inspect,instance_eval,instance_exec,instance_of?,instance_variable_defined?,instance_variable_get,instance_variable_set,instance_variables,is_a?,itself,kind_of?,method,methods,nil?,object_id,private_methods,protected_methods,public_method,public_methods,public_send,rand,random_number,remove_instance_variable,respond_to?,seed,send,singleton_class,singleton_method,singleton_methods,tap,then,to_enum,to_s,yield_self
Random::Base	S	!,!=,!~,<,<=,<=>,==,===,>,>=,__id__,__send__,alias_method,allocate,ancestors,attached_object,attr,attr_accessor,attr_reader,attr_writer,autoload,autoload?,class,class_eval,class_exec,class_variable_defined?,class_variable_get,class_variable_set,class_variables,clone,const_defined?,const_get,const_missing,const_set,const_source_location,constants,define_method,define_singleton_method,deprecate_constant,display,dup,enum_for,eql?,equal?,extend,freeze,frozen?,hash,include,include?,included_modules,inspect,instance_eval,instance_exec,instance_method,instance_methods,instance_of?,instance_variable_defined?,instance_variable_get,instance_variable_set,instance_variables,is_a?,itself,kind_of?,method,method_defined?,methods,module_eval,module_exec,name,new,nil?,object_id,prepend,private_class_method,private_constant,private_instance_methods,private_method_defined?,private_methods,protected_instance_methods,protected_method_defined?,protected_methods,public_class_method,public_constant,public_instance_method,public_instance_methods,public_method,public_method_defined?,public_methods,public_send,rand,random_number,refinements,remove_class_variable,remove_instance_variable,remove_method,respond_to?,send,set_temporary_name,singleton_class,singleton_class?,singleton_method,singleton_methods,subclasses,superclass,tap,then,to_enum,to_s,undef_method,undefined_instance_methods,yield_self
Random::Base	P	Array,Complex,Float,Hash,Integer,Pathname,Rational,String,__callee__,__dir__,__method__,`,abort,at_exit,autoload,autoload?,binding,block_given?,caller,caller_locations,catch,eval,exec,exit,exit!,fail,fork,format,gets,global_variables,initialize,initialize_clone,initialize_copy,initialize_dup,instance_variables_to_inspect,iterator?,lambda,load,local_variables,loop,method_missing,open,p,pp,print,printf,proc,putc,puts,raise,readline,readlines,require,require_relative,respond_to_missing?,select,set_trace_func,singleton_method_added,singleton_method_removed,singleton_method_undefined,sleep,spawn,sprintf,srand,syscall,system,test,throw,trace_var,trap,untrace_var,warn
Random::Formatter	i	rand,random_number
Random::Formatter	s	
Random::Formatter	p	
Random::Formatter	c	
Random::Formatter	I	rand,random_number
Random::Formatter	S	!,!=,!~,<,<=,<=>,==,===,>,>=,__id__,__send__,alias_method,ancestors,attr,attr_accessor,attr_reader,attr_writer,autoload,autoload?,class,class_eval,class_exec,class_variable_defined?,class_variable_get,class_variable_set,class_variables,clone,const_defined?,const_get,const_missing,const_set,const_source_location,constants,define_method,define_singleton_method,deprecate_constant,display,dup,enum_for,eql?,equal?,extend,freeze,frozen?,hash,include,include?,included_modules,inspect,instance_eval,instance_exec,instance_method,instance_methods,instance_of?,instance_variable_defined?,instance_variable_get,instance_variable_set,instance_variables,is_a?,itself,kind_of?,method,method_defined?,methods,module_eval,module_exec,name,nil?,object_id,prepend,private_class_method,private_constant,private_instance_methods,private_method_defined?,private_methods,protected_instance_methods,protected_method_defined?,protected_methods,public_class_method,public_constant,public_instance_method,public_instance_methods,public_method,public_method_defined?,public_methods,public_send,refinements,remove_class_variable,remove_instance_variable,remove_method,respond_to?,send,set_temporary_name,singleton_class,singleton_class?,singleton_method,singleton_methods,tap,then,to_enum,to_s,undef_method,undefined_instance_methods,yield_self
Random::Formatter	P	
Range	i	%,==,===,begin,bsearch,count,cover?,each,end,entries,eql?,exclude_end?,first,hash,include?,inspect,last,max,member?,min,minmax,overlap?,reverse_each,size,step,to_a,to_s,to_set
Range	s	
Range	p	initialize,initialize_copy
Range	c	
Range	I	!,!=,!~,%,<=>,==,===,__id__,__send__,all?,any?,begin,bsearch,chain,chunk,chunk_while,class,clone,collect,collect_concat,compact,count,cover?,cycle,define_singleton_method,detect,display,drop,drop_while,dup,each,each_cons,each_entry,each_slice,each_with_index,each_with_object,end,entries,enum_for,eql?,equal?,exclude_end?,extend,filter,filter_map,find,find_all,find_index,first,flat_map,freeze,frozen?,grep,grep_v,group_by,hash,include?,inject,inspect,instance_eval,instance_exec,instance_of?,instance_variable_defined?,instance_variable_get,instance_variable_set,instance_variables,is_a?,itself,kind_of?,last,lazy,map,max,max_by,member?,method,methods,min,min_by,minmax,minmax_by,nil?,none?,object_id,one?,overlap?,partition,private_methods,protected_methods,public_method,public_methods,public_send,reduce,reject,remove_instance_variable,respond_to?,reverse_each,select,send,singleton_class,singleton_method,singleton_methods,size,slice_after,slice_before,slice_when,sort,sort_by,step,sum,take,take_while,tally,tap,then,to_a,to_enum,to_h,to_s,to_set,uniq,yield_self,zip
Range	S	!,!=,!~,<,<=,<=>,==,===,>,>=,__id__,__send__,alias_method,allocate,ancestors,attached_object,attr,attr_accessor,attr_reader,attr_writer,autoload,autoload?,class,class_eval,class_exec,class_variable_defined?,class_variable_get,class_variable_set,class_variables,clone,const_defined?,const_get,const_missing,const_set,const_source_location,constants,define_method,define_singleton_method,deprecate_constant,display,dup,enum_for,eql?,equal?,extend,freeze,frozen?,hash,include,include?,included_modules,inspect,instance_eval,instance_exec,instance_method,instance_methods,instance_of?,instance_variable_defined?,instance_variable_get,instance_variable_set,instance_variables,is_a?,itself,kind_of?,method,method_defined?,methods,module_eval,module_exec,name,new,nil?,object_id,prepend,private_class_method,private_constant,private_instance_methods,private_method_defined?,private_methods,protected_instance_methods,protected_method_defined?,protected_methods,public_class_method,public_constant,public_instance_method,public_instance_methods,public_method,public_method_defined?,public_methods,public_send,refinements,remove_class_variable,remove_instance_variable,remove_method,respond_to?,send,set_temporary_name,singleton_class,singleton_class?,singleton_method,singleton_methods,subclasses,superclass,tap,then,to_enum,to_s,undef_method,undefined_instance_methods,yield_self
Range	P	Array,Complex,Float,Hash,Integer,Pathname,Rational,String,__callee__,__dir__,__method__,`,abort,at_exit,autoload,autoload?,binding,block_given?,caller,caller_locations,catch,eval,exec,exit,exit!,fail,fork,format,gets,global_variables,initialize,initialize_clone,initialize_copy,initialize_dup,instance_variables_to_inspect,iterator?,lambda,load,local_variables,loop,method_missing,open,p,pp,print,printf,proc,putc,puts,raise,rand,readline,readlines,require,require_relative,respond_to_missing?,set_trace_func,singleton_method_added,singleton_method_removed,singleton_method_undefined,sleep,spawn,sprintf,srand,syscall,system,test,throw,trace_var,trap,untrace_var,warn
RangeError	i	
RangeError	s	
RangeError	p	
RangeError	c	
RangeError	I	!,!=,!~,<=>,==,===,__id__,__send__,backtrace,backtrace_locations,cause,class,clone,define_singleton_method,detailed_message,display,dup,enum_for,eql?,equal?,exception,extend,freeze,frozen?,full_message,hash,inspect,instance_eval,instance_exec,instance_of?,instance_variable_defined?,instance_variable_get,instance_variable_set,instance_variables,is_a?,itself,kind_of?,message,method,methods,nil?,object_id,private_methods,protected_methods,public_method,public_methods,public_send,remove_instance_variable,respond_to?,send,set_backtrace,singleton_class,singleton_method,singleton_methods,tap,then,to_enum,to_s,yield_self
RangeError	S	!,!=,!~,<,<=,<=>,==,===,>,>=,__id__,__send__,alias_method,allocate,ancestors,attached_object,attr,attr_accessor,attr_reader,attr_writer,autoload,autoload?,class,class_eval,class_exec,class_variable_defined?,class_variable_get,class_variable_set,class_variables,clone,const_defined?,const_get,const_missing,const_set,const_source_location,constants,define_method,define_singleton_method,deprecate_constant,display,dup,enum_for,eql?,equal?,exception,extend,freeze,frozen?,hash,include,include?,included_modules,inspect,instance_eval,instance_exec,instance_method,instance_methods,instance_of?,instance_variable_defined?,instance_variable_get,instance_variable_set,instance_variables,is_a?,itself,kind_of?,method,method_defined?,methods,module_eval,module_exec,name,new,nil?,object_id,prepend,private_class_method,private_constant,private_instance_methods,private_method_defined?,private_methods,protected_instance_methods,protected_method_defined?,protected_methods,public_class_method,public_constant,public_instance_method,public_instance_methods,public_method,public_method_defined?,public_methods,public_send,refinements,remove_class_variable,remove_instance_variable,remove_method,respond_to?,send,set_temporary_name,singleton_class,singleton_class?,singleton_method,singleton_methods,subclasses,superclass,tap,then,to_enum,to_s,to_tty?,undef_method,undefined_instance_methods,yield_self
RangeError	P	Array,Complex,Float,Hash,Integer,Pathname,Rational,String,__callee__,__dir__,__method__,`,abort,at_exit,autoload,autoload?,binding,block_given?,caller,caller_locations,catch,eval,exec,exit,exit!,fail,fork,format,gets,global_variables,initialize,initialize_clone,initialize_copy,initialize_dup,instance_variables_to_inspect,iterator?,lambda,load,local_variables,loop,method_missing,open,p,pp,print,printf,proc,putc,puts,raise,rand,readline,readlines,require,require_relative,respond_to_missing?,select,set_trace_func,singleton_method_added,singleton_method_removed,singleton_method_undefined,sleep,spawn,sprintf,srand,syscall,system,test,throw,trace_var,trap,untrace_var,warn
Rational	i	*,**,+,-,-@,/,<=>,==,abs,ceil,coerce,denominator,fdiv,floor,hash,inspect,magnitude,negative?,numerator,positive?,quo,rationalize,round,to_f,to_i,to_r,to_s,truncate
Rational	s	
Rational	p	marshal_dump
Rational	c	
Rational	I	!,!=,!~,%,*,**,+,+@,-,-@,/,<,<=,<=>,==,===,>,>=,__id__,__send__,abs,abs2,angle,arg,between?,ceil,clamp,class,clone,coerce,conj,conjugate,define_singleton_method,denominator,display,div,divmod,dup,enum_for,eql?,equal?,extend,fdiv,finite?,floor,freeze,frozen?,hash,i,imag,imaginary,infinite?,inspect,instance_eval,instance_exec,instance_of?,instance_variable_defined?,instance_variable_get,instance_variable_set,instance_variables,integer?,is_a?,itself,kind_of?,magnitude,method,methods,modulo,negative?,nil?,nonzero?,numerator,object_id,phase,polar,positive?,private_methods,protected_methods,public_method,public_methods,public_send,quo,rationalize,real,real?,rect,rectangular,remainder,remove_instance_variable,respond_to?,round,send,singleton_class,singleton_method,singleton_method_added,singleton_methods,step,tap,then,to_c,to_enum,to_f,to_i,to_int,to_r,to_s,truncate,yield_self,zero?
Rational	S	!,!=,!~,<,<=,<=>,==,===,>,>=,__id__,__send__,alias_method,ancestors,attached_object,attr,attr_accessor,attr_reader,attr_writer,autoload,autoload?,class,class_eval,class_exec,class_variable_defined?,class_variable_get,class_variable_set,class_variables,clone,const_defined?,const_get,const_missing,const_set,const_source_location,constants,define_method,define_singleton_method,deprecate_constant,display,dup,enum_for,eql?,equal?,extend,freeze,frozen?,hash,include,include?,included_modules,inspect,instance_eval,instance_exec,instance_method,instance_methods,instance_of?,instance_variable_defined?,instance_variable_get,instance_variable_set,instance_variables,is_a?,itself,kind_of?,method,method_defined?,methods,module_eval,module_exec,name,nil?,object_id,prepend,private_class_method,private_constant,private_instance_methods,private_method_defined?,private_methods,protected_instance_methods,protected_method_defined?,protected_methods,public_class_method,public_constant,public_instance_method,public_instance_methods,public_method,public_method_defined?,public_methods,public_send,refinements,remove_class_variable,remove_instance_variable,remove_method,respond_to?,send,set_temporary_name,singleton_class,singleton_class?,singleton_method,singleton_methods,subclasses,superclass,tap,then,to_enum,to_s,undef_method,undefined_instance_methods,yield_self
Rational	P	Array,Complex,Float,Hash,Integer,Pathname,Rational,String,__callee__,__dir__,__method__,`,abort,at_exit,autoload,autoload?,binding,block_given?,caller,caller_locations,catch,eval,exec,exit,exit!,fail,fork,format,gets,global_variables,initialize,initialize_clone,initialize_copy,initialize_dup,instance_variables_to_inspect,iterator?,lambda,load,local_variables,loop,marshal_dump,method_missing,open,p,pp,print,printf,proc,putc,puts,raise,rand,readline,readlines,require,require_relative,respond_to_missing?,select,set_trace_func,singleton_method_removed,singleton_method_undefined,sleep,spawn,sprintf,srand,syscall,system,test,throw,trace_var,trap,untrace_var,warn
Refinement	i	target
Refinement	s	
Refinement	p	import_methods
Refinement	c	
Refinement	I	!,!=,!~,<,<=,<=>,==,===,>,>=,__id__,__send__,alias_method,ancestors,attr,attr_accessor,attr_reader,attr_writer,autoload,autoload?,class,class_eval,class_exec,class_variable_defined?,class_variable_get,class_variable_set,class_variables,clone,const_defined?,const_get,const_missing,const_set,const_source_location,constants,define_method,define_singleton_method,deprecate_constant,display,dup,enum_for,eql?,equal?,extend,freeze,frozen?,hash,include,include?,included_modules,inspect,instance_eval,instance_exec,instance_method,instance_methods,instance_of?,instance_variable_defined?,instance_variable_get,instance_variable_set,instance_variables,is_a?,itself,kind_of?,method,method_defined?,methods,module_eval,module_exec,name,nil?,object_id,prepend,private_class_method,private_constant,private_instance_methods,private_method_defined?,private_methods,protected_instance_methods,protected_method_defined?,protected_methods,public_class_method,public_constant,public_instance_method,public_instance_methods,public_method,public_method_defined?,public_methods,public_send,refinements,remove_class_variable,remove_instance_variable,remove_method,respond_to?,send,set_temporary_name,singleton_class,singleton_class?,singleton_method,singleton_methods,tap,target,then,to_enum,to_s,undef_method,undefined_instance_methods,yield_self
Refinement	S	!,!=,!~,<,<=,<=>,==,===,>,>=,__id__,__send__,alias_method,ancestors,attached_object,attr,attr_accessor,attr_reader,attr_writer,autoload,autoload?,class,class_eval,class_exec,class_variable_defined?,class_variable_get,class_variable_set,class_variables,clone,const_defined?,const_get,const_missing,const_set,const_source_location,constants,define_method,define_singleton_method,deprecate_constant,display,dup,enum_for,eql?,equal?,extend,freeze,frozen?,hash,include,include?,included_modules,inspect,instance_eval,instance_exec,instance_method,instance_methods,instance_of?,instance_variable_defined?,instance_variable_get,instance_variable_set,instance_variables,is_a?,itself,kind_of?,method,method_defined?,methods,module_eval,module_exec,name,nesting,new,nil?,object_id,prepend,private_class_method,private_constant,private_instance_methods,private_method_defined?,private_methods,protected_instance_methods,protected_method_defined?,protected_methods,public_class_method,public_constant,public_instance_method,public_instance_methods,public_method,public_method_defined?,public_methods,public_send,refinements,remove_class_variable,remove_instance_variable,remove_method,respond_to?,send,set_temporary_name,singleton_class,singleton_class?,singleton_method,singleton_methods,subclasses,superclass,tap,then,to_enum,to_s,undef_method,undefined_instance_methods,used_modules,used_refinements,yield_self
Refinement	P	Array,Complex,Float,Hash,Integer,Pathname,Rational,String,__callee__,__dir__,__method__,`,abort,at_exit,binding,block_given?,caller,caller_locations,catch,const_added,eval,exec,exit,exit!,extended,fail,fork,format,gets,global_variables,import_methods,included,initialize,initialize_clone,initialize_copy,initialize_dup,instance_variables_to_inspect,iterator?,lambda,load,local_variables,loop,method_added,method_missing,method_removed,method_undefined,module_function,open,p,pp,prepended,print,printf,private,proc,protected,public,putc,puts,raise,rand,readline,readlines,refine,remove_const,require,require_relative,respond_to_missing?,ruby2_keywords,select,set_trace_func,singleton_method_added,singleton_method_removed,singleton_method_undefined,sleep,spawn,sprintf,srand,syscall,system,test,throw,trace_var,trap,untrace_var,using,warn
Regexp	i	==,===,=~,casefold?,encoding,eql?,fixed_encoding?,hash,inspect,match,match?,named_captures,names,options,source,timeout,to_s,~
Regexp	s	compile,escape,last_match,linear_time?,quote,timeout,timeout=,try_convert,union
Regexp	p	initialize,initialize_copy
Regexp	c	EXTENDED,FIXEDENCODING,IGNORECASE,MULTILINE,NOENCODING,TimeoutError
Regexp	I	!,!=,!~,<=>,==,===,=~,__id__,__send__,casefold?,class,clone,define_singleton_method,display,dup,encoding,enum_for,eql?,equal?,extend,fixed_encoding?,freeze,frozen?,hash,inspect,instance_eval,instance_exec,instance_of?,instance_variable_defined?,instance_variable_get,instance_variable_set,instance_variables,is_a?,itself,kind_of?,match,match?,method,methods,named_captures,names,nil?,object_id,options,private_methods,protected_methods,public_method,public_methods,public_send,remove_instance_variable,respond_to?,send,singleton_class,singleton_method,singleton_methods,source,tap,then,timeout,to_enum,to_s,yield_self,~
Regexp	S	!,!=,!~,<,<=,<=>,==,===,>,>=,__id__,__send__,alias_method,allocate,ancestors,attached_object,attr,attr_accessor,attr_reader,attr_writer,autoload,autoload?,class,class_eval,class_exec,class_variable_defined?,class_variable_get,class_variable_set,class_variables,clone,compile,const_defined?,const_get,const_missing,const_set,const_source_location,constants,define_method,define_singleton_method,deprecate_constant,display,dup,enum_for,eql?,equal?,escape,extend,freeze,frozen?,hash,include,include?,included_modules,inspect,instance_eval,instance_exec,instance_method,instance_methods,instance_of?,instance_variable_defined?,instance_variable_get,instance_variable_set,instance_variables,is_a?,itself,kind_of?,last_match,linear_time?,method,method_defined?,methods,module_eval,module_exec,name,new,nil?,object_id,prepend,private_class_method,private_constant,private_instance_methods,private_method_defined?,private_methods,protected_instance_methods,protected_method_defined?,protected_methods,public_class_method,public_constant,public_instance_method,public_instance_methods,public_method,public_method_defined?,public_methods,public_send,quote,refinements,remove_class_variable,remove_instance_variable,remove_method,respond_to?,send,set_temporary_name,singleton_class,singleton_class?,singleton_method,singleton_methods,subclasses,superclass,tap,then,timeout,timeout=,to_enum,to_s,try_convert,undef_method,undefined_instance_methods,union,yield_self
Regexp	P	Array,Complex,Float,Hash,Integer,Pathname,Rational,String,__callee__,__dir__,__method__,`,abort,at_exit,autoload,autoload?,binding,block_given?,caller,caller_locations,catch,eval,exec,exit,exit!,fail,fork,format,gets,global_variables,initialize,initialize_clone,initialize_copy,initialize_dup,instance_variables_to_inspect,iterator?,lambda,load,local_variables,loop,method_missing,open,p,pp,print,printf,proc,putc,puts,raise,rand,readline,readlines,require,require_relative,respond_to_missing?,select,set_trace_func,singleton_method_added,singleton_method_removed,singleton_method_undefined,sleep,spawn,sprintf,srand,syscall,system,test,throw,trace_var,trap,untrace_var,warn
Regexp::TimeoutError	i	
Regexp::TimeoutError	s	
Regexp::TimeoutError	p	
Regexp::TimeoutError	c	
Regexp::TimeoutError	I	!,!=,!~,<=>,==,===,__id__,__send__,backtrace,backtrace_locations,cause,class,clone,define_singleton_method,detailed_message,display,dup,enum_for,eql?,equal?,exception,extend,freeze,frozen?,full_message,hash,inspect,instance_eval,instance_exec,instance_of?,instance_variable_defined?,instance_variable_get,instance_variable_set,instance_variables,is_a?,itself,kind_of?,message,method,methods,nil?,object_id,private_methods,protected_methods,public_method,public_methods,public_send,remove_instance_variable,respond_to?,send,set_backtrace,singleton_class,singleton_method,singleton_methods,tap,then,to_enum,to_s,yield_self
Regexp::TimeoutError	S	!,!=,!~,<,<=,<=>,==,===,>,>=,__id__,__send__,alias_method,allocate,ancestors,attached_object,attr,attr_accessor,attr_reader,attr_writer,autoload,autoload?,class,class_eval,class_exec,class_variable_defined?,class_variable_get,class_variable_set,class_variables,clone,const_defined?,const_get,const_missing,const_set,const_source_location,constants,define_method,define_singleton_method,deprecate_constant,display,dup,enum_for,eql?,equal?,exception,extend,freeze,frozen?,hash,include,include?,included_modules,inspect,instance_eval,instance_exec,instance_method,instance_methods,instance_of?,instance_variable_defined?,instance_variable_get,instance_variable_set,instance_variables,is_a?,itself,kind_of?,method,method_defined?,methods,module_eval,module_exec,name,new,nil?,object_id,prepend,private_class_method,private_constant,private_instance_methods,private_method_defined?,private_methods,protected_instance_methods,protected_method_defined?,protected_methods,public_class_method,public_constant,public_instance_method,public_instance_methods,public_method,public_method_defined?,public_methods,public_send,refinements,remove_class_variable,remove_instance_variable,remove_method,respond_to?,send,set_temporary_name,singleton_class,singleton_class?,singleton_method,singleton_methods,subclasses,superclass,tap,then,to_enum,to_s,to_tty?,undef_method,undefined_instance_methods,yield_self
Regexp::TimeoutError	P	Array,Complex,Float,Hash,Integer,Pathname,Rational,String,__callee__,__dir__,__method__,`,abort,at_exit,autoload,autoload?,binding,block_given?,caller,caller_locations,catch,eval,exec,exit,exit!,fail,fork,format,gets,global_variables,initialize,initialize_clone,initialize_copy,initialize_dup,instance_variables_to_inspect,iterator?,lambda,load,local_variables,loop,method_missing,open,p,pp,print,printf,proc,putc,puts,raise,rand,readline,readlines,require,require_relative,respond_to_missing?,select,set_trace_func,singleton_method_added,singleton_method_removed,singleton_method_undefined,sleep,spawn,sprintf,srand,syscall,system,test,throw,trace_var,trap,untrace_var,warn
RegexpError	i	
RegexpError	s	
RegexpError	p	
RegexpError	c	
RegexpError	I	!,!=,!~,<=>,==,===,__id__,__send__,backtrace,backtrace_locations,cause,class,clone,define_singleton_method,detailed_message,display,dup,enum_for,eql?,equal?,exception,extend,freeze,frozen?,full_message,hash,inspect,instance_eval,instance_exec,instance_of?,instance_variable_defined?,instance_variable_get,instance_variable_set,instance_variables,is_a?,itself,kind_of?,message,method,methods,nil?,object_id,private_methods,protected_methods,public_method,public_methods,public_send,remove_instance_variable,respond_to?,send,set_backtrace,singleton_class,singleton_method,singleton_methods,tap,then,to_enum,to_s,yield_self
RegexpError	S	!,!=,!~,<,<=,<=>,==,===,>,>=,__id__,__send__,alias_method,allocate,ancestors,attached_object,attr,attr_accessor,attr_reader,attr_writer,autoload,autoload?,class,class_eval,class_exec,class_variable_defined?,class_variable_get,class_variable_set,class_variables,clone,const_defined?,const_get,const_missing,const_set,const_source_location,constants,define_method,define_singleton_method,deprecate_constant,display,dup,enum_for,eql?,equal?,exception,extend,freeze,frozen?,hash,include,include?,included_modules,inspect,instance_eval,instance_exec,instance_method,instance_methods,instance_of?,instance_variable_defined?,instance_variable_get,instance_variable_set,instance_variables,is_a?,itself,kind_of?,method,method_defined?,methods,module_eval,module_exec,name,new,nil?,object_id,prepend,private_class_method,private_constant,private_instance_methods,private_method_defined?,private_methods,protected_instance_methods,protected_method_defined?,protected_methods,public_class_method,public_constant,public_instance_method,public_instance_methods,public_method,public_method_defined?,public_methods,public_send,refinements,remove_class_variable,remove_instance_variable,remove_method,respond_to?,send,set_temporary_name,singleton_class,singleton_class?,singleton_method,singleton_methods,subclasses,superclass,tap,then,to_enum,to_s,to_tty?,undef_method,undefined_instance_methods,yield_self
RegexpError	P	Array,Complex,Float,Hash,Integer,Pathname,Rational,String,__callee__,__dir__,__method__,`,abort,at_exit,autoload,autoload?,binding,block_given?,caller,caller_locations,catch,eval,exec,exit,exit!,fail,fork,format,gets,global_variables,initialize,initialize_clone,initialize_copy,initialize_dup,instance_variables_to_inspect,iterator?,lambda,load,local_variables,loop,method_missing,open,p,pp,print,printf,proc,putc,puts,raise,rand,readline,readlines,require,require_relative,respond_to_missing?,select,set_trace_func,singleton_method_added,singleton_method_removed,singleton_method_undefined,sleep,spawn,sprintf,srand,syscall,system,test,throw,trace_var,trap,untrace_var,warn
Ruby	i	
Ruby	s	
Ruby	p	
Ruby	c	Box,COPYRIGHT,DESCRIPTION,ENGINE,ENGINE_VERSION,PATCHLEVEL,PLATFORM,RELEASE_DATE,REVISION,VERSION
Ruby	I	
Ruby	S	!,!=,!~,<,<=,<=>,==,===,>,>=,__id__,__send__,alias_method,ancestors,attr,attr_accessor,attr_reader,attr_writer,autoload,autoload?,class,class_eval,class_exec,class_variable_defined?,class_variable_get,class_variable_set,class_variables,clone,const_defined?,const_get,const_missing,const_set,const_source_location,constants,define_method,define_singleton_method,deprecate_constant,display,dup,enum_for,eql?,equal?,extend,freeze,frozen?,hash,include,include?,included_modules,inspect,instance_eval,instance_exec,instance_method,instance_methods,instance_of?,instance_variable_defined?,instance_variable_get,instance_variable_set,instance_variables,is_a?,itself,kind_of?,method,method_defined?,methods,module_eval,module_exec,name,nil?,object_id,prepend,private_class_method,private_constant,private_instance_methods,private_method_defined?,private_methods,protected_instance_methods,protected_method_defined?,protected_methods,public_class_method,public_constant,public_instance_method,public_instance_methods,public_method,public_method_defined?,public_methods,public_send,refinements,remove_class_variable,remove_instance_variable,remove_method,respond_to?,send,set_temporary_name,singleton_class,singleton_class?,singleton_method,singleton_methods,tap,then,to_enum,to_s,undef_method,undefined_instance_methods,yield_self
Ruby	P	
Ruby::Box	i	eval,inspect,load,load_path,require,require_relative
Ruby::Box	s	current,enabled?
Ruby::Box	p	initialize
Ruby::Box	c	Entry,Loader
Ruby::Box	I	!,!=,!~,<,<=,<=>,==,===,>,>=,__id__,__send__,alias_method,ancestors,attr,attr_accessor,attr_reader,attr_writer,autoload,autoload?,class,class_eval,class_exec,class_variable_defined?,class_variable_get,class_variable_set,class_variables,clone,const_defined?,const_get,const_missing,const_set,const_source_location,constants,define_method,define_singleton_method,deprecate_constant,display,dup,enum_for,eql?,equal?,eval,extend,freeze,frozen?,hash,include,include?,included_modules,inspect,instance_eval,instance_exec,instance_method,instance_methods,instance_of?,instance_variable_defined?,instance_variable_get,instance_variable_set,instance_variables,is_a?,itself,kind_of?,load,load_path,method,method_defined?,methods,module_eval,module_exec,name,nil?,object_id,prepend,private_class_method,private_constant,private_instance_methods,private_method_defined?,private_methods,protected_instance_methods,protected_method_defined?,protected_methods,public_class_method,public_constant,public_instance_method,public_instance_methods,public_method,public_method_defined?,public_methods,public_send,refinements,remove_class_variable,remove_instance_variable,remove_method,require,require_relative,respond_to?,send,set_temporary_name,singleton_class,singleton_class?,singleton_method,singleton_methods,tap,then,to_enum,to_s,undef_method,undefined_instance_methods,yield_self
Ruby::Box	S	!,!=,!~,<,<=,<=>,==,===,>,>=,__id__,__send__,alias_method,ancestors,attached_object,attr,attr_accessor,attr_reader,attr_writer,autoload,autoload?,class,class_eval,class_exec,class_variable_defined?,class_variable_get,class_variable_set,class_variables,clone,const_defined?,const_get,const_missing,const_set,const_source_location,constants,current,define_method,define_singleton_method,deprecate_constant,display,dup,enabled?,enum_for,eql?,equal?,extend,freeze,frozen?,hash,include,include?,included_modules,inspect,instance_eval,instance_exec,instance_method,instance_methods,instance_of?,instance_variable_defined?,instance_variable_get,instance_variable_set,instance_variables,is_a?,itself,kind_of?,method,method_defined?,methods,module_eval,module_exec,name,nesting,new,nil?,object_id,prepend,private_class_method,private_constant,private_instance_methods,private_method_defined?,private_methods,protected_instance_methods,protected_method_defined?,protected_methods,public_class_method,public_constant,public_instance_method,public_instance_methods,public_method,public_method_defined?,public_methods,public_send,refinements,remove_class_variable,remove_instance_variable,remove_method,respond_to?,send,set_temporary_name,singleton_class,singleton_class?,singleton_method,singleton_methods,subclasses,superclass,tap,then,to_enum,to_s,undef_method,undefined_instance_methods,used_modules,used_refinements,yield_self
Ruby::Box	P	Array,Complex,Float,Hash,Integer,Pathname,Rational,String,__callee__,__dir__,__method__,`,abort,append_features,at_exit,binding,block_given?,caller,caller_locations,catch,const_added,exec,exit,exit!,extend_object,extended,fail,fork,format,gets,global_variables,included,initialize,initialize_clone,initialize_copy,initialize_dup,instance_variables_to_inspect,iterator?,lambda,local_variables,loop,method_added,method_missing,method_removed,method_undefined,module_function,open,p,pp,prepend_features,prepended,print,printf,private,proc,protected,public,putc,puts,raise,rand,readline,readlines,refine,remove_const,respond_to_missing?,ruby2_keywords,select,set_trace_func,singleton_method_added,singleton_method_removed,singleton_method_undefined,sleep,spawn,sprintf,srand,syscall,system,test,throw,trace_var,trap,untrace_var,using,warn
Ruby::Box::Entry	i	
Ruby::Box::Entry	s	
Ruby::Box::Entry	p	
Ruby::Box::Entry	c	
Ruby::Box::Entry	I	!,!=,!~,<=>,==,===,__id__,__send__,class,clone,define_singleton_method,display,dup,enum_for,eql?,equal?,extend,freeze,frozen?,hash,inspect,instance_eval,instance_exec,instance_of?,instance_variable_defined?,instance_variable_get,instance_variable_set,instance_variables,is_a?,itself,kind_of?,method,methods,nil?,object_id,private_methods,protected_methods,public_method,public_methods,public_send,remove_instance_variable,respond_to?,send,singleton_class,singleton_method,singleton_methods,tap,then,to_enum,to_s,yield_self
Ruby::Box::Entry	S	!,!=,!~,<,<=,<=>,==,===,>,>=,__id__,__send__,alias_method,allocate,ancestors,attached_object,attr,attr_accessor,attr_reader,attr_writer,autoload,autoload?,class,class_eval,class_exec,class_variable_defined?,class_variable_get,class_variable_set,class_variables,clone,const_defined?,const_get,const_missing,const_set,const_source_location,constants,define_method,define_singleton_method,deprecate_constant,display,dup,enum_for,eql?,equal?,extend,freeze,frozen?,hash,include,include?,included_modules,inspect,instance_eval,instance_exec,instance_method,instance_methods,instance_of?,instance_variable_defined?,instance_variable_get,instance_variable_set,instance_variables,is_a?,itself,kind_of?,method,method_defined?,methods,module_eval,module_exec,name,new,nil?,object_id,prepend,private_class_method,private_constant,private_instance_methods,private_method_defined?,private_methods,protected_instance_methods,protected_method_defined?,protected_methods,public_class_method,public_constant,public_instance_method,public_instance_methods,public_method,public_method_defined?,public_methods,public_send,refinements,remove_class_variable,remove_instance_variable,remove_method,respond_to?,send,set_temporary_name,singleton_class,singleton_class?,singleton_method,singleton_methods,subclasses,superclass,tap,then,to_enum,to_s,undef_method,undefined_instance_methods,yield_self
Ruby::Box::Entry	P	Array,Complex,Float,Hash,Integer,Pathname,Rational,String,__callee__,__dir__,__method__,`,abort,at_exit,autoload,autoload?,binding,block_given?,caller,caller_locations,catch,eval,exec,exit,exit!,fail,fork,format,gets,global_variables,initialize,initialize_clone,initialize_copy,initialize_dup,instance_variables_to_inspect,iterator?,lambda,load,local_variables,loop,method_missing,open,p,pp,print,printf,proc,putc,puts,raise,rand,readline,readlines,require,require_relative,respond_to_missing?,select,set_trace_func,singleton_method_added,singleton_method_removed,singleton_method_undefined,sleep,spawn,sprintf,srand,syscall,system,test,throw,trace_var,trap,untrace_var,warn
Ruby::Box::Loader	i	
Ruby::Box::Loader	s	load,require,require_relative
Ruby::Box::Loader	p	load,require,require_relative
Ruby::Box::Loader	c	
Ruby::Box::Loader	I	
Ruby::Box::Loader	S	!,!=,!~,<,<=,<=>,==,===,>,>=,__id__,__send__,alias_method,ancestors,attr,attr_accessor,attr_reader,attr_writer,autoload,autoload?,class,class_eval,class_exec,class_variable_defined?,class_variable_get,class_variable_set,class_variables,clone,const_defined?,const_get,const_missing,const_set,const_source_location,constants,define_method,define_singleton_method,deprecate_constant,display,dup,enum_for,eql?,equal?,extend,freeze,frozen?,hash,include,include?,included_modules,inspect,instance_eval,instance_exec,instance_method,instance_methods,instance_of?,instance_variable_defined?,instance_variable_get,instance_variable_set,instance_variables,is_a?,itself,kind_of?,load,method,method_defined?,methods,module_eval,module_exec,name,nil?,object_id,prepend,private_class_method,private_constant,private_instance_methods,private_method_defined?,private_methods,protected_instance_methods,protected_method_defined?,protected_methods,public_class_method,public_constant,public_instance_method,public_instance_methods,public_method,public_method_defined?,public_methods,public_send,refinements,remove_class_variable,remove_instance_variable,remove_method,require,require_relative,respond_to?,send,set_temporary_name,singleton_class,singleton_class?,singleton_method,singleton_methods,tap,then,to_enum,to_s,undef_method,undefined_instance_methods,yield_self
Ruby::Box::Loader	P	load,require,require_relative
RubyVM	i	
RubyVM	s	keep_script_lines,keep_script_lines=,stat
RubyVM	p	
RubyVM	c	AbstractSyntaxTree,DEFAULT_PARAMS,INSTRUCTION_NAMES,InstructionSequence,OPTS,YJIT
RubyVM	I	!,!=,!~,<=>,==,===,__id__,__send__,class,clone,define_singleton_method,display,dup,enum_for,eql?,equal?,extend,freeze,frozen?,hash,inspect,instance_eval,instance_exec,instance_of?,instance_variable_defined?,instance_variable_get,instance_variable_set,instance_variables,is_a?,itself,kind_of?,method,methods,nil?,object_id,private_methods,protected_methods,public_method,public_methods,public_send,remove_instance_variable,respond_to?,send,singleton_class,singleton_method,singleton_methods,tap,then,to_enum,to_s,yield_self
RubyVM	S	!,!=,!~,<,<=,<=>,==,===,>,>=,__id__,__send__,alias_method,allocate,ancestors,attached_object,attr,attr_accessor,attr_reader,attr_writer,autoload,autoload?,class,class_eval,class_exec,class_variable_defined?,class_variable_get,class_variable_set,class_variables,clone,const_defined?,const_get,const_missing,const_set,const_source_location,constants,define_method,define_singleton_method,deprecate_constant,display,dup,enum_for,eql?,equal?,extend,freeze,frozen?,hash,include,include?,included_modules,inspect,instance_eval,instance_exec,instance_method,instance_methods,instance_of?,instance_variable_defined?,instance_variable_get,instance_variable_set,instance_variables,is_a?,itself,keep_script_lines,keep_script_lines=,kind_of?,method,method_defined?,methods,module_eval,module_exec,name,nil?,object_id,prepend,private_class_method,private_constant,private_instance_methods,private_method_defined?,private_methods,protected_instance_methods,protected_method_defined?,protected_methods,public_class_method,public_constant,public_instance_method,public_instance_methods,public_method,public_method_defined?,public_methods,public_send,refinements,remove_class_variable,remove_instance_variable,remove_method,respond_to?,send,set_temporary_name,singleton_class,singleton_class?,singleton_method,singleton_methods,stat,subclasses,superclass,tap,then,to_enum,to_s,undef_method,undefined_instance_methods,yield_self
RubyVM	P	Array,Complex,Float,Hash,Integer,Pathname,Rational,String,__callee__,__dir__,__method__,`,abort,at_exit,autoload,autoload?,binding,block_given?,caller,caller_locations,catch,eval,exec,exit,exit!,fail,fork,format,gets,global_variables,initialize,initialize_clone,initialize_copy,initialize_dup,instance_variables_to_inspect,iterator?,lambda,load,local_variables,loop,method_missing,open,p,pp,print,printf,proc,putc,puts,raise,rand,readline,readlines,require,require_relative,respond_to_missing?,select,set_trace_func,singleton_method_added,singleton_method_removed,singleton_method_undefined,sleep,spawn,sprintf,srand,syscall,system,test,throw,trace_var,trap,untrace_var,warn
RubyVM::AbstractSyntaxTree	i	
RubyVM::AbstractSyntaxTree	s	node_id_for_backtrace_location,of,parse,parse_file
RubyVM::AbstractSyntaxTree	p	
RubyVM::AbstractSyntaxTree	c	Location,Node
RubyVM::AbstractSyntaxTree	I	
RubyVM::AbstractSyntaxTree	S	!,!=,!~,<,<=,<=>,==,===,>,>=,__id__,__send__,alias_method,ancestors,attr,attr_accessor,attr_reader,attr_writer,autoload,autoload?,class,class_eval,class_exec,class_variable_defined?,class_variable_get,class_variable_set,class_variables,clone,const_defined?,const_get,const_missing,const_set,const_source_location,constants,define_method,define_singleton_method,deprecate_constant,display,dup,enum_for,eql?,equal?,extend,freeze,frozen?,hash,include,include?,included_modules,inspect,instance_eval,instance_exec,instance_method,instance_methods,instance_of?,instance_variable_defined?,instance_variable_get,instance_variable_set,instance_variables,is_a?,itself,kind_of?,method,method_defined?,methods,module_eval,module_exec,name,nil?,node_id_for_backtrace_location,object_id,of,parse,parse_file,prepend,private_class_method,private_constant,private_instance_methods,private_method_defined?,private_methods,protected_instance_methods,protected_method_defined?,protected_methods,public_class_method,public_constant,public_instance_method,public_instance_methods,public_method,public_method_defined?,public_methods,public_send,refinements,remove_class_variable,remove_instance_variable,remove_method,respond_to?,send,set_temporary_name,singleton_class,singleton_class?,singleton_method,singleton_methods,tap,then,to_enum,to_s,undef_method,undefined_instance_methods,yield_self
RubyVM::AbstractSyntaxTree	P	
RubyVM::AbstractSyntaxTree::Location	i	first_column,first_lineno,inspect,last_column,last_lineno
RubyVM::AbstractSyntaxTree::Location	s	
RubyVM::AbstractSyntaxTree::Location	p	
RubyVM::AbstractSyntaxTree::Location	c	
RubyVM::AbstractSyntaxTree::Location	I	!,!=,!~,<=>,==,===,__id__,__send__,class,clone,define_singleton_method,display,dup,enum_for,eql?,equal?,extend,first_column,first_lineno,freeze,frozen?,hash,inspect,instance_eval,instance_exec,instance_of?,instance_variable_defined?,instance_variable_get,instance_variable_set,instance_variables,is_a?,itself,kind_of?,last_column,last_lineno,method,methods,nil?,object_id,private_methods,protected_methods,public_method,public_methods,public_send,remove_instance_variable,respond_to?,send,singleton_class,singleton_method,singleton_methods,tap,then,to_enum,to_s,yield_self
RubyVM::AbstractSyntaxTree::Location	S	!,!=,!~,<,<=,<=>,==,===,>,>=,__id__,__send__,alias_method,allocate,ancestors,attached_object,attr,attr_accessor,attr_reader,attr_writer,autoload,autoload?,class,class_eval,class_exec,class_variable_defined?,class_variable_get,class_variable_set,class_variables,clone,const_defined?,const_get,const_missing,const_set,const_source_location,constants,define_method,define_singleton_method,deprecate_constant,display,dup,enum_for,eql?,equal?,extend,freeze,frozen?,hash,include,include?,included_modules,inspect,instance_eval,instance_exec,instance_method,instance_methods,instance_of?,instance_variable_defined?,instance_variable_get,instance_variable_set,instance_variables,is_a?,itself,kind_of?,method,method_defined?,methods,module_eval,module_exec,name,new,nil?,object_id,prepend,private_class_method,private_constant,private_instance_methods,private_method_defined?,private_methods,protected_instance_methods,protected_method_defined?,protected_methods,public_class_method,public_constant,public_instance_method,public_instance_methods,public_method,public_method_defined?,public_methods,public_send,refinements,remove_class_variable,remove_instance_variable,remove_method,respond_to?,send,set_temporary_name,singleton_class,singleton_class?,singleton_method,singleton_methods,subclasses,superclass,tap,then,to_enum,to_s,undef_method,undefined_instance_methods,yield_self
RubyVM::AbstractSyntaxTree::Location	P	Array,Complex,Float,Hash,Integer,Pathname,Rational,String,__callee__,__dir__,__method__,`,abort,at_exit,autoload,autoload?,binding,block_given?,caller,caller_locations,catch,eval,exec,exit,exit!,fail,fork,format,gets,global_variables,initialize,initialize_clone,initialize_copy,initialize_dup,instance_variables_to_inspect,iterator?,lambda,load,local_variables,loop,method_missing,open,p,pp,print,printf,proc,putc,puts,raise,rand,readline,readlines,require,require_relative,respond_to_missing?,select,set_trace_func,singleton_method_added,singleton_method_removed,singleton_method_undefined,sleep,spawn,sprintf,srand,syscall,system,test,throw,trace_var,trap,untrace_var,warn
RubyVM::AbstractSyntaxTree::Node	i	all_tokens,children,first_column,first_lineno,inspect,last_column,last_lineno,locations,node_id,script_lines,source,tokens,type
RubyVM::AbstractSyntaxTree::Node	s	
RubyVM::AbstractSyntaxTree::Node	p	
RubyVM::AbstractSyntaxTree::Node	c	
RubyVM::AbstractSyntaxTree::Node	I	!,!=,!~,<=>,==,===,__id__,__send__,all_tokens,children,class,clone,define_singleton_method,display,dup,enum_for,eql?,equal?,extend,first_column,first_lineno,freeze,frozen?,hash,inspect,instance_eval,instance_exec,instance_of?,instance_variable_defined?,instance_variable_get,instance_variable_set,instance_variables,is_a?,itself,kind_of?,last_column,last_lineno,locations,method,methods,nil?,node_id,object_id,private_methods,protected_methods,public_method,public_methods,public_send,remove_instance_variable,respond_to?,script_lines,send,singleton_class,singleton_method,singleton_methods,source,tap,then,to_enum,to_s,tokens,type,yield_self
RubyVM::AbstractSyntaxTree::Node	S	!,!=,!~,<,<=,<=>,==,===,>,>=,__id__,__send__,alias_method,allocate,ancestors,attached_object,attr,attr_accessor,attr_reader,attr_writer,autoload,autoload?,class,class_eval,class_exec,class_variable_defined?,class_variable_get,class_variable_set,class_variables,clone,const_defined?,const_get,const_missing,const_set,const_source_location,constants,define_method,define_singleton_method,deprecate_constant,display,dup,enum_for,eql?,equal?,extend,freeze,frozen?,hash,include,include?,included_modules,inspect,instance_eval,instance_exec,instance_method,instance_methods,instance_of?,instance_variable_defined?,instance_variable_get,instance_variable_set,instance_variables,is_a?,itself,kind_of?,method,method_defined?,methods,module_eval,module_exec,name,new,nil?,object_id,prepend,private_class_method,private_constant,private_instance_methods,private_method_defined?,private_methods,protected_instance_methods,protected_method_defined?,protected_methods,public_class_method,public_constant,public_instance_method,public_instance_methods,public_method,public_method_defined?,public_methods,public_send,refinements,remove_class_variable,remove_instance_variable,remove_method,respond_to?,send,set_temporary_name,singleton_class,singleton_class?,singleton_method,singleton_methods,subclasses,superclass,tap,then,to_enum,to_s,undef_method,undefined_instance_methods,yield_self
RubyVM::AbstractSyntaxTree::Node	P	Array,Complex,Float,Hash,Integer,Pathname,Rational,String,__callee__,__dir__,__method__,`,abort,at_exit,autoload,autoload?,binding,block_given?,caller,caller_locations,catch,eval,exec,exit,exit!,fail,fork,format,gets,global_variables,initialize,initialize_clone,initialize_copy,initialize_dup,instance_variables_to_inspect,iterator?,lambda,load,local_variables,loop,method_missing,open,p,pp,print,printf,proc,putc,puts,raise,rand,readline,readlines,require,require_relative,respond_to_missing?,select,set_trace_func,singleton_method_added,singleton_method_removed,singleton_method_undefined,sleep,spawn,sprintf,srand,syscall,system,test,throw,trace_var,trap,untrace_var,warn
RubyVM::InstructionSequence	i	absolute_path,base_label,disasm,disassemble,each_child,eval,first_lineno,inspect,label,path,script_lines,to_a,to_binary,trace_points
RubyVM::InstructionSequence	s	compile,compile_file,compile_file_prism,compile_option,compile_option=,compile_parsey,compile_prism,disasm,disassemble,load_from_binary,load_from_binary_extra_data,new,of
RubyVM::InstructionSequence	p	
RubyVM::InstructionSequence	c	
RubyVM::InstructionSequence	I	!,!=,!~,<=>,==,===,__id__,__send__,absolute_path,base_label,class,clone,define_singleton_method,disasm,disassemble,display,dup,each_child,enum_for,eql?,equal?,eval,extend,first_lineno,freeze,frozen?,hash,inspect,instance_eval,instance_exec,instance_of?,instance_variable_defined?,instance_variable_get,instance_variable_set,instance_variables,is_a?,itself,kind_of?,label,method,methods,nil?,object_id,path,private_methods,protected_methods,public_method,public_methods,public_send,remove_instance_variable,respond_to?,script_lines,send,singleton_class,singleton_method,singleton_methods,tap,then,to_a,to_binary,to_enum,to_s,trace_points,yield_self
RubyVM::InstructionSequence	S	!,!=,!~,<,<=,<=>,==,===,>,>=,__id__,__send__,alias_method,allocate,ancestors,attached_object,attr,attr_accessor,attr_reader,attr_writer,autoload,autoload?,class,class_eval,class_exec,class_variable_defined?,class_variable_get,class_variable_set,class_variables,clone,compile,compile_file,compile_file_prism,compile_option,compile_option=,compile_parsey,compile_prism,const_defined?,const_get,const_missing,const_set,const_source_location,constants,define_method,define_singleton_method,deprecate_constant,disasm,disassemble,display,dup,enum_for,eql?,equal?,extend,freeze,frozen?,hash,include,include?,included_modules,inspect,instance_eval,instance_exec,instance_method,instance_methods,instance_of?,instance_variable_defined?,instance_variable_get,instance_variable_set,instance_variables,is_a?,itself,kind_of?,load_from_binary,load_from_binary_extra_data,method,method_defined?,methods,module_eval,module_exec,name,new,nil?,object_id,of,prepend,private_class_method,private_constant,private_instance_methods,private_method_defined?,private_methods,protected_instance_methods,protected_method_defined?,protected_methods,public_class_method,public_constant,public_instance_method,public_instance_methods,public_method,public_method_defined?,public_methods,public_send,refinements,remove_class_variable,remove_instance_variable,remove_method,respond_to?,send,set_temporary_name,singleton_class,singleton_class?,singleton_method,singleton_methods,subclasses,superclass,tap,then,to_enum,to_s,undef_method,undefined_instance_methods,yield_self
RubyVM::InstructionSequence	P	Array,Complex,Float,Hash,Integer,Pathname,Rational,String,__callee__,__dir__,__method__,`,abort,at_exit,autoload,autoload?,binding,block_given?,caller,caller_locations,catch,exec,exit,exit!,fail,fork,format,gets,global_variables,initialize,initialize_clone,initialize_copy,initialize_dup,instance_variables_to_inspect,iterator?,lambda,load,local_variables,loop,method_missing,open,p,pp,print,printf,proc,putc,puts,raise,rand,readline,readlines,require,require_relative,respond_to_missing?,select,set_trace_func,singleton_method_added,singleton_method_removed,singleton_method_undefined,sleep,spawn,sprintf,srand,syscall,system,test,throw,trace_var,trap,untrace_var,warn
RubyVM::YJIT	i	
RubyVM::YJIT	s	code_gc,disasm,dump_exit_locations,enable,enabled?,exit_locations,insns_compiled,log,log_enabled?,reset_stats!,runtime_stats,simulate_oom!,stats_enabled?,stats_string,trace_exit_locations_enabled?
RubyVM::YJIT	p	
RubyVM::YJIT	c	
RubyVM::YJIT	I	
RubyVM::YJIT	S	!,!=,!~,<,<=,<=>,==,===,>,>=,__id__,__send__,alias_method,ancestors,attr,attr_accessor,attr_reader,attr_writer,autoload,autoload?,class,class_eval,class_exec,class_variable_defined?,class_variable_get,class_variable_set,class_variables,clone,code_gc,const_defined?,const_get,const_missing,const_set,const_source_location,constants,define_method,define_singleton_method,deprecate_constant,disasm,display,dump_exit_locations,dup,enable,enabled?,enum_for,eql?,equal?,exit_locations,extend,freeze,frozen?,hash,include,include?,included_modules,insns_compiled,inspect,instance_eval,instance_exec,instance_method,instance_methods,instance_of?,instance_variable_defined?,instance_variable_get,instance_variable_set,instance_variables,is_a?,itself,kind_of?,log,log_enabled?,method,method_defined?,methods,module_eval,module_exec,name,nil?,object_id,prepend,private_class_method,private_constant,private_instance_methods,private_method_defined?,private_methods,protected_instance_methods,protected_method_defined?,protected_methods,public_class_method,public_constant,public_instance_method,public_instance_methods,public_method,public_method_defined?,public_methods,public_send,refinements,remove_class_variable,remove_instance_variable,remove_method,reset_stats!,respond_to?,runtime_stats,send,set_temporary_name,simulate_oom!,singleton_class,singleton_class?,singleton_method,singleton_methods,stats_enabled?,stats_string,tap,then,to_enum,to_s,trace_exit_locations_enabled?,undef_method,undefined_instance_methods,yield_self
RubyVM::YJIT	P	
RuntimeError	i	
RuntimeError	s	
RuntimeError	p	
RuntimeError	c	
RuntimeError	I	!,!=,!~,<=>,==,===,__id__,__send__,backtrace,backtrace_locations,cause,class,clone,define_singleton_method,detailed_message,display,dup,enum_for,eql?,equal?,exception,extend,freeze,frozen?,full_message,hash,inspect,instance_eval,instance_exec,instance_of?,instance_variable_defined?,instance_variable_get,instance_variable_set,instance_variables,is_a?,itself,kind_of?,message,method,methods,nil?,object_id,private_methods,protected_methods,public_method,public_methods,public_send,remove_instance_variable,respond_to?,send,set_backtrace,singleton_class,singleton_method,singleton_methods,tap,then,to_enum,to_s,yield_self
RuntimeError	S	!,!=,!~,<,<=,<=>,==,===,>,>=,__id__,__send__,alias_method,allocate,ancestors,attached_object,attr,attr_accessor,attr_reader,attr_writer,autoload,autoload?,class,class_eval,class_exec,class_variable_defined?,class_variable_get,class_variable_set,class_variables,clone,const_defined?,const_get,const_missing,const_set,const_source_location,constants,define_method,define_singleton_method,deprecate_constant,display,dup,enum_for,eql?,equal?,exception,extend,freeze,frozen?,hash,include,include?,included_modules,inspect,instance_eval,instance_exec,instance_method,instance_methods,instance_of?,instance_variable_defined?,instance_variable_get,instance_variable_set,instance_variables,is_a?,itself,kind_of?,method,method_defined?,methods,module_eval,module_exec,name,new,nil?,object_id,prepend,private_class_method,private_constant,private_instance_methods,private_method_defined?,private_methods,protected_instance_methods,protected_method_defined?,protected_methods,public_class_method,public_constant,public_instance_method,public_instance_methods,public_method,public_method_defined?,public_methods,public_send,refinements,remove_class_variable,remove_instance_variable,remove_method,respond_to?,send,set_temporary_name,singleton_class,singleton_class?,singleton_method,singleton_methods,subclasses,superclass,tap,then,to_enum,to_s,to_tty?,undef_method,undefined_instance_methods,yield_self
RuntimeError	P	Array,Complex,Float,Hash,Integer,Pathname,Rational,String,__callee__,__dir__,__method__,`,abort,at_exit,autoload,autoload?,binding,block_given?,caller,caller_locations,catch,eval,exec,exit,exit!,fail,fork,format,gets,global_variables,initialize,initialize_clone,initialize_copy,initialize_dup,instance_variables_to_inspect,iterator?,lambda,load,local_variables,loop,method_missing,open,p,pp,print,printf,proc,putc,puts,raise,rand,readline,readlines,require,require_relative,respond_to_missing?,select,set_trace_func,singleton_method_added,singleton_method_removed,singleton_method_undefined,sleep,spawn,sprintf,srand,syscall,system,test,throw,trace_var,trap,untrace_var,warn
ScriptError	i	
ScriptError	s	
ScriptError	p	
ScriptError	c	
ScriptError	I	!,!=,!~,<=>,==,===,__id__,__send__,backtrace,backtrace_locations,cause,class,clone,define_singleton_method,detailed_message,display,dup,enum_for,eql?,equal?,exception,extend,freeze,frozen?,full_message,hash,inspect,instance_eval,instance_exec,instance_of?,instance_variable_defined?,instance_variable_get,instance_variable_set,instance_variables,is_a?,itself,kind_of?,message,method,methods,nil?,object_id,private_methods,protected_methods,public_method,public_methods,public_send,remove_instance_variable,respond_to?,send,set_backtrace,singleton_class,singleton_method,singleton_methods,tap,then,to_enum,to_s,yield_self
ScriptError	S	!,!=,!~,<,<=,<=>,==,===,>,>=,__id__,__send__,alias_method,allocate,ancestors,attached_object,attr,attr_accessor,attr_reader,attr_writer,autoload,autoload?,class,class_eval,class_exec,class_variable_defined?,class_variable_get,class_variable_set,class_variables,clone,const_defined?,const_get,const_missing,const_set,const_source_location,constants,define_method,define_singleton_method,deprecate_constant,display,dup,enum_for,eql?,equal?,exception,extend,freeze,frozen?,hash,include,include?,included_modules,inspect,instance_eval,instance_exec,instance_method,instance_methods,instance_of?,instance_variable_defined?,instance_variable_get,instance_variable_set,instance_variables,is_a?,itself,kind_of?,method,method_defined?,methods,module_eval,module_exec,name,new,nil?,object_id,prepend,private_class_method,private_constant,private_instance_methods,private_method_defined?,private_methods,protected_instance_methods,protected_method_defined?,protected_methods,public_class_method,public_constant,public_instance_method,public_instance_methods,public_method,public_method_defined?,public_methods,public_send,refinements,remove_class_variable,remove_instance_variable,remove_method,respond_to?,send,set_temporary_name,singleton_class,singleton_class?,singleton_method,singleton_methods,subclasses,superclass,tap,then,to_enum,to_s,to_tty?,undef_method,undefined_instance_methods,yield_self
ScriptError	P	Array,Complex,Float,Hash,Integer,Pathname,Rational,String,__callee__,__dir__,__method__,`,abort,at_exit,autoload,autoload?,binding,block_given?,caller,caller_locations,catch,eval,exec,exit,exit!,fail,fork,format,gets,global_variables,initialize,initialize_clone,initialize_copy,initialize_dup,instance_variables_to_inspect,iterator?,lambda,load,local_variables,loop,method_missing,open,p,pp,print,printf,proc,putc,puts,raise,rand,readline,readlines,require,require_relative,respond_to_missing?,select,set_trace_func,singleton_method_added,singleton_method_removed,singleton_method_undefined,sleep,spawn,sprintf,srand,syscall,system,test,throw,trace_var,trap,untrace_var,warn
SecurityError	i	
SecurityError	s	
SecurityError	p	
SecurityError	c	
SecurityError	I	!,!=,!~,<=>,==,===,__id__,__send__,backtrace,backtrace_locations,cause,class,clone,define_singleton_method,detailed_message,display,dup,enum_for,eql?,equal?,exception,extend,freeze,frozen?,full_message,hash,inspect,instance_eval,instance_exec,instance_of?,instance_variable_defined?,instance_variable_get,instance_variable_set,instance_variables,is_a?,itself,kind_of?,message,method,methods,nil?,object_id,private_methods,protected_methods,public_method,public_methods,public_send,remove_instance_variable,respond_to?,send,set_backtrace,singleton_class,singleton_method,singleton_methods,tap,then,to_enum,to_s,yield_self
SecurityError	S	!,!=,!~,<,<=,<=>,==,===,>,>=,__id__,__send__,alias_method,allocate,ancestors,attached_object,attr,attr_accessor,attr_reader,attr_writer,autoload,autoload?,class,class_eval,class_exec,class_variable_defined?,class_variable_get,class_variable_set,class_variables,clone,const_defined?,const_get,const_missing,const_set,const_source_location,constants,define_method,define_singleton_method,deprecate_constant,display,dup,enum_for,eql?,equal?,exception,extend,freeze,frozen?,hash,include,include?,included_modules,inspect,instance_eval,instance_exec,instance_method,instance_methods,instance_of?,instance_variable_defined?,instance_variable_get,instance_variable_set,instance_variables,is_a?,itself,kind_of?,method,method_defined?,methods,module_eval,module_exec,name,new,nil?,object_id,prepend,private_class_method,private_constant,private_instance_methods,private_method_defined?,private_methods,protected_instance_methods,protected_method_defined?,protected_methods,public_class_method,public_constant,public_instance_method,public_instance_methods,public_method,public_method_defined?,public_methods,public_send,refinements,remove_class_variable,remove_instance_variable,remove_method,respond_to?,send,set_temporary_name,singleton_class,singleton_class?,singleton_method,singleton_methods,subclasses,superclass,tap,then,to_enum,to_s,to_tty?,undef_method,undefined_instance_methods,yield_self
SecurityError	P	Array,Complex,Float,Hash,Integer,Pathname,Rational,String,__callee__,__dir__,__method__,`,abort,at_exit,autoload,autoload?,binding,block_given?,caller,caller_locations,catch,eval,exec,exit,exit!,fail,fork,format,gets,global_variables,initialize,initialize_clone,initialize_copy,initialize_dup,instance_variables_to_inspect,iterator?,lambda,load,local_variables,loop,method_missing,open,p,pp,print,printf,proc,putc,puts,raise,rand,readline,readlines,require,require_relative,respond_to_missing?,select,set_trace_func,singleton_method_added,singleton_method_removed,singleton_method_undefined,sleep,spawn,sprintf,srand,syscall,system,test,throw,trace_var,trap,untrace_var,warn
Set	i	&,+,-,<,<<,<=,<=>,==,===,>,>=,^,add,add?,classify,clear,collect!,compare_by_identity,compare_by_identity?,delete,delete?,delete_if,difference,disjoint?,divide,each,empty?,eql?,filter!,flatten,flatten!,hash,include?,inspect,intersect?,intersection,join,keep_if,length,map!,member?,merge,proper_subset?,proper_superset?,reject!,replace,reset,select!,size,subset?,subtract,superset?,to_a,to_s,to_set,union,|
Set	s	[]
Set	p	initialize,initialize_copy
Set	c	CoreSet
Set	I	!,!=,!~,&,+,-,<,<<,<=,<=>,==,===,>,>=,^,__id__,__send__,add,add?,all?,any?,chain,chunk,chunk_while,class,classify,clear,clone,collect,collect!,collect_concat,compact,compare_by_identity,compare_by_identity?,count,cycle,define_singleton_method,delete,delete?,delete_if,detect,difference,disjoint?,display,divide,drop,drop_while,dup,each,each_cons,each_entry,each_slice,each_with_index,each_with_object,empty?,entries,enum_for,eql?,equal?,extend,filter,filter!,filter_map,find,find_all,find_index,first,flat_map,flatten,flatten!,freeze,frozen?,grep,grep_v,group_by,hash,include?,inject,inspect,instance_eval,instance_exec,instance_of?,instance_variable_defined?,instance_variable_get,instance_variable_set,instance_variables,intersect?,intersection,is_a?,itself,join,keep_if,kind_of?,lazy,length,map,map!,max,max_by,member?,merge,method,methods,min,min_by,minmax,minmax_by,nil?,none?,object_id,one?,partition,private_methods,proper_subset?,proper_superset?,protected_methods,public_method,public_methods,public_send,reduce,reject,reject!,remove_instance_variable,replace,reset,respond_to?,reverse_each,select,select!,send,singleton_class,singleton_method,singleton_methods,size,slice_after,slice_before,slice_when,sort,sort_by,subset?,subtract,sum,superset?,take,take_while,tally,tap,then,to_a,to_enum,to_h,to_s,to_set,union,uniq,yield_self,zip,|
Set	S	!,!=,!~,<,<=,<=>,==,===,>,>=,[],__id__,__send__,alias_method,allocate,ancestors,attached_object,attr,attr_accessor,attr_reader,attr_writer,autoload,autoload?,class,class_eval,class_exec,class_variable_defined?,class_variable_get,class_variable_set,class_variables,clone,const_defined?,const_get,const_missing,const_set,const_source_location,constants,define_method,define_singleton_method,deprecate_constant,display,dup,enum_for,eql?,equal?,extend,freeze,frozen?,hash,include,include?,included_modules,inspect,instance_eval,instance_exec,instance_method,instance_methods,instance_of?,instance_variable_defined?,instance_variable_get,instance_variable_set,instance_variables,is_a?,itself,kind_of?,method,method_defined?,methods,module_eval,module_exec,name,new,nil?,object_id,prepend,private_class_method,private_constant,private_instance_methods,private_method_defined?,private_methods,protected_instance_methods,protected_method_defined?,protected_methods,public_class_method,public_constant,public_instance_method,public_instance_methods,public_method,public_method_defined?,public_methods,public_send,refinements,remove_class_variable,remove_instance_variable,remove_method,respond_to?,send,set_temporary_name,singleton_class,singleton_class?,singleton_method,singleton_methods,subclasses,superclass,tap,then,to_enum,to_s,undef_method,undefined_instance_methods,yield_self
Set	P	Array,Complex,Float,Hash,Integer,Pathname,Rational,String,__callee__,__dir__,__method__,`,abort,at_exit,autoload,autoload?,binding,block_given?,caller,caller_locations,catch,eval,exec,exit,exit!,fail,fork,format,gets,global_variables,initialize,initialize_clone,initialize_copy,initialize_dup,instance_variables_to_inspect,iterator?,lambda,load,local_variables,loop,method_missing,open,p,pp,print,printf,proc,putc,puts,raise,rand,readline,readlines,require,require_relative,respond_to_missing?,set_trace_func,singleton_method_added,singleton_method_removed,singleton_method_undefined,sleep,spawn,sprintf,srand,syscall,system,test,throw,trace_var,trap,untrace_var,warn
Set::CoreSet	i	
Set::CoreSet	s	
Set::CoreSet	p	
Set::CoreSet	c	
Set::CoreSet	I	!,!=,!~,&,+,-,<,<<,<=,<=>,==,===,>,>=,^,__id__,__send__,add,add?,all?,any?,chain,chunk,chunk_while,class,classify,clear,clone,collect,collect!,collect_concat,compact,compare_by_identity,compare_by_identity?,count,cycle,define_singleton_method,delete,delete?,delete_if,detect,difference,disjoint?,display,divide,drop,drop_while,dup,each,each_cons,each_entry,each_slice,each_with_index,each_with_object,empty?,entries,enum_for,eql?,equal?,extend,filter,filter!,filter_map,find,find_all,find_index,first,flat_map,flatten,flatten!,freeze,frozen?,grep,grep_v,group_by,hash,include?,inject,inspect,instance_eval,instance_exec,instance_of?,instance_variable_defined?,instance_variable_get,instance_variable_set,instance_variables,intersect?,intersection,is_a?,itself,join,keep_if,kind_of?,lazy,length,map,map!,max,max_by,member?,merge,method,methods,min,min_by,minmax,minmax_by,nil?,none?,object_id,one?,partition,private_methods,proper_subset?,proper_superset?,protected_methods,public_method,public_methods,public_send,reduce,reject,reject!,remove_instance_variable,replace,reset,respond_to?,reverse_each,select,select!,send,singleton_class,singleton_method,singleton_methods,size,slice_after,slice_before,slice_when,sort,sort_by,subset?,subtract,sum,superset?,take,take_while,tally,tap,then,to_a,to_enum,to_h,to_s,to_set,union,uniq,yield_self,zip,|
Set::CoreSet	S	!,!=,!~,<,<=,<=>,==,===,>,>=,[],__id__,__send__,alias_method,allocate,ancestors,attached_object,attr,attr_accessor,attr_reader,attr_writer,autoload,autoload?,class,class_eval,class_exec,class_variable_defined?,class_variable_get,class_variable_set,class_variables,clone,const_defined?,const_get,const_missing,const_set,const_source_location,constants,define_method,define_singleton_method,deprecate_constant,display,dup,enum_for,eql?,equal?,extend,freeze,frozen?,hash,include,include?,included_modules,inspect,instance_eval,instance_exec,instance_method,instance_methods,instance_of?,instance_variable_defined?,instance_variable_get,instance_variable_set,instance_variables,is_a?,itself,kind_of?,method,method_defined?,methods,module_eval,module_exec,name,new,nil?,object_id,prepend,private_class_method,private_constant,private_instance_methods,private_method_defined?,private_methods,protected_instance_methods,protected_method_defined?,protected_methods,public_class_method,public_constant,public_instance_method,public_instance_methods,public_method,public_method_defined?,public_methods,public_send,refinements,remove_class_variable,remove_instance_variable,remove_method,respond_to?,send,set_temporary_name,singleton_class,singleton_class?,singleton_method,singleton_methods,subclasses,superclass,tap,then,to_enum,to_s,undef_method,undefined_instance_methods,yield_self
Set::CoreSet	P	Array,Complex,Float,Hash,Integer,Pathname,Rational,String,__callee__,__dir__,__method__,`,abort,at_exit,autoload,autoload?,binding,block_given?,caller,caller_locations,catch,eval,exec,exit,exit!,fail,fork,format,gets,global_variables,initialize,initialize_clone,initialize_copy,initialize_dup,instance_variables_to_inspect,iterator?,lambda,load,local_variables,loop,method_missing,open,p,pp,print,printf,proc,putc,puts,raise,rand,readline,readlines,require,require_relative,respond_to_missing?,set_trace_func,singleton_method_added,singleton_method_removed,singleton_method_undefined,sleep,spawn,sprintf,srand,syscall,system,test,throw,trace_var,trap,untrace_var,warn
Signal	i	
Signal	s	list,signame,trap
Signal	p	list,signame,trap
Signal	c	
Signal	I	
Signal	S	!,!=,!~,<,<=,<=>,==,===,>,>=,__id__,__send__,alias_method,ancestors,attr,attr_accessor,attr_reader,attr_writer,autoload,autoload?,class,class_eval,class_exec,class_variable_defined?,class_variable_get,class_variable_set,class_variables,clone,const_defined?,const_get,const_missing,const_set,const_source_location,constants,define_method,define_singleton_method,deprecate_constant,display,dup,enum_for,eql?,equal?,extend,freeze,frozen?,hash,include,include?,included_modules,inspect,instance_eval,instance_exec,instance_method,instance_methods,instance_of?,instance_variable_defined?,instance_variable_get,instance_variable_set,instance_variables,is_a?,itself,kind_of?,list,method,method_defined?,methods,module_eval,module_exec,name,nil?,object_id,prepend,private_class_method,private_constant,private_instance_methods,private_method_defined?,private_methods,protected_instance_methods,protected_method_defined?,protected_methods,public_class_method,public_constant,public_instance_method,public_instance_methods,public_method,public_method_defined?,public_methods,public_send,refinements,remove_class_variable,remove_instance_variable,remove_method,respond_to?,send,set_temporary_name,signame,singleton_class,singleton_class?,singleton_method,singleton_methods,tap,then,to_enum,to_s,trap,undef_method,undefined_instance_methods,yield_self
Signal	P	list,signame,trap
SignalException	i	signm,signo
SignalException	s	
SignalException	p	initialize
SignalException	c	
SignalException	I	!,!=,!~,<=>,==,===,__id__,__send__,backtrace,backtrace_locations,cause,class,clone,define_singleton_method,detailed_message,display,dup,enum_for,eql?,equal?,exception,extend,freeze,frozen?,full_message,hash,inspect,instance_eval,instance_exec,instance_of?,instance_variable_defined?,instance_variable_get,instance_variable_set,instance_variables,is_a?,itself,kind_of?,message,method,methods,nil?,object_id,private_methods,protected_methods,public_method,public_methods,public_send,remove_instance_variable,respond_to?,send,set_backtrace,signm,signo,singleton_class,singleton_method,singleton_methods,tap,then,to_enum,to_s,yield_self
SignalException	S	!,!=,!~,<,<=,<=>,==,===,>,>=,__id__,__send__,alias_method,allocate,ancestors,attached_object,attr,attr_accessor,attr_reader,attr_writer,autoload,autoload?,class,class_eval,class_exec,class_variable_defined?,class_variable_get,class_variable_set,class_variables,clone,const_defined?,const_get,const_missing,const_set,const_source_location,constants,define_method,define_singleton_method,deprecate_constant,display,dup,enum_for,eql?,equal?,exception,extend,freeze,frozen?,hash,include,include?,included_modules,inspect,instance_eval,instance_exec,instance_method,instance_methods,instance_of?,instance_variable_defined?,instance_variable_get,instance_variable_set,instance_variables,is_a?,itself,kind_of?,method,method_defined?,methods,module_eval,module_exec,name,new,nil?,object_id,prepend,private_class_method,private_constant,private_instance_methods,private_method_defined?,private_methods,protected_instance_methods,protected_method_defined?,protected_methods,public_class_method,public_constant,public_instance_method,public_instance_methods,public_method,public_method_defined?,public_methods,public_send,refinements,remove_class_variable,remove_instance_variable,remove_method,respond_to?,send,set_temporary_name,singleton_class,singleton_class?,singleton_method,singleton_methods,subclasses,superclass,tap,then,to_enum,to_s,to_tty?,undef_method,undefined_instance_methods,yield_self
SignalException	P	Array,Complex,Float,Hash,Integer,Pathname,Rational,String,__callee__,__dir__,__method__,`,abort,at_exit,autoload,autoload?,binding,block_given?,caller,caller_locations,catch,eval,exec,exit,exit!,fail,fork,format,gets,global_variables,initialize,initialize_clone,initialize_copy,initialize_dup,instance_variables_to_inspect,iterator?,lambda,load,local_variables,loop,method_missing,open,p,pp,print,printf,proc,putc,puts,raise,rand,readline,readlines,require,require_relative,respond_to_missing?,select,set_trace_func,singleton_method_added,singleton_method_removed,singleton_method_undefined,sleep,spawn,sprintf,srand,syscall,system,test,throw,trace_var,trap,untrace_var,warn
StandardError	i	
StandardError	s	
StandardError	p	
StandardError	c	
StandardError	I	!,!=,!~,<=>,==,===,__id__,__send__,backtrace,backtrace_locations,cause,class,clone,define_singleton_method,detailed_message,display,dup,enum_for,eql?,equal?,exception,extend,freeze,frozen?,full_message,hash,inspect,instance_eval,instance_exec,instance_of?,instance_variable_defined?,instance_variable_get,instance_variable_set,instance_variables,is_a?,itself,kind_of?,message,method,methods,nil?,object_id,private_methods,protected_methods,public_method,public_methods,public_send,remove_instance_variable,respond_to?,send,set_backtrace,singleton_class,singleton_method,singleton_methods,tap,then,to_enum,to_s,yield_self
StandardError	S	!,!=,!~,<,<=,<=>,==,===,>,>=,__id__,__send__,alias_method,allocate,ancestors,attached_object,attr,attr_accessor,attr_reader,attr_writer,autoload,autoload?,class,class_eval,class_exec,class_variable_defined?,class_variable_get,class_variable_set,class_variables,clone,const_defined?,const_get,const_missing,const_set,const_source_location,constants,define_method,define_singleton_method,deprecate_constant,display,dup,enum_for,eql?,equal?,exception,extend,freeze,frozen?,hash,include,include?,included_modules,inspect,instance_eval,instance_exec,instance_method,instance_methods,instance_of?,instance_variable_defined?,instance_variable_get,instance_variable_set,instance_variables,is_a?,itself,kind_of?,method,method_defined?,methods,module_eval,module_exec,name,new,nil?,object_id,prepend,private_class_method,private_constant,private_instance_methods,private_method_defined?,private_methods,protected_instance_methods,protected_method_defined?,protected_methods,public_class_method,public_constant,public_instance_method,public_instance_methods,public_method,public_method_defined?,public_methods,public_send,refinements,remove_class_variable,remove_instance_variable,remove_method,respond_to?,send,set_temporary_name,singleton_class,singleton_class?,singleton_method,singleton_methods,subclasses,superclass,tap,then,to_enum,to_s,to_tty?,undef_method,undefined_instance_methods,yield_self
StandardError	P	Array,Complex,Float,Hash,Integer,Pathname,Rational,String,__callee__,__dir__,__method__,`,abort,at_exit,autoload,autoload?,binding,block_given?,caller,caller_locations,catch,eval,exec,exit,exit!,fail,fork,format,gets,global_variables,initialize,initialize_clone,initialize_copy,initialize_dup,instance_variables_to_inspect,iterator?,lambda,load,local_variables,loop,method_missing,open,p,pp,print,printf,proc,putc,puts,raise,rand,readline,readlines,require,require_relative,respond_to_missing?,select,set_trace_func,singleton_method_added,singleton_method_removed,singleton_method_undefined,sleep,spawn,sprintf,srand,syscall,system,test,throw,trace_var,trap,untrace_var,warn
StopIteration	i	result
StopIteration	s	
StopIteration	p	
StopIteration	c	
StopIteration	I	!,!=,!~,<=>,==,===,__id__,__send__,backtrace,backtrace_locations,cause,class,clone,define_singleton_method,detailed_message,display,dup,enum_for,eql?,equal?,exception,extend,freeze,frozen?,full_message,hash,inspect,instance_eval,instance_exec,instance_of?,instance_variable_defined?,instance_variable_get,instance_variable_set,instance_variables,is_a?,itself,kind_of?,message,method,methods,nil?,object_id,private_methods,protected_methods,public_method,public_methods,public_send,remove_instance_variable,respond_to?,result,send,set_backtrace,singleton_class,singleton_method,singleton_methods,tap,then,to_enum,to_s,yield_self
StopIteration	S	!,!=,!~,<,<=,<=>,==,===,>,>=,__id__,__send__,alias_method,allocate,ancestors,attached_object,attr,attr_accessor,attr_reader,attr_writer,autoload,autoload?,class,class_eval,class_exec,class_variable_defined?,class_variable_get,class_variable_set,class_variables,clone,const_defined?,const_get,const_missing,const_set,const_source_location,constants,define_method,define_singleton_method,deprecate_constant,display,dup,enum_for,eql?,equal?,exception,extend,freeze,frozen?,hash,include,include?,included_modules,inspect,instance_eval,instance_exec,instance_method,instance_methods,instance_of?,instance_variable_defined?,instance_variable_get,instance_variable_set,instance_variables,is_a?,itself,kind_of?,method,method_defined?,methods,module_eval,module_exec,name,new,nil?,object_id,prepend,private_class_method,private_constant,private_instance_methods,private_method_defined?,private_methods,protected_instance_methods,protected_method_defined?,protected_methods,public_class_method,public_constant,public_instance_method,public_instance_methods,public_method,public_method_defined?,public_methods,public_send,refinements,remove_class_variable,remove_instance_variable,remove_method,respond_to?,send,set_temporary_name,singleton_class,singleton_class?,singleton_method,singleton_methods,subclasses,superclass,tap,then,to_enum,to_s,to_tty?,undef_method,undefined_instance_methods,yield_self
StopIteration	P	Array,Complex,Float,Hash,Integer,Pathname,Rational,String,__callee__,__dir__,__method__,`,abort,at_exit,autoload,autoload?,binding,block_given?,caller,caller_locations,catch,eval,exec,exit,exit!,fail,fork,format,gets,global_variables,initialize,initialize_clone,initialize_copy,initialize_dup,instance_variables_to_inspect,iterator?,lambda,load,local_variables,loop,method_missing,open,p,pp,print,printf,proc,putc,puts,raise,rand,readline,readlines,require,require_relative,respond_to_missing?,select,set_trace_func,singleton_method_added,singleton_method_removed,singleton_method_undefined,sleep,spawn,sprintf,srand,syscall,system,test,throw,trace_var,trap,untrace_var,warn
String	i	%,*,+,+@,-@,<<,<=>,==,===,=~,[],[]=,append_as_bytes,ascii_only?,b,byteindex,byterindex,bytes,bytesize,byteslice,bytesplice,capitalize,capitalize!,casecmp,casecmp?,center,chars,chomp,chomp!,chop,chop!,chr,clear,codepoints,concat,count,crypt,dedup,delete,delete!,delete_prefix,delete_prefix!,delete_suffix,delete_suffix!,downcase,downcase!,dump,dup,each_byte,each_char,each_codepoint,each_grapheme_cluster,each_line,empty?,encode,encode!,encoding,end_with?,eql?,force_encoding,freeze,getbyte,grapheme_clusters,gsub,gsub!,hash,hex,include?,index,insert,inspect,intern,length,lines,ljust,lstrip,lstrip!,match,match?,next,next!,oct,ord,partition,prepend,replace,reverse,reverse!,rindex,rjust,rpartition,rstrip,rstrip!,scan,scrub,scrub!,setbyte,size,slice,slice!,split,squeeze,squeeze!,start_with?,strip,strip!,sub,sub!,succ,succ!,sum,swapcase,swapcase!,to_c,to_f,to_i,to_r,to_s,to_str,to_sym,tr,tr!,tr_s,tr_s!,undump,unicode_normalize,unicode_normalize!,unicode_normalized?,unpack,unpack1,upcase,upcase!,upto,valid_encoding?
String	s	new,try_convert
String	p	initialize,initialize_copy
String	c	
String	I	!,!=,!~,%,*,+,+@,-@,<,<<,<=,<=>,==,===,=~,>,>=,[],[]=,__id__,__send__,append_as_bytes,ascii_only?,b,between?,byteindex,byterindex,bytes,bytesize,byteslice,bytesplice,capitalize,capitalize!,casecmp,casecmp?,center,chars,chomp,chomp!,chop,chop!,chr,clamp,class,clear,clone,codepoints,concat,count,crypt,dedup,define_singleton_method,delete,delete!,delete_prefix,delete_prefix!,delete_suffix,delete_suffix!,display,downcase,downcase!,dump,dup,each_byte,each_char,each_codepoint,each_grapheme_cluster,each_line,empty?,encode,encode!,encoding,end_with?,enum_for,eql?,equal?,extend,force_encoding,freeze,frozen?,getbyte,grapheme_clusters,gsub,gsub!,hash,hex,include?,index,insert,inspect,instance_eval,instance_exec,instance_of?,instance_variable_defined?,instance_variable_get,instance_variable_set,instance_variables,intern,is_a?,itself,kind_of?,length,lines,ljust,lstrip,lstrip!,match,match?,method,methods,next,next!,nil?,object_id,oct,ord,partition,prepend,private_methods,protected_methods,public_method,public_methods,public_send,remove_instance_variable,replace,respond_to?,reverse,reverse!,rindex,rjust,rpartition,rstrip,rstrip!,scan,scrub,scrub!,send,setbyte,singleton_class,singleton_method,singleton_methods,size,slice,slice!,split,squeeze,squeeze!,start_with?,strip,strip!,sub,sub!,succ,succ!,sum,swapcase,swapcase!,tap,then,to_c,to_enum,to_f,to_i,to_r,to_s,to_str,to_sym,tr,tr!,tr_s,tr_s!,undump,unicode_normalize,unicode_normalize!,unicode_normalized?,unpack,unpack1,upcase,upcase!,upto,valid_encoding?,yield_self
String	S	!,!=,!~,<,<=,<=>,==,===,>,>=,__id__,__send__,alias_method,allocate,ancestors,attached_object,attr,attr_accessor,attr_reader,attr_writer,autoload,autoload?,class,class_eval,class_exec,class_variable_defined?,class_variable_get,class_variable_set,class_variables,clone,const_defined?,const_get,const_missing,const_set,const_source_location,constants,define_method,define_singleton_method,deprecate_constant,display,dup,enum_for,eql?,equal?,extend,freeze,frozen?,hash,include,include?,included_modules,inspect,instance_eval,instance_exec,instance_method,instance_methods,instance_of?,instance_variable_defined?,instance_variable_get,instance_variable_set,instance_variables,is_a?,itself,kind_of?,method,method_defined?,methods,module_eval,module_exec,name,new,nil?,object_id,prepend,private_class_method,private_constant,private_instance_methods,private_method_defined?,private_methods,protected_instance_methods,protected_method_defined?,protected_methods,public_class_method,public_constant,public_instance_method,public_instance_methods,public_method,public_method_defined?,public_methods,public_send,refinements,remove_class_variable,remove_instance_variable,remove_method,respond_to?,send,set_temporary_name,singleton_class,singleton_class?,singleton_method,singleton_methods,subclasses,superclass,tap,then,to_enum,to_s,try_convert,undef_method,undefined_instance_methods,yield_self
String	P	Array,Complex,Float,Hash,Integer,Pathname,Rational,String,__callee__,__dir__,__method__,`,abort,at_exit,autoload,autoload?,binding,block_given?,caller,caller_locations,catch,eval,exec,exit,exit!,fail,fork,format,gets,global_variables,initialize,initialize_clone,initialize_copy,initialize_dup,instance_variables_to_inspect,iterator?,lambda,load,local_variables,loop,method_missing,open,p,pp,print,printf,proc,putc,puts,raise,rand,readline,readlines,require,require_relative,respond_to_missing?,select,set_trace_func,singleton_method_added,singleton_method_removed,singleton_method_undefined,sleep,spawn,sprintf,srand,syscall,system,test,throw,trace_var,trap,untrace_var,warn
Struct	i	==,[],[]=,deconstruct,deconstruct_keys,dig,each,each_pair,eql?,filter,hash,inspect,length,members,select,size,to_a,to_h,to_s,values,values_at
Struct	s	new
Struct	p	initialize,initialize_copy
Struct	c	
Struct	I	!,!=,!~,<=>,==,===,[],[]=,__id__,__send__,all?,any?,chain,chunk,chunk_while,class,clone,collect,collect_concat,compact,count,cycle,deconstruct,deconstruct_keys,define_singleton_method,detect,dig,display,drop,drop_while,dup,each,each_cons,each_entry,each_pair,each_slice,each_with_index,each_with_object,entries,enum_for,eql?,equal?,extend,filter,filter_map,find,find_all,find_index,first,flat_map,freeze,frozen?,grep,grep_v,group_by,hash,include?,inject,inspect,instance_eval,instance_exec,instance_of?,instance_variable_defined?,instance_variable_get,instance_variable_set,instance_variables,is_a?,itself,kind_of?,lazy,length,map,max,max_by,member?,members,method,methods,min,min_by,minmax,minmax_by,nil?,none?,object_id,one?,partition,private_methods,protected_methods,public_method,public_methods,public_send,reduce,reject,remove_instance_variable,respond_to?,reverse_each,select,send,singleton_class,singleton_method,singleton_methods,size,slice_after,slice_before,slice_when,sort,sort_by,sum,take,take_while,tally,tap,then,to_a,to_enum,to_h,to_s,to_set,uniq,values,values_at,yield_self,zip
Struct	S	!,!=,!~,<,<=,<=>,==,===,>,>=,__id__,__send__,alias_method,allocate,ancestors,attached_object,attr,attr_accessor,attr_reader,attr_writer,autoload,autoload?,class,class_eval,class_exec,class_variable_defined?,class_variable_get,class_variable_set,class_variables,clone,const_defined?,const_get,const_missing,const_set,const_source_location,constants,define_method,define_singleton_method,deprecate_constant,display,dup,enum_for,eql?,equal?,extend,freeze,frozen?,hash,include,include?,included_modules,inspect,instance_eval,instance_exec,instance_method,instance_methods,instance_of?,instance_variable_defined?,instance_variable_get,instance_variable_set,instance_variables,is_a?,itself,kind_of?,method,method_defined?,methods,module_eval,module_exec,name,new,nil?,object_id,prepend,private_class_method,private_constant,private_instance_methods,private_method_defined?,private_methods,protected_instance_methods,protected_method_defined?,protected_methods,public_class_method,public_constant,public_instance_method,public_instance_methods,public_method,public_method_defined?,public_methods,public_send,refinements,remove_class_variable,remove_instance_variable,remove_method,respond_to?,send,set_temporary_name,singleton_class,singleton_class?,singleton_method,singleton_methods,subclasses,superclass,tap,then,to_enum,to_s,undef_method,undefined_instance_methods,yield_self
Struct	P	Array,Complex,Float,Hash,Integer,Pathname,Rational,String,__callee__,__dir__,__method__,`,abort,at_exit,autoload,autoload?,binding,block_given?,caller,caller_locations,catch,eval,exec,exit,exit!,fail,fork,format,gets,global_variables,initialize,initialize_clone,initialize_copy,initialize_dup,instance_variables_to_inspect,iterator?,lambda,load,local_variables,loop,method_missing,open,p,pp,print,printf,proc,putc,puts,raise,rand,readline,readlines,require,require_relative,respond_to_missing?,set_trace_func,singleton_method_added,singleton_method_removed,singleton_method_undefined,sleep,spawn,sprintf,srand,syscall,system,test,throw,trace_var,trap,untrace_var,warn
Symbol	i	<=>,==,===,=~,[],capitalize,casecmp,casecmp?,downcase,empty?,encoding,end_with?,id2name,inspect,intern,length,match,match?,name,next,size,slice,start_with?,succ,swapcase,to_proc,to_s,to_sym,upcase
Symbol	s	all_symbols
Symbol	p	
Symbol	c	
Symbol	I	!,!=,!~,<,<=,<=>,==,===,=~,>,>=,[],__id__,__send__,between?,capitalize,casecmp,casecmp?,clamp,class,clone,define_singleton_method,display,downcase,dup,empty?,encoding,end_with?,enum_for,eql?,equal?,extend,freeze,frozen?,hash,id2name,inspect,instance_eval,instance_exec,instance_of?,instance_variable_defined?,instance_variable_get,instance_variable_set,instance_variables,intern,is_a?,itself,kind_of?,length,match,match?,method,methods,name,next,nil?,object_id,private_methods,protected_methods,public_method,public_methods,public_send,remove_instance_variable,respond_to?,send,singleton_class,singleton_method,singleton_methods,size,slice,start_with?,succ,swapcase,tap,then,to_enum,to_proc,to_s,to_sym,upcase,yield_self
Symbol	S	!,!=,!~,<,<=,<=>,==,===,>,>=,__id__,__send__,alias_method,all_symbols,allocate,ancestors,attached_object,attr,attr_accessor,attr_reader,attr_writer,autoload,autoload?,class,class_eval,class_exec,class_variable_defined?,class_variable_get,class_variable_set,class_variables,clone,const_defined?,const_get,const_missing,const_set,const_source_location,constants,define_method,define_singleton_method,deprecate_constant,display,dup,enum_for,eql?,equal?,extend,freeze,frozen?,hash,include,include?,included_modules,inspect,instance_eval,instance_exec,instance_method,instance_methods,instance_of?,instance_variable_defined?,instance_variable_get,instance_variable_set,instance_variables,is_a?,itself,kind_of?,method,method_defined?,methods,module_eval,module_exec,name,nil?,object_id,prepend,private_class_method,private_constant,private_instance_methods,private_method_defined?,private_methods,protected_instance_methods,protected_method_defined?,protected_methods,public_class_method,public_constant,public_instance_method,public_instance_methods,public_method,public_method_defined?,public_methods,public_send,refinements,remove_class_variable,remove_instance_variable,remove_method,respond_to?,send,set_temporary_name,singleton_class,singleton_class?,singleton_method,singleton_methods,subclasses,superclass,tap,then,to_enum,to_s,undef_method,undefined_instance_methods,yield_self
Symbol	P	Array,Complex,Float,Hash,Integer,Pathname,Rational,String,__callee__,__dir__,__method__,`,abort,at_exit,autoload,autoload?,binding,block_given?,caller,caller_locations,catch,eval,exec,exit,exit!,fail,fork,format,gets,global_variables,initialize,initialize_clone,initialize_copy,initialize_dup,instance_variables_to_inspect,iterator?,lambda,load,local_variables,loop,method_missing,open,p,pp,print,printf,proc,putc,puts,raise,rand,readline,readlines,require,require_relative,respond_to_missing?,select,set_trace_func,singleton_method_added,singleton_method_removed,singleton_method_undefined,sleep,spawn,sprintf,srand,syscall,system,test,throw,trace_var,trap,untrace_var,warn
SyntaxError	i	path
SyntaxError	s	
SyntaxError	p	initialize
SyntaxError	c	
SyntaxError	I	!,!=,!~,<=>,==,===,__id__,__send__,backtrace,backtrace_locations,cause,class,clone,define_singleton_method,detailed_message,display,dup,enum_for,eql?,equal?,exception,extend,freeze,frozen?,full_message,hash,inspect,instance_eval,instance_exec,instance_of?,instance_variable_defined?,instance_variable_get,instance_variable_set,instance_variables,is_a?,itself,kind_of?,message,method,methods,nil?,object_id,path,private_methods,protected_methods,public_method,public_methods,public_send,remove_instance_variable,respond_to?,send,set_backtrace,singleton_class,singleton_method,singleton_methods,tap,then,to_enum,to_s,yield_self
SyntaxError	S	!,!=,!~,<,<=,<=>,==,===,>,>=,__id__,__send__,alias_method,allocate,ancestors,attached_object,attr,attr_accessor,attr_reader,attr_writer,autoload,autoload?,class,class_eval,class_exec,class_variable_defined?,class_variable_get,class_variable_set,class_variables,clone,const_defined?,const_get,const_missing,const_set,const_source_location,constants,define_method,define_singleton_method,deprecate_constant,display,dup,enum_for,eql?,equal?,exception,extend,freeze,frozen?,hash,include,include?,included_modules,inspect,instance_eval,instance_exec,instance_method,instance_methods,instance_of?,instance_variable_defined?,instance_variable_get,instance_variable_set,instance_variables,is_a?,itself,kind_of?,method,method_defined?,methods,module_eval,module_exec,name,new,nil?,object_id,prepend,private_class_method,private_constant,private_instance_methods,private_method_defined?,private_methods,protected_instance_methods,protected_method_defined?,protected_methods,public_class_method,public_constant,public_instance_method,public_instance_methods,public_method,public_method_defined?,public_methods,public_send,refinements,remove_class_variable,remove_instance_variable,remove_method,respond_to?,send,set_temporary_name,singleton_class,singleton_class?,singleton_method,singleton_methods,subclasses,superclass,tap,then,to_enum,to_s,to_tty?,undef_method,undefined_instance_methods,yield_self
SyntaxError	P	Array,Complex,Float,Hash,Integer,Pathname,Rational,String,__callee__,__dir__,__method__,`,abort,at_exit,autoload,autoload?,binding,block_given?,caller,caller_locations,catch,eval,exec,exit,exit!,fail,fork,format,gets,global_variables,initialize,initialize_clone,initialize_copy,initialize_dup,instance_variables_to_inspect,iterator?,lambda,load,local_variables,loop,method_missing,open,p,pp,print,printf,proc,putc,puts,raise,rand,readline,readlines,require,require_relative,respond_to_missing?,select,set_trace_func,singleton_method_added,singleton_method_removed,singleton_method_undefined,sleep,spawn,sprintf,srand,syscall,system,test,throw,trace_var,trap,untrace_var,warn
SystemCallError	i	errno
SystemCallError	s	===
SystemCallError	p	initialize
SystemCallError	c	
SystemCallError	I	!,!=,!~,<=>,==,===,__id__,__send__,backtrace,backtrace_locations,cause,class,clone,define_singleton_method,detailed_message,display,dup,enum_for,eql?,equal?,errno,exception,extend,freeze,frozen?,full_message,hash,inspect,instance_eval,instance_exec,instance_of?,instance_variable_defined?,instance_variable_get,instance_variable_set,instance_variables,is_a?,itself,kind_of?,message,method,methods,nil?,object_id,private_methods,protected_methods,public_method,public_methods,public_send,remove_instance_variable,respond_to?,send,set_backtrace,singleton_class,singleton_method,singleton_methods,tap,then,to_enum,to_s,yield_self
SystemCallError	S	!,!=,!~,<,<=,<=>,==,===,>,>=,__id__,__send__,alias_method,allocate,ancestors,attached_object,attr,attr_accessor,attr_reader,attr_writer,autoload,autoload?,class,class_eval,class_exec,class_variable_defined?,class_variable_get,class_variable_set,class_variables,clone,const_defined?,const_get,const_missing,const_set,const_source_location,constants,define_method,define_singleton_method,deprecate_constant,display,dup,enum_for,eql?,equal?,exception,extend,freeze,frozen?,hash,include,include?,included_modules,inspect,instance_eval,instance_exec,instance_method,instance_methods,instance_of?,instance_variable_defined?,instance_variable_get,instance_variable_set,instance_variables,is_a?,itself,kind_of?,method,method_defined?,methods,module_eval,module_exec,name,new,nil?,object_id,prepend,private_class_method,private_constant,private_instance_methods,private_method_defined?,private_methods,protected_instance_methods,protected_method_defined?,protected_methods,public_class_method,public_constant,public_instance_method,public_instance_methods,public_method,public_method_defined?,public_methods,public_send,refinements,remove_class_variable,remove_instance_variable,remove_method,respond_to?,send,set_temporary_name,singleton_class,singleton_class?,singleton_method,singleton_methods,subclasses,superclass,tap,then,to_enum,to_s,to_tty?,undef_method,undefined_instance_methods,yield_self
SystemCallError	P	Array,Complex,Float,Hash,Integer,Pathname,Rational,String,__callee__,__dir__,__method__,`,abort,at_exit,autoload,autoload?,binding,block_given?,caller,caller_locations,catch,eval,exec,exit,exit!,fail,fork,format,gets,global_variables,initialize,initialize_clone,initialize_copy,initialize_dup,instance_variables_to_inspect,iterator?,lambda,load,local_variables,loop,method_missing,open,p,pp,print,printf,proc,putc,puts,raise,rand,readline,readlines,require,require_relative,respond_to_missing?,select,set_trace_func,singleton_method_added,singleton_method_removed,singleton_method_undefined,sleep,spawn,sprintf,srand,syscall,system,test,throw,trace_var,trap,untrace_var,warn
SystemExit	i	status,success?
SystemExit	s	
SystemExit	p	initialize
SystemExit	c	
SystemExit	I	!,!=,!~,<=>,==,===,__id__,__send__,backtrace,backtrace_locations,cause,class,clone,define_singleton_method,detailed_message,display,dup,enum_for,eql?,equal?,exception,extend,freeze,frozen?,full_message,hash,inspect,instance_eval,instance_exec,instance_of?,instance_variable_defined?,instance_variable_get,instance_variable_set,instance_variables,is_a?,itself,kind_of?,message,method,methods,nil?,object_id,private_methods,protected_methods,public_method,public_methods,public_send,remove_instance_variable,respond_to?,send,set_backtrace,singleton_class,singleton_method,singleton_methods,status,success?,tap,then,to_enum,to_s,yield_self
SystemExit	S	!,!=,!~,<,<=,<=>,==,===,>,>=,__id__,__send__,alias_method,allocate,ancestors,attached_object,attr,attr_accessor,attr_reader,attr_writer,autoload,autoload?,class,class_eval,class_exec,class_variable_defined?,class_variable_get,class_variable_set,class_variables,clone,const_defined?,const_get,const_missing,const_set,const_source_location,constants,define_method,define_singleton_method,deprecate_constant,display,dup,enum_for,eql?,equal?,exception,extend,freeze,frozen?,hash,include,include?,included_modules,inspect,instance_eval,instance_exec,instance_method,instance_methods,instance_of?,instance_variable_defined?,instance_variable_get,instance_variable_set,instance_variables,is_a?,itself,kind_of?,method,method_defined?,methods,module_eval,module_exec,name,new,nil?,object_id,prepend,private_class_method,private_constant,private_instance_methods,private_method_defined?,private_methods,protected_instance_methods,protected_method_defined?,protected_methods,public_class_method,public_constant,public_instance_method,public_instance_methods,public_method,public_method_defined?,public_methods,public_send,refinements,remove_class_variable,remove_instance_variable,remove_method,respond_to?,send,set_temporary_name,singleton_class,singleton_class?,singleton_method,singleton_methods,subclasses,superclass,tap,then,to_enum,to_s,to_tty?,undef_method,undefined_instance_methods,yield_self
SystemExit	P	Array,Complex,Float,Hash,Integer,Pathname,Rational,String,__callee__,__dir__,__method__,`,abort,at_exit,autoload,autoload?,binding,block_given?,caller,caller_locations,catch,eval,exec,exit,exit!,fail,fork,format,gets,global_variables,initialize,initialize_clone,initialize_copy,initialize_dup,instance_variables_to_inspect,iterator?,lambda,load,local_variables,loop,method_missing,open,p,pp,print,printf,proc,putc,puts,raise,rand,readline,readlines,require,require_relative,respond_to_missing?,select,set_trace_func,singleton_method_added,singleton_method_removed,singleton_method_undefined,sleep,spawn,sprintf,srand,syscall,system,test,throw,trace_var,trap,untrace_var,warn
SystemStackError	i	
SystemStackError	s	
SystemStackError	p	
SystemStackError	c	
SystemStackError	I	!,!=,!~,<=>,==,===,__id__,__send__,backtrace,backtrace_locations,cause,class,clone,define_singleton_method,detailed_message,display,dup,enum_for,eql?,equal?,exception,extend,freeze,frozen?,full_message,hash,inspect,instance_eval,instance_exec,instance_of?,instance_variable_defined?,instance_variable_get,instance_variable_set,instance_variables,is_a?,itself,kind_of?,message,method,methods,nil?,object_id,private_methods,protected_methods,public_method,public_methods,public_send,remove_instance_variable,respond_to?,send,set_backtrace,singleton_class,singleton_method,singleton_methods,tap,then,to_enum,to_s,yield_self
SystemStackError	S	!,!=,!~,<,<=,<=>,==,===,>,>=,__id__,__send__,alias_method,allocate,ancestors,attached_object,attr,attr_accessor,attr_reader,attr_writer,autoload,autoload?,class,class_eval,class_exec,class_variable_defined?,class_variable_get,class_variable_set,class_variables,clone,const_defined?,const_get,const_missing,const_set,const_source_location,constants,define_method,define_singleton_method,deprecate_constant,display,dup,enum_for,eql?,equal?,exception,extend,freeze,frozen?,hash,include,include?,included_modules,inspect,instance_eval,instance_exec,instance_method,instance_methods,instance_of?,instance_variable_defined?,instance_variable_get,instance_variable_set,instance_variables,is_a?,itself,kind_of?,method,method_defined?,methods,module_eval,module_exec,name,new,nil?,object_id,prepend,private_class_method,private_constant,private_instance_methods,private_method_defined?,private_methods,protected_instance_methods,protected_method_defined?,protected_methods,public_class_method,public_constant,public_instance_method,public_instance_methods,public_method,public_method_defined?,public_methods,public_send,refinements,remove_class_variable,remove_instance_variable,remove_method,respond_to?,send,set_temporary_name,singleton_class,singleton_class?,singleton_method,singleton_methods,subclasses,superclass,tap,then,to_enum,to_s,to_tty?,undef_method,undefined_instance_methods,yield_self
SystemStackError	P	Array,Complex,Float,Hash,Integer,Pathname,Rational,String,__callee__,__dir__,__method__,`,abort,at_exit,autoload,autoload?,binding,block_given?,caller,caller_locations,catch,eval,exec,exit,exit!,fail,fork,format,gets,global_variables,initialize,initialize_clone,initialize_copy,initialize_dup,instance_variables_to_inspect,iterator?,lambda,load,local_variables,loop,method_missing,open,p,pp,print,printf,proc,putc,puts,raise,rand,readline,readlines,require,require_relative,respond_to_missing?,select,set_trace_func,singleton_method_added,singleton_method_removed,singleton_method_undefined,sleep,spawn,sprintf,srand,syscall,system,test,throw,trace_var,trap,untrace_var,warn
Thread	i	[],[]=,abort_on_exception,abort_on_exception=,add_trace_func,alive?,backtrace,backtrace_locations,exit,fetch,group,inspect,join,key?,keys,kill,name,name=,native_thread_id,pending_interrupt?,priority,priority=,raise,report_on_exception,report_on_exception=,run,set_trace_func,status,stop?,terminate,thread_variable?,thread_variable_get,thread_variable_set,thread_variables,to_s,value,wakeup
Thread	s	abort_on_exception,abort_on_exception=,current,each_caller_location,exit,fork,handle_interrupt,ignore_deadlock,ignore_deadlock=,kill,list,main,new,pass,pending_interrupt?,report_on_exception,report_on_exception=,start,stop
Thread	p	initialize
Thread	c	Backtrace,ConditionVariable,Mutex,Queue,SizedQueue
Thread	I	!,!=,!~,<=>,==,===,[],[]=,__id__,__send__,abort_on_exception,abort_on_exception=,add_trace_func,alive?,backtrace,backtrace_locations,class,clone,define_singleton_method,display,dup,enum_for,eql?,equal?,exit,extend,fetch,freeze,frozen?,group,hash,inspect,instance_eval,instance_exec,instance_of?,instance_variable_defined?,instance_variable_get,instance_variable_set,instance_variables,is_a?,itself,join,key?,keys,kill,kind_of?,method,methods,name,name=,native_thread_id,nil?,object_id,pending_interrupt?,priority,priority=,private_methods,protected_methods,public_method,public_methods,public_send,raise,remove_instance_variable,report_on_exception,report_on_exception=,respond_to?,run,send,set_trace_func,singleton_class,singleton_method,singleton_methods,status,stop?,tap,terminate,then,thread_variable?,thread_variable_get,thread_variable_set,thread_variables,to_enum,to_s,value,wakeup,yield_self
Thread	S	!,!=,!~,<,<=,<=>,==,===,>,>=,__id__,__send__,abort_on_exception,abort_on_exception=,alias_method,allocate,ancestors,attached_object,attr,attr_accessor,attr_reader,attr_writer,autoload,autoload?,class,class_eval,class_exec,class_variable_defined?,class_variable_get,class_variable_set,class_variables,clone,const_defined?,const_get,const_missing,const_set,const_source_location,constants,current,define_method,define_singleton_method,deprecate_constant,display,dup,each_caller_location,enum_for,eql?,equal?,exit,extend,fork,freeze,frozen?,handle_interrupt,hash,ignore_deadlock,ignore_deadlock=,include,include?,included_modules,inspect,instance_eval,instance_exec,instance_method,instance_methods,instance_of?,instance_variable_defined?,instance_variable_get,instance_variable_set,instance_variables,is_a?,itself,kill,kind_of?,list,main,method,method_defined?,methods,module_eval,module_exec,name,new,nil?,object_id,pass,pending_interrupt?,prepend,private_class_method,private_constant,private_instance_methods,private_method_defined?,private_methods,protected_instance_methods,protected_method_defined?,protected_methods,public_class_method,public_constant,public_instance_method,public_instance_methods,public_method,public_method_defined?,public_methods,public_send,refinements,remove_class_variable,remove_instance_variable,remove_method,report_on_exception,report_on_exception=,respond_to?,send,set_temporary_name,singleton_class,singleton_class?,singleton_method,singleton_methods,start,stop,subclasses,superclass,tap,then,to_enum,to_s,undef_method,undefined_instance_methods,yield_self
Thread	P	Array,Complex,Float,Hash,Integer,Pathname,Rational,String,__callee__,__dir__,__method__,`,abort,at_exit,autoload,autoload?,binding,block_given?,caller,caller_locations,catch,eval,exec,exit!,fail,fork,format,gets,global_variables,initialize,initialize_clone,initialize_copy,initialize_dup,instance_variables_to_inspect,iterator?,lambda,load,local_variables,loop,method_missing,open,p,pp,print,printf,proc,putc,puts,rand,readline,readlines,require,require_relative,respond_to_missing?,select,singleton_method_added,singleton_method_removed,singleton_method_undefined,sleep,spawn,sprintf,srand,syscall,system,test,throw,trace_var,trap,untrace_var,warn
Thread::Backtrace	i	
Thread::Backtrace	s	limit
Thread::Backtrace	p	
Thread::Backtrace	c	Location
Thread::Backtrace	I	!,!=,!~,<=>,==,===,__id__,__send__,class,clone,define_singleton_method,display,dup,enum_for,eql?,equal?,extend,freeze,frozen?,hash,inspect,instance_eval,instance_exec,instance_of?,instance_variable_defined?,instance_variable_get,instance_variable_set,instance_variables,is_a?,itself,kind_of?,method,methods,nil?,object_id,private_methods,protected_methods,public_method,public_methods,public_send,remove_instance_variable,respond_to?,send,singleton_class,singleton_method,singleton_methods,tap,then,to_enum,to_s,yield_self
Thread::Backtrace	S	!,!=,!~,<,<=,<=>,==,===,>,>=,__id__,__send__,alias_method,allocate,ancestors,attached_object,attr,attr_accessor,attr_reader,attr_writer,autoload,autoload?,class,class_eval,class_exec,class_variable_defined?,class_variable_get,class_variable_set,class_variables,clone,const_defined?,const_get,const_missing,const_set,const_source_location,constants,define_method,define_singleton_method,deprecate_constant,display,dup,enum_for,eql?,equal?,extend,freeze,frozen?,hash,include,include?,included_modules,inspect,instance_eval,instance_exec,instance_method,instance_methods,instance_of?,instance_variable_defined?,instance_variable_get,instance_variable_set,instance_variables,is_a?,itself,kind_of?,limit,method,method_defined?,methods,module_eval,module_exec,name,nil?,object_id,prepend,private_class_method,private_constant,private_instance_methods,private_method_defined?,private_methods,protected_instance_methods,protected_method_defined?,protected_methods,public_class_method,public_constant,public_instance_method,public_instance_methods,public_method,public_method_defined?,public_methods,public_send,refinements,remove_class_variable,remove_instance_variable,remove_method,respond_to?,send,set_temporary_name,singleton_class,singleton_class?,singleton_method,singleton_methods,subclasses,superclass,tap,then,to_enum,to_s,undef_method,undefined_instance_methods,yield_self
Thread::Backtrace	P	Array,Complex,Float,Hash,Integer,Pathname,Rational,String,__callee__,__dir__,__method__,`,abort,at_exit,autoload,autoload?,binding,block_given?,caller,caller_locations,catch,eval,exec,exit,exit!,fail,fork,format,gets,global_variables,initialize,initialize_clone,initialize_copy,initialize_dup,instance_variables_to_inspect,iterator?,lambda,load,local_variables,loop,method_missing,open,p,pp,print,printf,proc,putc,puts,raise,rand,readline,readlines,require,require_relative,respond_to_missing?,select,set_trace_func,singleton_method_added,singleton_method_removed,singleton_method_undefined,sleep,spawn,sprintf,srand,syscall,system,test,throw,trace_var,trap,untrace_var,warn
Thread::Backtrace::Location	i	absolute_path,base_label,inspect,label,lineno,path,to_s
Thread::Backtrace::Location	s	
Thread::Backtrace::Location	p	
Thread::Backtrace::Location	c	
Thread::Backtrace::Location	I	!,!=,!~,<=>,==,===,__id__,__send__,absolute_path,base_label,class,clone,define_singleton_method,display,dup,enum_for,eql?,equal?,extend,freeze,frozen?,hash,inspect,instance_eval,instance_exec,instance_of?,instance_variable_defined?,instance_variable_get,instance_variable_set,instance_variables,is_a?,itself,kind_of?,label,lineno,method,methods,nil?,object_id,path,private_methods,protected_methods,public_method,public_methods,public_send,remove_instance_variable,respond_to?,send,singleton_class,singleton_method,singleton_methods,tap,then,to_enum,to_s,yield_self
Thread::Backtrace::Location	S	!,!=,!~,<,<=,<=>,==,===,>,>=,__id__,__send__,alias_method,allocate,ancestors,attached_object,attr,attr_accessor,attr_reader,attr_writer,autoload,autoload?,class,class_eval,class_exec,class_variable_defined?,class_variable_get,class_variable_set,class_variables,clone,const_defined?,const_get,const_missing,const_set,const_source_location,constants,define_method,define_singleton_method,deprecate_constant,display,dup,enum_for,eql?,equal?,extend,freeze,frozen?,hash,include,include?,included_modules,inspect,instance_eval,instance_exec,instance_method,instance_methods,instance_of?,instance_variable_defined?,instance_variable_get,instance_variable_set,instance_variables,is_a?,itself,kind_of?,method,method_defined?,methods,module_eval,module_exec,name,nil?,object_id,prepend,private_class_method,private_constant,private_instance_methods,private_method_defined?,private_methods,protected_instance_methods,protected_method_defined?,protected_methods,public_class_method,public_constant,public_instance_method,public_instance_methods,public_method,public_method_defined?,public_methods,public_send,refinements,remove_class_variable,remove_instance_variable,remove_method,respond_to?,send,set_temporary_name,singleton_class,singleton_class?,singleton_method,singleton_methods,subclasses,superclass,tap,then,to_enum,to_s,undef_method,undefined_instance_methods,yield_self
Thread::Backtrace::Location	P	Array,Complex,Float,Hash,Integer,Pathname,Rational,String,__callee__,__dir__,__method__,`,abort,at_exit,autoload,autoload?,binding,block_given?,caller,caller_locations,catch,eval,exec,exit,exit!,fail,fork,format,gets,global_variables,initialize,initialize_clone,initialize_copy,initialize_dup,instance_variables_to_inspect,iterator?,lambda,load,local_variables,loop,method_missing,open,p,pp,print,printf,proc,putc,puts,raise,rand,readline,readlines,require,require_relative,respond_to_missing?,select,set_trace_func,singleton_method_added,singleton_method_removed,singleton_method_undefined,sleep,spawn,sprintf,srand,syscall,system,test,throw,trace_var,trap,untrace_var,warn
Thread::ConditionVariable	i	broadcast,marshal_dump,signal,wait
Thread::ConditionVariable	s	
Thread::ConditionVariable	p	initialize
Thread::ConditionVariable	c	
Thread::ConditionVariable	I	!,!=,!~,<=>,==,===,__id__,__send__,broadcast,class,clone,define_singleton_method,display,dup,enum_for,eql?,equal?,extend,freeze,frozen?,hash,inspect,instance_eval,instance_exec,instance_of?,instance_variable_defined?,instance_variable_get,instance_variable_set,instance_variables,is_a?,itself,kind_of?,marshal_dump,method,methods,nil?,object_id,private_methods,protected_methods,public_method,public_methods,public_send,remove_instance_variable,respond_to?,send,signal,singleton_class,singleton_method,singleton_methods,tap,then,to_enum,to_s,wait,yield_self
Thread::ConditionVariable	S	!,!=,!~,<,<=,<=>,==,===,>,>=,__id__,__send__,alias_method,allocate,ancestors,attached_object,attr,attr_accessor,attr_reader,attr_writer,autoload,autoload?,class,class_eval,class_exec,class_variable_defined?,class_variable_get,class_variable_set,class_variables,clone,const_defined?,const_get,const_missing,const_set,const_source_location,constants,define_method,define_singleton_method,deprecate_constant,display,dup,enum_for,eql?,equal?,extend,freeze,frozen?,hash,include,include?,included_modules,inspect,instance_eval,instance_exec,instance_method,instance_methods,instance_of?,instance_variable_defined?,instance_variable_get,instance_variable_set,instance_variables,is_a?,itself,kind_of?,method,method_defined?,methods,module_eval,module_exec,name,new,nil?,object_id,prepend,private_class_method,private_constant,private_instance_methods,private_method_defined?,private_methods,protected_instance_methods,protected_method_defined?,protected_methods,public_class_method,public_constant,public_instance_method,public_instance_methods,public_method,public_method_defined?,public_methods,public_send,refinements,remove_class_variable,remove_instance_variable,remove_method,respond_to?,send,set_temporary_name,singleton_class,singleton_class?,singleton_method,singleton_methods,subclasses,superclass,tap,then,to_enum,to_s,undef_method,undefined_instance_methods,yield_self
Thread::ConditionVariable	P	Array,Complex,Float,Hash,Integer,Pathname,Rational,String,__callee__,__dir__,__method__,`,abort,at_exit,autoload,autoload?,binding,block_given?,caller,caller_locations,catch,eval,exec,exit,exit!,fail,fork,format,gets,global_variables,initialize,initialize_clone,initialize_dup,instance_variables_to_inspect,iterator?,lambda,load,local_variables,loop,method_missing,open,p,pp,print,printf,proc,putc,puts,raise,rand,readline,readlines,require,require_relative,respond_to_missing?,select,set_trace_func,singleton_method_added,singleton_method_removed,singleton_method_undefined,sleep,spawn,sprintf,srand,syscall,system,test,throw,trace_var,trap,untrace_var,warn
Thread::Mutex	i	lock,locked?,owned?,sleep,synchronize,try_lock,unlock
Thread::Mutex	s	
Thread::Mutex	p	initialize
Thread::Mutex	c	
Thread::Mutex	I	!,!=,!~,<=>,==,===,__id__,__send__,class,clone,define_singleton_method,display,dup,enum_for,eql?,equal?,extend,freeze,frozen?,hash,inspect,instance_eval,instance_exec,instance_of?,instance_variable_defined?,instance_variable_get,instance_variable_set,instance_variables,is_a?,itself,kind_of?,lock,locked?,method,methods,nil?,object_id,owned?,private_methods,protected_methods,public_method,public_methods,public_send,remove_instance_variable,respond_to?,send,singleton_class,singleton_method,singleton_methods,sleep,synchronize,tap,then,to_enum,to_s,try_lock,unlock,yield_self
Thread::Mutex	S	!,!=,!~,<,<=,<=>,==,===,>,>=,__id__,__send__,alias_method,allocate,ancestors,attached_object,attr,attr_accessor,attr_reader,attr_writer,autoload,autoload?,class,class_eval,class_exec,class_variable_defined?,class_variable_get,class_variable_set,class_variables,clone,const_defined?,const_get,const_missing,const_set,const_source_location,constants,define_method,define_singleton_method,deprecate_constant,display,dup,enum_for,eql?,equal?,extend,freeze,frozen?,hash,include,include?,included_modules,inspect,instance_eval,instance_exec,instance_method,instance_methods,instance_of?,instance_variable_defined?,instance_variable_get,instance_variable_set,instance_variables,is_a?,itself,kind_of?,method,method_defined?,methods,module_eval,module_exec,name,new,nil?,object_id,prepend,private_class_method,private_constant,private_instance_methods,private_method_defined?,private_methods,protected_instance_methods,protected_method_defined?,protected_methods,public_class_method,public_constant,public_instance_method,public_instance_methods,public_method,public_method_defined?,public_methods,public_send,refinements,remove_class_variable,remove_instance_variable,remove_method,respond_to?,send,set_temporary_name,singleton_class,singleton_class?,singleton_method,singleton_methods,subclasses,superclass,tap,then,to_enum,to_s,undef_method,undefined_instance_methods,yield_self
Thread::Mutex	P	Array,Complex,Float,Hash,Integer,Pathname,Rational,String,__callee__,__dir__,__method__,`,abort,at_exit,autoload,autoload?,binding,block_given?,caller,caller_locations,catch,eval,exec,exit,exit!,fail,fork,format,gets,global_variables,initialize,initialize_clone,initialize_copy,initialize_dup,instance_variables_to_inspect,iterator?,lambda,load,local_variables,loop,method_missing,open,p,pp,print,printf,proc,putc,puts,raise,rand,readline,readlines,require,require_relative,respond_to_missing?,select,set_trace_func,singleton_method_added,singleton_method_removed,singleton_method_undefined,spawn,sprintf,srand,syscall,system,test,throw,trace_var,trap,untrace_var,warn
Thread::Queue	i	<<,clear,close,closed?,deq,empty?,enq,freeze,length,marshal_dump,num_waiting,pop,push,shift,size
Thread::Queue	s	
Thread::Queue	p	initialize
Thread::Queue	c	
Thread::Queue	I	!,!=,!~,<<,<=>,==,===,__id__,__send__,class,clear,clone,close,closed?,define_singleton_method,deq,display,dup,empty?,enq,enum_for,eql?,equal?,extend,freeze,frozen?,hash,inspect,instance_eval,instance_exec,instance_of?,instance_variable_defined?,instance_variable_get,instance_variable_set,instance_variables,is_a?,itself,kind_of?,length,marshal_dump,method,methods,nil?,num_waiting,object_id,pop,private_methods,protected_methods,public_method,public_methods,public_send,push,remove_instance_variable,respond_to?,send,shift,singleton_class,singleton_method,singleton_methods,size,tap,then,to_enum,to_s,yield_self
Thread::Queue	S	!,!=,!~,<,<=,<=>,==,===,>,>=,__id__,__send__,alias_method,allocate,ancestors,attached_object,attr,attr_accessor,attr_reader,attr_writer,autoload,autoload?,class,class_eval,class_exec,class_variable_defined?,class_variable_get,class_variable_set,class_variables,clone,const_defined?,const_get,const_missing,const_set,const_source_location,constants,define_method,define_singleton_method,deprecate_constant,display,dup,enum_for,eql?,equal?,extend,freeze,frozen?,hash,include,include?,included_modules,inspect,instance_eval,instance_exec,instance_method,instance_methods,instance_of?,instance_variable_defined?,instance_variable_get,instance_variable_set,instance_variables,is_a?,itself,kind_of?,method,method_defined?,methods,module_eval,module_exec,name,new,nil?,object_id,prepend,private_class_method,private_constant,private_instance_methods,private_method_defined?,private_methods,protected_instance_methods,protected_method_defined?,protected_methods,public_class_method,public_constant,public_instance_method,public_instance_methods,public_method,public_method_defined?,public_methods,public_send,refinements,remove_class_variable,remove_instance_variable,remove_method,respond_to?,send,set_temporary_name,singleton_class,singleton_class?,singleton_method,singleton_methods,subclasses,superclass,tap,then,to_enum,to_s,undef_method,undefined_instance_methods,yield_self
Thread::Queue	P	Array,Complex,Float,Hash,Integer,Pathname,Rational,String,__callee__,__dir__,__method__,`,abort,at_exit,autoload,autoload?,binding,block_given?,caller,caller_locations,catch,eval,exec,exit,exit!,fail,fork,format,gets,global_variables,initialize,initialize_clone,initialize_dup,instance_variables_to_inspect,iterator?,lambda,load,local_variables,loop,method_missing,open,p,pp,print,printf,proc,putc,puts,raise,rand,readline,readlines,require,require_relative,respond_to_missing?,select,set_trace_func,singleton_method_added,singleton_method_removed,singleton_method_undefined,sleep,spawn,sprintf,srand,syscall,system,test,throw,trace_var,trap,untrace_var,warn
Thread::SizedQueue	i	<<,clear,close,deq,enq,max,max=,num_waiting,pop,push,shift
Thread::SizedQueue	s	
Thread::SizedQueue	p	initialize
Thread::SizedQueue	c	
Thread::SizedQueue	I	!,!=,!~,<<,<=>,==,===,__id__,__send__,class,clear,clone,close,closed?,define_singleton_method,deq,display,dup,empty?,enq,enum_for,eql?,equal?,extend,freeze,frozen?,hash,inspect,instance_eval,instance_exec,instance_of?,instance_variable_defined?,instance_variable_get,instance_variable_set,instance_variables,is_a?,itself,kind_of?,length,marshal_dump,max,max=,method,methods,nil?,num_waiting,object_id,pop,private_methods,protected_methods,public_method,public_methods,public_send,push,remove_instance_variable,respond_to?,send,shift,singleton_class,singleton_method,singleton_methods,size,tap,then,to_enum,to_s,yield_self
Thread::SizedQueue	S	!,!=,!~,<,<=,<=>,==,===,>,>=,__id__,__send__,alias_method,allocate,ancestors,attached_object,attr,attr_accessor,attr_reader,attr_writer,autoload,autoload?,class,class_eval,class_exec,class_variable_defined?,class_variable_get,class_variable_set,class_variables,clone,const_defined?,const_get,const_missing,const_set,const_source_location,constants,define_method,define_singleton_method,deprecate_constant,display,dup,enum_for,eql?,equal?,extend,freeze,frozen?,hash,include,include?,included_modules,inspect,instance_eval,instance_exec,instance_method,instance_methods,instance_of?,instance_variable_defined?,instance_variable_get,instance_variable_set,instance_variables,is_a?,itself,kind_of?,method,method_defined?,methods,module_eval,module_exec,name,new,nil?,object_id,prepend,private_class_method,private_constant,private_instance_methods,private_method_defined?,private_methods,protected_instance_methods,protected_method_defined?,protected_methods,public_class_method,public_constant,public_instance_method,public_instance_methods,public_method,public_method_defined?,public_methods,public_send,refinements,remove_class_variable,remove_instance_variable,remove_method,respond_to?,send,set_temporary_name,singleton_class,singleton_class?,singleton_method,singleton_methods,subclasses,superclass,tap,then,to_enum,to_s,undef_method,undefined_instance_methods,yield_self
Thread::SizedQueue	P	Array,Complex,Float,Hash,Integer,Pathname,Rational,String,__callee__,__dir__,__method__,`,abort,at_exit,autoload,autoload?,binding,block_given?,caller,caller_locations,catch,eval,exec,exit,exit!,fail,fork,format,gets,global_variables,initialize,initialize_clone,initialize_dup,instance_variables_to_inspect,iterator?,lambda,load,local_variables,loop,method_missing,open,p,pp,print,printf,proc,putc,puts,raise,rand,readline,readlines,require,require_relative,respond_to_missing?,select,set_trace_func,singleton_method_added,singleton_method_removed,singleton_method_undefined,sleep,spawn,sprintf,srand,syscall,system,test,throw,trace_var,trap,untrace_var,warn
ThreadError	i	
ThreadError	s	
ThreadError	p	
ThreadError	c	
ThreadError	I	!,!=,!~,<=>,==,===,__id__,__send__,backtrace,backtrace_locations,cause,class,clone,define_singleton_method,detailed_message,display,dup,enum_for,eql?,equal?,exception,extend,freeze,frozen?,full_message,hash,inspect,instance_eval,instance_exec,instance_of?,instance_variable_defined?,instance_variable_get,instance_variable_set,instance_variables,is_a?,itself,kind_of?,message,method,methods,nil?,object_id,private_methods,protected_methods,public_method,public_methods,public_send,remove_instance_variable,respond_to?,send,set_backtrace,singleton_class,singleton_method,singleton_methods,tap,then,to_enum,to_s,yield_self
ThreadError	S	!,!=,!~,<,<=,<=>,==,===,>,>=,__id__,__send__,alias_method,allocate,ancestors,attached_object,attr,attr_accessor,attr_reader,attr_writer,autoload,autoload?,class,class_eval,class_exec,class_variable_defined?,class_variable_get,class_variable_set,class_variables,clone,const_defined?,const_get,const_missing,const_set,const_source_location,constants,define_method,define_singleton_method,deprecate_constant,display,dup,enum_for,eql?,equal?,exception,extend,freeze,frozen?,hash,include,include?,included_modules,inspect,instance_eval,instance_exec,instance_method,instance_methods,instance_of?,instance_variable_defined?,instance_variable_get,instance_variable_set,instance_variables,is_a?,itself,kind_of?,method,method_defined?,methods,module_eval,module_exec,name,new,nil?,object_id,prepend,private_class_method,private_constant,private_instance_methods,private_method_defined?,private_methods,protected_instance_methods,protected_method_defined?,protected_methods,public_class_method,public_constant,public_instance_method,public_instance_methods,public_method,public_method_defined?,public_methods,public_send,refinements,remove_class_variable,remove_instance_variable,remove_method,respond_to?,send,set_temporary_name,singleton_class,singleton_class?,singleton_method,singleton_methods,subclasses,superclass,tap,then,to_enum,to_s,to_tty?,undef_method,undefined_instance_methods,yield_self
ThreadError	P	Array,Complex,Float,Hash,Integer,Pathname,Rational,String,__callee__,__dir__,__method__,`,abort,at_exit,autoload,autoload?,binding,block_given?,caller,caller_locations,catch,eval,exec,exit,exit!,fail,fork,format,gets,global_variables,initialize,initialize_clone,initialize_copy,initialize_dup,instance_variables_to_inspect,iterator?,lambda,load,local_variables,loop,method_missing,open,p,pp,print,printf,proc,putc,puts,raise,rand,readline,readlines,require,require_relative,respond_to_missing?,select,set_trace_func,singleton_method_added,singleton_method_removed,singleton_method_undefined,sleep,spawn,sprintf,srand,syscall,system,test,throw,trace_var,trap,untrace_var,warn
ThreadGroup	i	add,enclose,enclosed?,list
ThreadGroup	s	
ThreadGroup	p	
ThreadGroup	c	Default
ThreadGroup	I	!,!=,!~,<=>,==,===,__id__,__send__,add,class,clone,define_singleton_method,display,dup,enclose,enclosed?,enum_for,eql?,equal?,extend,freeze,frozen?,hash,inspect,instance_eval,instance_exec,instance_of?,instance_variable_defined?,instance_variable_get,instance_variable_set,instance_variables,is_a?,itself,kind_of?,list,method,methods,nil?,object_id,private_methods,protected_methods,public_method,public_methods,public_send,remove_instance_variable,respond_to?,send,singleton_class,singleton_method,singleton_methods,tap,then,to_enum,to_s,yield_self
ThreadGroup	S	!,!=,!~,<,<=,<=>,==,===,>,>=,__id__,__send__,alias_method,allocate,ancestors,attached_object,attr,attr_accessor,attr_reader,attr_writer,autoload,autoload?,class,class_eval,class_exec,class_variable_defined?,class_variable_get,class_variable_set,class_variables,clone,const_defined?,const_get,const_missing,const_set,const_source_location,constants,define_method,define_singleton_method,deprecate_constant,display,dup,enum_for,eql?,equal?,extend,freeze,frozen?,hash,include,include?,included_modules,inspect,instance_eval,instance_exec,instance_method,instance_methods,instance_of?,instance_variable_defined?,instance_variable_get,instance_variable_set,instance_variables,is_a?,itself,kind_of?,method,method_defined?,methods,module_eval,module_exec,name,new,nil?,object_id,prepend,private_class_method,private_constant,private_instance_methods,private_method_defined?,private_methods,protected_instance_methods,protected_method_defined?,protected_methods,public_class_method,public_constant,public_instance_method,public_instance_methods,public_method,public_method_defined?,public_methods,public_send,refinements,remove_class_variable,remove_instance_variable,remove_method,respond_to?,send,set_temporary_name,singleton_class,singleton_class?,singleton_method,singleton_methods,subclasses,superclass,tap,then,to_enum,to_s,undef_method,undefined_instance_methods,yield_self
ThreadGroup	P	Array,Complex,Float,Hash,Integer,Pathname,Rational,String,__callee__,__dir__,__method__,`,abort,at_exit,autoload,autoload?,binding,block_given?,caller,caller_locations,catch,eval,exec,exit,exit!,fail,fork,format,gets,global_variables,initialize,initialize_clone,initialize_copy,initialize_dup,instance_variables_to_inspect,iterator?,lambda,load,local_variables,loop,method_missing,open,p,pp,print,printf,proc,putc,puts,raise,rand,readline,readlines,require,require_relative,respond_to_missing?,select,set_trace_func,singleton_method_added,singleton_method_removed,singleton_method_undefined,sleep,spawn,sprintf,srand,syscall,system,test,throw,trace_var,trap,untrace_var,warn
Time	i	+,-,<=>,asctime,ceil,ctime,day,deconstruct_keys,dst?,eql?,floor,friday?,getgm,getlocal,getutc,gmt?,gmt_offset,gmtime,gmtoff,hash,hour,inspect,isdst,iso8601,localtime,mday,min,mon,monday?,month,nsec,round,saturday?,sec,strftime,subsec,sunday?,thursday?,to_a,to_f,to_i,to_r,to_s,tuesday?,tv_nsec,tv_sec,tv_usec,usec,utc,utc?,utc_offset,wday,wednesday?,xmlschema,yday,year,zone
Time	s	at,gm,local,mktime,now,utc
Time	p	_dump,initialize,initialize_copy
Time	c	
Time	I	!,!=,!~,+,-,<,<=,<=>,==,===,>,>=,__id__,__send__,asctime,between?,ceil,clamp,class,clone,ctime,day,deconstruct_keys,define_singleton_method,display,dst?,dup,enum_for,eql?,equal?,extend,floor,freeze,friday?,frozen?,getgm,getlocal,getutc,gmt?,gmt_offset,gmtime,gmtoff,hash,hour,inspect,instance_eval,instance_exec,instance_of?,instance_variable_defined?,instance_variable_get,instance_variable_set,instance_variables,is_a?,isdst,iso8601,itself,kind_of?,localtime,mday,method,methods,min,mon,monday?,month,nil?,nsec,object_id,private_methods,protected_methods,public_method,public_methods,public_send,remove_instance_variable,respond_to?,round,saturday?,sec,send,singleton_class,singleton_method,singleton_methods,strftime,subsec,sunday?,tap,then,thursday?,to_a,to_enum,to_f,to_i,to_r,to_s,tuesday?,tv_nsec,tv_sec,tv_usec,usec,utc,utc?,utc_offset,wday,wednesday?,xmlschema,yday,year,yield_self,zone
Time	S	!,!=,!~,<,<=,<=>,==,===,>,>=,__id__,__send__,alias_method,allocate,ancestors,at,attached_object,attr,attr_accessor,attr_reader,attr_writer,autoload,autoload?,class,class_eval,class_exec,class_variable_defined?,class_variable_get,class_variable_set,class_variables,clone,const_defined?,const_get,const_missing,const_set,const_source_location,constants,define_method,define_singleton_method,deprecate_constant,display,dup,enum_for,eql?,equal?,extend,freeze,frozen?,gm,hash,include,include?,included_modules,inspect,instance_eval,instance_exec,instance_method,instance_methods,instance_of?,instance_variable_defined?,instance_variable_get,instance_variable_set,instance_variables,is_a?,itself,kind_of?,local,method,method_defined?,methods,mktime,module_eval,module_exec,name,new,nil?,now,object_id,prepend,private_class_method,private_constant,private_instance_methods,private_method_defined?,private_methods,protected_instance_methods,protected_method_defined?,protected_methods,public_class_method,public_constant,public_instance_method,public_instance_methods,public_method,public_method_defined?,public_methods,public_send,refinements,remove_class_variable,remove_instance_variable,remove_method,respond_to?,send,set_temporary_name,singleton_class,singleton_class?,singleton_method,singleton_methods,subclasses,superclass,tap,then,to_enum,to_s,undef_method,undefined_instance_methods,utc,yield_self
Time	P	Array,Complex,Float,Hash,Integer,Pathname,Rational,String,__callee__,__dir__,__method__,_dump,`,abort,at_exit,autoload,autoload?,binding,block_given?,caller,caller_locations,catch,eval,exec,exit,exit!,fail,fork,format,gets,global_variables,initialize,initialize_clone,initialize_copy,initialize_dup,instance_variables_to_inspect,iterator?,lambda,load,local_variables,loop,method_missing,open,p,pp,print,printf,proc,putc,puts,raise,rand,readline,readlines,require,require_relative,respond_to_missing?,select,set_trace_func,singleton_method_added,singleton_method_removed,singleton_method_undefined,sleep,spawn,sprintf,srand,syscall,system,test,throw,trace_var,trap,untrace_var,warn
TracePoint	i	binding,callee_id,defined_class,disable,enable,enabled?,eval_script,event,inspect,instruction_sequence,lineno,method_id,parameters,path,raised_exception,return_value,self
TracePoint	s	allow_reentry,new,stat,trace
TracePoint	p	
TracePoint	c	
TracePoint	I	!,!=,!~,<=>,==,===,__id__,__send__,binding,callee_id,class,clone,define_singleton_method,defined_class,disable,display,dup,enable,enabled?,enum_for,eql?,equal?,eval_script,event,extend,freeze,frozen?,hash,inspect,instance_eval,instance_exec,instance_of?,instance_variable_defined?,instance_variable_get,instance_variable_set,instance_variables,instruction_sequence,is_a?,itself,kind_of?,lineno,method,method_id,methods,nil?,object_id,parameters,path,private_methods,protected_methods,public_method,public_methods,public_send,raised_exception,remove_instance_variable,respond_to?,return_value,self,send,singleton_class,singleton_method,singleton_methods,tap,then,to_enum,to_s,yield_self
TracePoint	S	!,!=,!~,<,<=,<=>,==,===,>,>=,__id__,__send__,alias_method,allocate,allow_reentry,ancestors,attached_object,attr,attr_accessor,attr_reader,attr_writer,autoload,autoload?,class,class_eval,class_exec,class_variable_defined?,class_variable_get,class_variable_set,class_variables,clone,const_defined?,const_get,const_missing,const_set,const_source_location,constants,define_method,define_singleton_method,deprecate_constant,display,dup,enum_for,eql?,equal?,extend,freeze,frozen?,hash,include,include?,included_modules,inspect,instance_eval,instance_exec,instance_method,instance_methods,instance_of?,instance_variable_defined?,instance_variable_get,instance_variable_set,instance_variables,is_a?,itself,kind_of?,method,method_defined?,methods,module_eval,module_exec,name,new,nil?,object_id,prepend,private_class_method,private_constant,private_instance_methods,private_method_defined?,private_methods,protected_instance_methods,protected_method_defined?,protected_methods,public_class_method,public_constant,public_instance_method,public_instance_methods,public_method,public_method_defined?,public_methods,public_send,refinements,remove_class_variable,remove_instance_variable,remove_method,respond_to?,send,set_temporary_name,singleton_class,singleton_class?,singleton_method,singleton_methods,stat,subclasses,superclass,tap,then,to_enum,to_s,trace,undef_method,undefined_instance_methods,yield_self
TracePoint	P	Array,Complex,Float,Hash,Integer,Pathname,Rational,String,__callee__,__dir__,__method__,`,abort,at_exit,autoload,autoload?,block_given?,caller,caller_locations,catch,eval,exec,exit,exit!,fail,fork,format,gets,global_variables,initialize,initialize_clone,initialize_copy,initialize_dup,instance_variables_to_inspect,iterator?,lambda,load,local_variables,loop,method_missing,open,p,pp,print,printf,proc,putc,puts,raise,rand,readline,readlines,require,require_relative,respond_to_missing?,select,set_trace_func,singleton_method_added,singleton_method_removed,singleton_method_undefined,sleep,spawn,sprintf,srand,syscall,system,test,throw,trace_var,trap,untrace_var,warn
TrueClass	i	&,===,^,inspect,to_s,|
TrueClass	s	
TrueClass	p	
TrueClass	c	
TrueClass	I	!,!=,!~,&,<=>,==,===,^,__id__,__send__,class,clone,define_singleton_method,display,dup,enum_for,eql?,equal?,extend,freeze,frozen?,hash,inspect,instance_eval,instance_exec,instance_of?,instance_variable_defined?,instance_variable_get,instance_variable_set,instance_variables,is_a?,itself,kind_of?,method,methods,nil?,object_id,private_methods,protected_methods,public_method,public_methods,public_send,remove_instance_variable,respond_to?,send,singleton_class,singleton_method,singleton_methods,tap,then,to_enum,to_s,yield_self,|
TrueClass	S	!,!=,!~,<,<=,<=>,==,===,>,>=,__id__,__send__,alias_method,allocate,ancestors,attached_object,attr,attr_accessor,attr_reader,attr_writer,autoload,autoload?,class,class_eval,class_exec,class_variable_defined?,class_variable_get,class_variable_set,class_variables,clone,const_defined?,const_get,const_missing,const_set,const_source_location,constants,define_method,define_singleton_method,deprecate_constant,display,dup,enum_for,eql?,equal?,extend,freeze,frozen?,hash,include,include?,included_modules,inspect,instance_eval,instance_exec,instance_method,instance_methods,instance_of?,instance_variable_defined?,instance_variable_get,instance_variable_set,instance_variables,is_a?,itself,kind_of?,method,method_defined?,methods,module_eval,module_exec,name,nil?,object_id,prepend,private_class_method,private_constant,private_instance_methods,private_method_defined?,private_methods,protected_instance_methods,protected_method_defined?,protected_methods,public_class_method,public_constant,public_instance_method,public_instance_methods,public_method,public_method_defined?,public_methods,public_send,refinements,remove_class_variable,remove_instance_variable,remove_method,respond_to?,send,set_temporary_name,singleton_class,singleton_class?,singleton_method,singleton_methods,subclasses,superclass,tap,then,to_enum,to_s,undef_method,undefined_instance_methods,yield_self
TrueClass	P	Array,Complex,Float,Hash,Integer,Pathname,Rational,String,__callee__,__dir__,__method__,`,abort,at_exit,autoload,autoload?,binding,block_given?,caller,caller_locations,catch,eval,exec,exit,exit!,fail,fork,format,gets,global_variables,initialize,initialize_clone,initialize_copy,initialize_dup,instance_variables_to_inspect,iterator?,lambda,load,local_variables,loop,method_missing,open,p,pp,print,printf,proc,putc,puts,raise,rand,readline,readlines,require,require_relative,respond_to_missing?,select,set_trace_func,singleton_method_added,singleton_method_removed,singleton_method_undefined,sleep,spawn,sprintf,srand,syscall,system,test,throw,trace_var,trap,untrace_var,warn
TypeError	i	
TypeError	s	
TypeError	p	
TypeError	c	
TypeError	I	!,!=,!~,<=>,==,===,__id__,__send__,backtrace,backtrace_locations,cause,class,clone,define_singleton_method,detailed_message,display,dup,enum_for,eql?,equal?,exception,extend,freeze,frozen?,full_message,hash,inspect,instance_eval,instance_exec,instance_of?,instance_variable_defined?,instance_variable_get,instance_variable_set,instance_variables,is_a?,itself,kind_of?,message,method,methods,nil?,object_id,private_methods,protected_methods,public_method,public_methods,public_send,remove_instance_variable,respond_to?,send,set_backtrace,singleton_class,singleton_method,singleton_methods,tap,then,to_enum,to_s,yield_self
TypeError	S	!,!=,!~,<,<=,<=>,==,===,>,>=,__id__,__send__,alias_method,allocate,ancestors,attached_object,attr,attr_accessor,attr_reader,attr_writer,autoload,autoload?,class,class_eval,class_exec,class_variable_defined?,class_variable_get,class_variable_set,class_variables,clone,const_defined?,const_get,const_missing,const_set,const_source_location,constants,define_method,define_singleton_method,deprecate_constant,display,dup,enum_for,eql?,equal?,exception,extend,freeze,frozen?,hash,include,include?,included_modules,inspect,instance_eval,instance_exec,instance_method,instance_methods,instance_of?,instance_variable_defined?,instance_variable_get,instance_variable_set,instance_variables,is_a?,itself,kind_of?,method,method_defined?,methods,module_eval,module_exec,name,new,nil?,object_id,prepend,private_class_method,private_constant,private_instance_methods,private_method_defined?,private_methods,protected_instance_methods,protected_method_defined?,protected_methods,public_class_method,public_constant,public_instance_method,public_instance_methods,public_method,public_method_defined?,public_methods,public_send,refinements,remove_class_variable,remove_instance_variable,remove_method,respond_to?,send,set_temporary_name,singleton_class,singleton_class?,singleton_method,singleton_methods,subclasses,superclass,tap,then,to_enum,to_s,to_tty?,undef_method,undefined_instance_methods,yield_self
TypeError	P	Array,Complex,Float,Hash,Integer,Pathname,Rational,String,__callee__,__dir__,__method__,`,abort,at_exit,autoload,autoload?,binding,block_given?,caller,caller_locations,catch,eval,exec,exit,exit!,fail,fork,format,gets,global_variables,initialize,initialize_clone,initialize_copy,initialize_dup,instance_variables_to_inspect,iterator?,lambda,load,local_variables,loop,method_missing,open,p,pp,print,printf,proc,putc,puts,raise,rand,readline,readlines,require,require_relative,respond_to_missing?,select,set_trace_func,singleton_method_added,singleton_method_removed,singleton_method_undefined,sleep,spawn,sprintf,srand,syscall,system,test,throw,trace_var,trap,untrace_var,warn
UnboundMethod	i	==,arity,bind,bind_call,clone,dup,eql?,hash,inspect,name,original_name,owner,parameters,source_location,super_method,to_s
UnboundMethod	s	
UnboundMethod	p	
UnboundMethod	c	
UnboundMethod	I	!,!=,!~,<=>,==,===,__id__,__send__,arity,bind,bind_call,class,clone,define_singleton_method,display,dup,enum_for,eql?,equal?,extend,freeze,frozen?,hash,inspect,instance_eval,instance_exec,instance_of?,instance_variable_defined?,instance_variable_get,instance_variable_set,instance_variables,is_a?,itself,kind_of?,method,methods,name,nil?,object_id,original_name,owner,parameters,private_methods,protected_methods,public_method,public_methods,public_send,remove_instance_variable,respond_to?,send,singleton_class,singleton_method,singleton_methods,source_location,super_method,tap,then,to_enum,to_s,yield_self
UnboundMethod	S	!,!=,!~,<,<=,<=>,==,===,>,>=,__id__,__send__,alias_method,allocate,ancestors,attached_object,attr,attr_accessor,attr_reader,attr_writer,autoload,autoload?,class,class_eval,class_exec,class_variable_defined?,class_variable_get,class_variable_set,class_variables,clone,const_defined?,const_get,const_missing,const_set,const_source_location,constants,define_method,define_singleton_method,deprecate_constant,display,dup,enum_for,eql?,equal?,extend,freeze,frozen?,hash,include,include?,included_modules,inspect,instance_eval,instance_exec,instance_method,instance_methods,instance_of?,instance_variable_defined?,instance_variable_get,instance_variable_set,instance_variables,is_a?,itself,kind_of?,method,method_defined?,methods,module_eval,module_exec,name,nil?,object_id,prepend,private_class_method,private_constant,private_instance_methods,private_method_defined?,private_methods,protected_instance_methods,protected_method_defined?,protected_methods,public_class_method,public_constant,public_instance_method,public_instance_methods,public_method,public_method_defined?,public_methods,public_send,refinements,remove_class_variable,remove_instance_variable,remove_method,respond_to?,send,set_temporary_name,singleton_class,singleton_class?,singleton_method,singleton_methods,subclasses,superclass,tap,then,to_enum,to_s,undef_method,undefined_instance_methods,yield_self
UnboundMethod	P	Array,Complex,Float,Hash,Integer,Pathname,Rational,String,__callee__,__dir__,__method__,`,abort,at_exit,autoload,autoload?,binding,block_given?,caller,caller_locations,catch,eval,exec,exit,exit!,fail,fork,format,gets,global_variables,initialize,initialize_clone,initialize_copy,initialize_dup,instance_variables_to_inspect,iterator?,lambda,load,local_variables,loop,method_missing,open,p,pp,print,printf,proc,putc,puts,raise,rand,readline,readlines,require,require_relative,respond_to_missing?,select,set_trace_func,singleton_method_added,singleton_method_removed,singleton_method_undefined,sleep,spawn,sprintf,srand,syscall,system,test,throw,trace_var,trap,untrace_var,warn
UncaughtThrowError	i	tag,to_s,value
UncaughtThrowError	s	
UncaughtThrowError	p	initialize
UncaughtThrowError	c	
UncaughtThrowError	I	!,!=,!~,<=>,==,===,__id__,__send__,backtrace,backtrace_locations,cause,class,clone,define_singleton_method,detailed_message,display,dup,enum_for,eql?,equal?,exception,extend,freeze,frozen?,full_message,hash,inspect,instance_eval,instance_exec,instance_of?,instance_variable_defined?,instance_variable_get,instance_variable_set,instance_variables,is_a?,itself,kind_of?,message,method,methods,nil?,object_id,private_methods,protected_methods,public_method,public_methods,public_send,remove_instance_variable,respond_to?,send,set_backtrace,singleton_class,singleton_method,singleton_methods,tag,tap,then,to_enum,to_s,value,yield_self
UncaughtThrowError	S	!,!=,!~,<,<=,<=>,==,===,>,>=,__id__,__send__,alias_method,allocate,ancestors,attached_object,attr,attr_accessor,attr_reader,attr_writer,autoload,autoload?,class,class_eval,class_exec,class_variable_defined?,class_variable_get,class_variable_set,class_variables,clone,const_defined?,const_get,const_missing,const_set,const_source_location,constants,define_method,define_singleton_method,deprecate_constant,display,dup,enum_for,eql?,equal?,exception,extend,freeze,frozen?,hash,include,include?,included_modules,inspect,instance_eval,instance_exec,instance_method,instance_methods,instance_of?,instance_variable_defined?,instance_variable_get,instance_variable_set,instance_variables,is_a?,itself,kind_of?,method,method_defined?,methods,module_eval,module_exec,name,new,nil?,object_id,prepend,private_class_method,private_constant,private_instance_methods,private_method_defined?,private_methods,protected_instance_methods,protected_method_defined?,protected_methods,public_class_method,public_constant,public_instance_method,public_instance_methods,public_method,public_method_defined?,public_methods,public_send,refinements,remove_class_variable,remove_instance_variable,remove_method,respond_to?,send,set_temporary_name,singleton_class,singleton_class?,singleton_method,singleton_methods,subclasses,superclass,tap,then,to_enum,to_s,to_tty?,undef_method,undefined_instance_methods,yield_self
UncaughtThrowError	P	Array,Complex,Float,Hash,Integer,Pathname,Rational,String,__callee__,__dir__,__method__,`,abort,at_exit,autoload,autoload?,binding,block_given?,caller,caller_locations,catch,eval,exec,exit,exit!,fail,fork,format,gets,global_variables,initialize,initialize_clone,initialize_copy,initialize_dup,instance_variables_to_inspect,iterator?,lambda,load,local_variables,loop,method_missing,open,p,pp,print,printf,proc,putc,puts,raise,rand,readline,readlines,require,require_relative,respond_to_missing?,select,set_trace_func,singleton_method_added,singleton_method_removed,singleton_method_undefined,sleep,spawn,sprintf,srand,syscall,system,test,throw,trace_var,trap,untrace_var,warn
UnicodeNormalize	i	
UnicodeNormalize	s	
UnicodeNormalize	p	
UnicodeNormalize	c	
UnicodeNormalize	I	
UnicodeNormalize	S	!,!=,!~,<,<=,<=>,==,===,>,>=,__id__,__send__,alias_method,ancestors,attr,attr_accessor,attr_reader,attr_writer,autoload,autoload?,class,class_eval,class_exec,class_variable_defined?,class_variable_get,class_variable_set,class_variables,clone,const_defined?,const_get,const_missing,const_set,const_source_location,constants,define_method,define_singleton_method,deprecate_constant,display,dup,enum_for,eql?,equal?,extend,freeze,frozen?,hash,include,include?,included_modules,inspect,instance_eval,instance_exec,instance_method,instance_methods,instance_of?,instance_variable_defined?,instance_variable_get,instance_variable_set,instance_variables,is_a?,itself,kind_of?,method,method_defined?,methods,module_eval,module_exec,name,nil?,object_id,prepend,private_class_method,private_constant,private_instance_methods,private_method_defined?,private_methods,protected_instance_methods,protected_method_defined?,protected_methods,public_class_method,public_constant,public_instance_method,public_instance_methods,public_method,public_method_defined?,public_methods,public_send,refinements,remove_class_variable,remove_instance_variable,remove_method,respond_to?,send,set_temporary_name,singleton_class,singleton_class?,singleton_method,singleton_methods,tap,then,to_enum,to_s,undef_method,undefined_instance_methods,yield_self
UnicodeNormalize	P	
Warning	i	warn
Warning	s	[],[]=,categories
Warning	p	
Warning	c	
Warning	I	warn
Warning	S	!,!=,!~,<,<=,<=>,==,===,>,>=,[],[]=,__id__,__send__,alias_method,ancestors,attr,attr_accessor,attr_reader,attr_writer,autoload,autoload?,categories,class,class_eval,class_exec,class_variable_defined?,class_variable_get,class_variable_set,class_variables,clone,const_defined?,const_get,const_missing,const_set,const_source_location,constants,define_method,define_singleton_method,deprecate_constant,display,dup,enum_for,eql?,equal?,extend,freeze,frozen?,hash,include,include?,included_modules,inspect,instance_eval,instance_exec,instance_method,instance_methods,instance_of?,instance_variable_defined?,instance_variable_get,instance_variable_set,instance_variables,is_a?,itself,kind_of?,method,method_defined?,methods,module_eval,module_exec,name,nil?,object_id,prepend,private_class_method,private_constant,private_instance_methods,private_method_defined?,private_methods,protected_instance_methods,protected_method_defined?,protected_methods,public_class_method,public_constant,public_instance_method,public_instance_methods,public_method,public_method_defined?,public_methods,public_send,refinements,remove_class_variable,remove_instance_variable,remove_method,respond_to?,send,set_temporary_name,singleton_class,singleton_class?,singleton_method,singleton_methods,tap,then,to_enum,to_s,undef_method,undefined_instance_methods,warn,yield_self
Warning	P	
ZeroDivisionError	i	
ZeroDivisionError	s	
ZeroDivisionError	p	
ZeroDivisionError	c	
ZeroDivisionError	I	!,!=,!~,<=>,==,===,__id__,__send__,backtrace,backtrace_locations,cause,class,clone,define_singleton_method,detailed_message,display,dup,enum_for,eql?,equal?,exception,extend,freeze,frozen?,full_message,hash,inspect,instance_eval,instance_exec,instance_of?,instance_variable_defined?,instance_variable_get,instance_variable_set,instance_variables,is_a?,itself,kind_of?,message,method,methods,nil?,object_id,private_methods,protected_methods,public_method,public_methods,public_send,remove_instance_variable,respond_to?,send,set_backtrace,singleton_class,singleton_method,singleton_methods,tap,then,to_enum,to_s,yield_self
ZeroDivisionError	S	!,!=,!~,<,<=,<=>,==,===,>,>=,__id__,__send__,alias_method,allocate,ancestors,attached_object,attr,attr_accessor,attr_reader,attr_writer,autoload,autoload?,class,class_eval,class_exec,class_variable_defined?,class_variable_get,class_variable_set,class_variables,clone,const_defined?,const_get,const_missing,const_set,const_source_location,constants,define_method,define_singleton_method,deprecate_constant,display,dup,enum_for,eql?,equal?,exception,extend,freeze,frozen?,hash,include,include?,included_modules,inspect,instance_eval,instance_exec,instance_method,instance_methods,instance_of?,instance_variable_defined?,instance_variable_get,instance_variable_set,instance_variables,is_a?,itself,kind_of?,method,method_defined?,methods,module_eval,module_exec,name,new,nil?,object_id,prepend,private_class_method,private_constant,private_instance_methods,private_method_defined?,private_methods,protected_instance_methods,protected_method_defined?,protected_methods,public_class_method,public_constant,public_instance_method,public_instance_methods,public_method,public_method_defined?,public_methods,public_send,refinements,remove_class_variable,remove_instance_variable,remove_method,respond_to?,send,set_temporary_name,singleton_class,singleton_class?,singleton_method,singleton_methods,subclasses,superclass,tap,then,to_enum,to_s,to_tty?,undef_method,undefined_instance_methods,yield_self
ZeroDivisionError	P	Array,Complex,Float,Hash,Integer,Pathname,Rational,String,__callee__,__dir__,__method__,`,abort,at_exit,autoload,autoload?,binding,block_given?,caller,caller_locations,catch,eval,exec,exit,exit!,fail,fork,format,gets,global_variables,initialize,initialize_clone,initialize_copy,initialize_dup,instance_variables_to_inspect,iterator?,lambda,load,local_variables,loop,method_missing,open,p,pp,print,printf,proc,putc,puts,raise,rand,readline,readlines,require,require_relative,respond_to_missing?,select,set_trace_func,singleton_method_added,singleton_method_removed,singleton_method_undefined,sleep,spawn,sprintf,srand,syscall,system,test,throw,trace_var,trap,untrace_var,warn
